-- Bio Green Wax Sample Data
-- Run this after schema.sql to populate initial data

-- Admin user (password: Admin123!)
-- Password hash is bcrypt of 'Admin123!'

SET SQL_MODE = "NO_AUTO_VALUE_ON_ZERO";
START TRANSACTION;
SET time_zone = "+00:00";


/*!40101 SET @OLD_CHARACTER_SET_CLIENT=@@CHARACTER_SET_CLIENT */;
/*!40101 SET @OLD_CHARACTER_SET_RESULTS=@@CHARACTER_SET_RESULTS */;
/*!40101 SET @OLD_COLLATION_CONNECTION=@@COLLATION_CONNECTION */;
/*!40101 SET NAMES utf8mb4 */;

--
-- Database: `u662768582_bgw`
--

--
-- Dumping data for table `about_us_content`
--

INSERT INTO `about_us_content` (`id`, `section`, `content_key`, `content_value`, `content_type`, `display_order`, `is_active`, `synchronized_data`, `created_at`, `updated_at`) VALUES
('about-001', 'hero', 'title', 'About Bio Green Wax', 'text', 1, 1, 1, '2026-02-05 21:03:49', '2026-02-05 21:03:49'),
('about-002', 'hero', 'subtitle', 'Your trusted UK partner for premium edible oils and industrial waxes, delivering quality and sustainability worldwide.', 'text', 2, 1, 1, '2026-02-05 21:03:49', '2026-02-05 21:03:49'),
('about-003', 'story', 'title', 'Our Story', 'text', 1, 1, 1, '2026-02-05 21:03:49', '2026-02-05 21:03:49'),
('about-004', 'story', 'content', 'Bio Green Wax Ltd was incorporated in July 2024 with a clear vision: to become the UK\'s leading supplier of premium natural oils and industrial waxes. While we are a young company, our foundation is built on decades of combined industry experience from our leadership team.\n\nWe specialize in sourcing, processing, and distributing high-quality edible oils and industrial waxes to businesses across the UK and internationally. From food manufacturing to cosmetics, pharmaceuticals to industrial applications, our products serve a diverse range of industries with exacting standards.\n\nWhat truly sets us apart is our ability to supply RSPO SG (Segregated) certified palm oil and derivatives — a distinction that many established players in the industry have yet to achieve, as they remain reliant on MB (Mass Balance) certification. Our Segregated supply chain ensures that sustainably produced palm oil is kept physically separate throughout the entire process, offering our customers the highest level of traceability and sustainability assurance.\n\nWe are proud to supply Soy Products, Palm Products, and their derivatives that are fully compliant with EUDR (European Union Deforestation Regulation) standards, ensuring that our supply chains are deforestation-free and meet the latest European regulatory requirements.\n\nIn addition, we are able to supply biofuels feedstock products backed by ISCC-EU (International Sustainability and Carbon Certification) certifications, supporting the growing demand for sustainable and renewable energy solutions.\n\nOur commitment to quality, sustainability, and customer service sets us apart in the market. We believe in building long-term partnerships with our clients, understanding their unique requirements, and delivering solutions that exceed expectations.', 'textarea', 2, 1, 1, '2026-02-05 21:03:49', '2026-02-05 21:03:49'),
('about-005', 'mission', 'title', 'Our Mission', 'text', 1, 1, 1, '2026-02-05 21:03:49', '2026-02-05 21:03:49'),
('about-006', 'mission', 'content', 'To be the UK\'s most trusted supplier of quality oils and waxes, delivering exceptional products with outstanding service while maintaining our commitment to sustainability and ethical business practices.', 'textarea', 2, 1, 1, '2026-02-05 21:03:49', '2026-02-05 21:03:49'),
('about-007', 'director_message', 'title', 'A Message from Our Managing Director', 'text', 1, 1, 1, '2026-02-05 21:03:49', '2026-02-05 21:03:49'),
('about-008', 'director_message', 'content', 'Dear Valued Partners and Customers,\n\nThank you for taking the time to learn about Bio Green Wax Ltd. When I founded this company, I had a clear vision: to create a business that combines the highest quality products with exceptional customer service and a genuine commitment to sustainability.\n\nOur team brings decades of experience in the oils and waxes industry, and we have built relationships with trusted suppliers around the world. This enables us to offer you products that meet the most demanding quality standards while remaining competitively priced.\n\nWhat sets us apart is our personal approach. When you work with Bio Green Wax, you work directly with people who understand your industry and care about your success. We take the time to understand your specific requirements and deliver tailored solutions.\n\nI invite you to explore what we can offer your business. Whether you need edible oils for food manufacturing, specialty waxes for cosmetics, or industrial solutions for your operations, we are here to help.\n\nI look forward to the opportunity to serve you.', 'textarea', 2, 1, 1, '2026-02-05 21:03:49', '2026-02-05 21:03:49'),
('about-009', 'director_message', 'signature', 'Hantash Najam', 'text', 3, 1, 1, '2026-02-05 21:03:49', '2026-02-05 21:03:49'),
('about-010', 'director_message', 'signature_title', 'Managing Director, Bio Green Wax Ltd', 'text', 4, 1, 1, '2026-02-05 21:03:49', '2026-02-05 21:03:49'),
('about-011', 'company_info', 'company_number', '15814481', 'text', 1, 1, 1, '2026-02-05 21:03:49', '2026-02-05 21:03:49'),
('about-012', 'company_info', 'incorporated_date', '2 July 2024', 'text', 2, 1, 1, '2026-02-05 21:03:49', '2026-02-05 21:03:49'),
('about-013', 'company_info', 'registered_address', 'Bio Green Wax Ltd, 128 City Road, London, United Kingdom, EC1V 2NX', 'text', 3, 1, 1, '2026-02-05 21:03:49', '2026-02-05 21:03:49'),
('about-014', 'experience', 'title', 'Young Company, Experienced Leadership', 'text', 1, 1, 1, '2026-02-05 21:03:49', '2026-02-05 21:03:49'),
('about-015', 'experience', 'content', 'Although Bio Green Wax Ltd was founded in 2024, our leadership team brings over 25 years of combined experience in the oils and waxes industry. This expertise enables us to navigate complex supply chains, maintain rigorous quality standards, and deliver exceptional value to our customers.', 'textarea', 2, 1, 1, '2026-02-05 21:03:49', '2026-02-05 21:03:49');

--
-- Dumping data for table `about_us_content_ar`
--

INSERT INTO `about_us_content_ar` (`id`, `master_id`, `content_value`, `created_at`, `updated_at`) VALUES
(1, 'about-001', 'حول بيو جرين واكس', '2026-02-08 15:42:43', '2026-02-09 04:04:21'),
(2, 'about-002', 'شريكك الموثوق في المملكة المتحدة للزيوت الغذائية الفاخرة والشموع الصناعية، نوفر الجودة والاستدامة في جميع أنحاء العالم.', '2026-02-08 15:52:06', '2026-02-09 04:04:31'),
(3, 'about-003', 'قصتنا', '2026-02-08 15:53:21', '2026-02-09 04:04:42'),
(4, 'about-004', 'تم تسجيل شركة Bio Green Wax Ltd في يوليو 2024 برؤية واضحة: أن نصبح المزود الرائد في المملكة المتحدة للزيوت الطبيعية الممتازة وشرائح الشمع الصناعية. على الرغم من أننا شركة حديثة العهد، فإن أساسنا مبني على عقود من الخبرة المشتركة في الصناعة من قبل فريق قيادتنا.\n\nنحن متخصصون في مصدر، ومعالجة، وتوزيع الزيوت الصالحة للأكل عالية الجودة وشرائح الشمع الصناعية على الشركات في جميع أنحاء المملكة المتحدة وعلى المستوى الدولي. من تصنيع الأغذية إلى مستحضرات التجميل، الأدوية إلى التطبيقات الصناعية، تخدم منتجاتنا مجموعة متنوعة من الصناعات بمعايير دقيقة.\n\nما يميزنا حقًا هو قدرتنا على تزويد زيت النخيل ومنتجاته المعتمدة طبقًا لـ RSPO SG (Segregated) — وهو تميز لم يحققه العديد من اللاعبين الراسخين في الصناعة بعد، حيث يظلون معتمدين على شهادة MB (Mass Balance). تضمن سلسلة التوريد المنفصلة لدينا أن يتم الاحتفاظ بزيت النخيل المنتَج بشكل مستدام بشكل منفصل أثناء العملية بأكملها، مما يوفر لعملائنا أعلى مستوى من التتبع وضمان الاستدامة.\n\nنحن فخورون بتوريد منتجات الصويا، ومنتجات النخيل، ومشتقاتها، التي تتوافق تمامًا مع معايير EUDR (تنظيم الاتحاد الأوروبي بشأن إزالة الغابات)، مما يضمن أن سلاسل التوريد الخاصة بنا خالية من إزالة الغابات وتلتزم بأحدث اللوائح الأوروبية.\n\nبالإضافة إلى ذلك، يمكننا تزويد منتجات مواد التغذية للوقود الحيوي المدعومة بشهادات ISCC-EU (الشهادة الدولية للاستدامة والكربون)، دعمًا للطلب المتزايد على الحلول المستدامة والمتجددة للطاقة.\n\nالتزامنا بالجودة، والاستدامة، وخدمة العملاء يميزنا في السوق. نؤمن ببناء شراكات طويلة الأمد مع عملائنا، وفهم متطلباتهم الفريدة، وتقديم حلول تتجاوز التوقعات.', '2026-02-08 15:54:24', '2026-02-11 17:18:10'),
(5, 'about-005', 'مهمتنا', '2026-02-08 15:57:03', '2026-02-09 04:05:13'),
(6, 'about-006', 'أن نكون المورد الأكثر ثقة في المملكة المتحدة للزيوت والشموع ذات الجودة العالية، نوفر منتجات استثنائية مع خدمة متميزة مع الحفاظ على التزامنا بالاستدامة والممارسات التجارية الأخلاقية.', '2026-02-08 16:00:40', '2026-02-09 04:05:24'),
(7, 'about-007', 'رسالة من مديرنا العام', '2026-02-08 16:02:09', '2026-02-09 04:05:36'),
(8, 'about-008', 'أعزاءنا الشركاء والعملاء الكرام،\n\nشكرًا لكم على تخصيص الوقت للتعرف على شركة Bio Green Wax Ltd. عندما أسست هذه الشركة، كانت لدي رؤية واضحة: إنشاء عمل يجمع بين أعلى جودة للمنتجات وخدمة عملاء استثنائية والتزام حقيقي بالاستدامة.\n\nيتمتع فريقنا بخبرة تمتد لعدة عقود في صناعة الزيوت والشموع، وقد بنينا علاقات مع موردين موثوقين حول العالم. يتيح لنا ذلك أن نقدم لكم منتجات تلبي أعلى معايير الجودة مع الحفاظ على أسعار تنافسية.\n\nما يميزنا هو نهجنا الشخصي. عندما تتعامل مع Bio Green Wax، فإنك تتواصل مباشرة مع أشخاص يفهمون صناعتك ويهتمون بنجاحك. نحن نخصص الوقت لفهم متطلباتك المحددة ونقدم حلولاً مصممة خصيصًا لك.\n\nأدعوك لاستكشاف ما يمكننا تقديمه لعملك. سواء كنت بحاجة إلى زيوت صالحة للأكل لصناعة الأغذية، أو شموع خاصة لمستحضرات التجميل، أو حلول صناعية لعملياتك، نحن هنا للمساعدة.\n\nأتطلع لفرصة خدمتك.', '2026-02-08 16:24:22', '2026-02-09 04:24:03'),
(9, 'about-009', 'هانتاش نجم', '2026-02-08 16:49:04', '2026-02-09 04:05:47'),
(10, 'about-010', 'مدير عام، شركة بيو جرين واكس المحدودة', '2026-02-08 16:49:52', '2026-02-09 04:05:56'),
(11, 'about-011', '١٥٨١٤٤٨١', '2026-02-08 16:50:42', '2026-02-09 04:06:06'),
(12, 'about-012', '2 يوليو 2024', '2026-02-08 16:51:08', '2026-02-09 04:23:28'),
(13, 'about-013', '128 شارع المدينة، لندن، EC1V 2NX', '2026-02-08 16:51:47', '2026-02-09 04:23:39'),
(14, 'about-014', 'شركة يانغ، قيادة ذات خبرة', '2026-02-08 16:52:42', '2026-02-09 04:23:50'),
(15, 'about-015', 'على الرغم من تأسيس شركة Bio Green Wax Ltd في عام 2024، إلا أن فريق قيادتنا يمتلك أكثر من 25 عاماً من الخبرة المجمعة في صناعة الزيوت والشمع. تتيح لنا هذه الخبرة التنقل في سلاسل التوريد المعقدة، والحفاظ على معايير جودة صارمة، وتقديم قيمة استثنائية لعملائنا.', '2026-02-08 16:53:48', '2026-02-09 04:24:26');

--
-- Dumping data for table `about_us_content_de`
--

INSERT INTO `about_us_content_de` (`id`, `master_id`, `content_value`, `created_at`, `updated_at`) VALUES
(1, 'about-001', 'Über Bio Green Wax', '2026-02-08 15:42:50', '2026-02-09 04:04:23'),
(2, 'about-002', 'Ihr vertrauenswürdiger UK-Partner für hochwertige essbare Öle und Industrie-Wachse, weltweit mit Qualität und Nachhaltigkeit.', '2026-02-08 15:52:20', '2026-02-09 04:04:33'),
(3, 'about-003', 'Unsere Geschichte', '2026-02-08 15:53:25', '2026-02-09 04:04:44'),
(4, 'about-004', 'Bio Green Wax Ltd wurde im Juli 2024 gegründet, mit einer klaren Vision: der führende Anbieter Großbritanniens für Premium-Naturöle und Industrie-Wachse zu werden. Obwohl wir ein junges Unternehmen sind, basiert unser Fundament auf jahrzehntelanger, branchenübergreifender Erfahrung unseres Führungsteams.\n\nWir sind spezialisiert auf die Beschaffung, Verarbeitung und den Vertrieb hochwertiger essbarer Öle und Industrie-Wachse an Unternehmen im gesamten Vereinigten Königreich und international. Vom Lebensmittelhersteller bis hin zu Kosmetika, von Pharma bis zu industriellen Anwendungen – unsere Produkte bedienen eine Vielzahl von Branchen mit anspruchsvollen Standards.\n\nWas uns wirklich unterscheidet, ist unsere Fähigkeit, RSPO SG (Segregated) zertifiziertes Palmöl und Derivate zu liefern — eine Eigenschaft, die viele etablierte Akteure in der Branche noch nicht erreicht haben, da sie weiterhin auf MB (Mass Balance) Zertifizierung angewiesen sind. Unsere segregierte Lieferkette stellt sicher, dass nachhaltig produziertes Palmöl während des gesamten Prozesses physisch getrennt bleibt, und bietet unseren Kunden das höchste Maß an Rückverfolgbarkeit und Nachhaltigkeitsgarantie.\n\nWir sind stolz darauf, Soja-Produkte, Palmprodukte und deren Derivate anzubieten, die vollständig mit den Standards der EUDR (European Union Deforestation Regulation) konform sind, sodass unsere Lieferketten entwaldungsfrei sind und den neuesten europäischen gesetzlichen Anforderungen entsprechen.\n\nZudem können wir Biokraftstoff-Rohstoffe liefern, die durch ISCC-EU (International Sustainability and Carbon Certification) Zertifikate unterstützt werden, um die wachsende Nachfrage nach nachhaltigen und erneuerbaren Energielösungen zu erfüllen.\n\nUnser Engagement für Qualität, Nachhaltigkeit und Kundenservice hebt uns vom Markt ab. Wir setzen auf den Aufbau langfristiger Partnerschaften mit unseren Kunden, verstehen ihre individuellen Anforderungen und liefern Lösungen, die die Erwartungen übertreffen.', '2026-02-08 15:54:57', '2026-02-11 17:18:17'),
(5, 'about-005', 'Unsere Mission', '2026-02-08 15:57:08', '2026-02-09 04:05:15'),
(6, 'about-006', 'Das Ziel ist es, der vertrauenswürdigste Lieferant für hochwertige Öle und Wachse im Vereinigten Königreich zu sein, indem wir außergewöhnliche Produkte mit exzellentem Service liefern und gleichzeitig unser Engagement für Nachhaltigkeit und ethische Geschäftspraktiken aufrechterhalten.', '2026-02-08 16:00:59', '2026-02-09 04:05:28'),
(7, 'about-007', 'Eine Nachricht unseres Geschäftsführers', '2026-02-08 16:02:20', '2026-02-09 04:05:38'),
(8, 'about-008', 'Sehr geehrte Partner und Kunden,\n\nvielen Dank, dass Sie sich die Zeit nehmen, mehr über Bio Green Wax Ltd. zu erfahren. Als ich dieses Unternehmen gründete, hatte ich eine klare Vision: ein Geschäft zu schaffen, das Produkte höchster Qualität mit außergewöhnlichem Kundenservice verbindet und sich auf echtes Engagement für Nachhaltigkeit stützt.\n\nUnser Team bringt jahrzehntelange Erfahrung in der Öl- und Wachswirtschaft mit, und wir haben Partnerschaften mit vertrauenswürdigen Lieferanten auf der ganzen Welt aufgebaut. Dies ermöglicht es uns, Ihnen Produkte anzubieten, die den anspruchsvollsten Qualitätsstandards entsprechen, dabei aber wettbewerbsfähig bleiben.\n\nWas uns unterscheidet, ist unser persönlicher Ansatz. Wenn Sie mit Bio Green Wax zusammenarbeiten, arbeiten Sie direkt mit Menschen, die Ihre Branche verstehen und sich um Ihren Erfolg kümmern. Wir nehmen uns die Zeit, Ihre spezifischen Anforderungen zu erfassen, und liefern maßgeschneiderte Lösungen.\n\nIch lade Sie ein, zu entdecken, was wir für Ihr Unternehmen anbieten können. Ob Sie essbare Öle für die Lebensmittelproduktion, Spezialwachse für Kosmetika oder industrielle Lösungen für Ihre Prozesse benötigen – wir sind für Sie da.\n\nIch freue mich auf die Gelegenheit, Sie bedienen zu dürfen.', '2026-02-08 16:25:14', '2026-02-09 04:24:07'),
(9, 'about-009', 'Hantash Najam', '2026-02-08 16:49:09', '2026-02-09 04:05:48'),
(10, 'about-010', 'Geschäftsführer, Bio Green Wax Ltd', '2026-02-08 16:50:00', '2026-02-09 04:05:58'),
(11, 'about-011', '15814481', '2026-02-08 16:50:46', '2026-02-09 04:06:08'),
(12, 'about-012', '2. Juli 2024', '2026-02-08 16:51:15', '2026-02-09 04:23:31'),
(13, 'about-013', '128 City Road, London, EC1V 2NX', '2026-02-08 16:51:56', '2026-02-09 04:23:41'),
(14, 'about-014', 'Young Company, Erfahrene Geschäftsführung', '2026-02-08 16:52:52', '2026-02-09 04:23:52'),
(15, 'about-015', 'Obwohl Bio Green Wax Ltd im Jahr 2024 gegründet wurde, bringt unser Führungsteam über 25 Jahre.combine Erfahrung in der Öl- und Wachsbranche mit. Dieses Fachwissen ermöglicht es uns, komplexe Lieferketten zu steuern, strenge Qualitätsstandards einzuhalten und unseren Kunden außergewöhnlichen Mehrwert zu bieten.', '2026-02-08 16:54:08', '2026-02-09 04:24:29');

--
-- Dumping data for table `about_us_content_es`
--

INSERT INTO `about_us_content_es` (`id`, `master_id`, `content_value`, `created_at`, `updated_at`) VALUES
(1, 'about-001', 'Acerca de Bio Green Wax', '2026-02-08 15:42:39', '2026-02-09 04:04:20'),
(2, 'about-002', 'Tu socio de confianza en el Reino Unido para aceites comestibles premium y ceras industriales, entregando calidad y sostenibilidad en todo el mundo.', '2026-02-08 15:51:58', '2026-02-09 04:04:29'),
(3, 'about-003', 'Nuestra historia', '2026-02-08 15:53:17', '2026-02-09 04:04:41'),
(4, 'about-004', 'Bio Green Wax Ltd fue constituida en julio de 2024 con una visión clara: convertirse en el principal proveedor de Reino Unido de aceites naturales premium y ceras industriales. Aunque somos una empresa joven, nuestra base se ha construido sobre décadas de experiencia combinada en la industria por parte de nuestro equipo directivo.\n\nNos especializamos en la obtención, procesamiento y distribución de aceites comestibles de alta calidad y ceras industriales a negocios en todo el Reino Unido e internacionalmente. Desde la fabricación de alimentos hasta cosméticos, farmacéuticos y aplicaciones industriales, nuestros productos sirven a una amplia variedad de industrias con estándares rigurosos.\n\nLo que realmente nos distingue es nuestra capacidad para suministrar aceite de palma certificado RSPO SG (Segregado) y sus derivados — una distinción que muchos actores establecidos en la industria aún no han logrado, ya que siguen dependiendo de la certificación MB (Balance en Masa). Nuestra cadena de suministro Segregada garantiza que el aceite de palma producido de manera sostenible se mantenga físicamente separado durante todo el proceso, ofreciendo a nuestros clientes el máximo nivel de trazabilidad y garantía de sostenibilidad.\n\nEstamos orgullosos de suministrar productos de soja, productos de palma y sus derivados que cumplen completamente con las normativas EUDR (Reglamento de Deforestación de la Unión Europea), asegurando que nuestras cadenas de suministro no contribuyen a la deforestación y cumplen con los últimos requisitos regulatorios europeos.\n\nAdemás, podemos suministrar productos de materia prima para biocombustibles respaldados por certificaciones ISCC-EU (Certificación Internacional de Sostenibilidad y Carbono), apoyando la creciente demanda de soluciones energéticas sostenibles y renovables.\n\nNuestro compromiso con la calidad, la sostenibilidad y el servicio al cliente nos diferencia en el mercado. Creemos en construir asociaciones a largo plazo con nuestros clientes, comprendiendo sus requerimientos únicos y entregando soluciones que superen sus expectativas.', '2026-02-08 15:54:03', '2026-02-11 17:18:05'),
(5, 'about-005', 'Nuestra misión', '2026-02-08 15:57:00', '2026-02-09 04:05:12'),
(6, 'about-006', 'Ser el proveedor de confianza número uno del Reino Unido en aceites y ceras de calidad, ofreciendo productos excepcionales con un servicio sobresaliente mientras mantenemos nuestro compromiso con la sostenibilidad y las prácticas comerciales éticas.', '2026-02-08 16:00:29', '2026-02-09 04:05:22'),
(7, 'about-007', 'Un mensaje de nuestro director general', '2026-02-08 16:02:04', '2026-02-09 04:05:35'),
(8, 'about-008', 'Estimados Socios y Clientes Valiosos,\n\nGracias por tomarse el tiempo de conocer Bio Green Wax Ltd. Cuando fundé esta empresa, tenía una visión clara: crear un negocio que combine productos de la más alta calidad con un servicio al cliente excepcional y un compromiso genuino con la sostenibilidad.\n\nNuestro equipo aporta décadas de experiencia en la industria de aceites y ceras, y hemos establecido relaciones con proveedores de confianza en todo el mundo. Esto nos permite ofrecerle productos que cumplen con los estándares de calidad más exigentes, manteniendo precios competitivos.\n\nLo que nos diferencia es nuestro enfoque personalizado. Cuando trabaja con Bio Green Wax, lo hace directamente con personas que entienden su industria y se preocupan por su éxito. Nos tomamos el tiempo para entender sus requisitos específicos y ofrecer soluciones a medida.\n\nLe invito a explorar lo que podemos ofrecer a su negocio. Ya sea que necesite aceites comestibles para fabricación de alimentos, ceras especiales para cosmética o soluciones industriales para sus operaciones, estamos aquí para ayudarle.\n\nEspero con interés la oportunidad de atenderle.', '2026-02-08 16:24:00', '2026-02-09 04:23:59'),
(9, 'about-009', 'Hantash Najam', '2026-02-08 16:48:56', '2026-02-09 04:05:46'),
(10, 'about-010', 'Director General, Bio Green Wax Ltd', '2026-02-08 16:49:45', '2026-02-09 04:05:54'),
(11, 'about-011', '15814481', '2026-02-08 16:50:38', '2026-02-09 04:06:04'),
(12, 'about-012', '2 de julio de 2024', '2026-02-08 16:51:04', '2026-02-09 04:23:27'),
(13, 'about-013', '128 City Road, Londres, EC1V 2NX', '2026-02-08 16:51:40', '2026-02-09 04:23:38'),
(14, 'about-014', 'Young Company, Liderazgo Experimentado', '2026-02-08 16:52:36', '2026-02-09 04:23:49'),
(15, 'about-015', 'Aunque Bio Green Wax Ltd fue fundada en 2024, nuestro equipo de liderazgo cuenta con más de 25 años de experiencia combinada en la industria de los aceites y ceras. Esta experiencia nos permite navegar por cadenas de suministro complejas, mantener rigurosos estándares de calidad y ofrecer un valor excepcional a nuestros clientes.', '2026-02-08 16:53:37', '2026-02-09 04:24:24');

--
-- Dumping data for table `about_us_content_fr`
--

INSERT INTO `about_us_content_fr` (`id`, `master_id`, `content_value`, `created_at`, `updated_at`) VALUES
(1, 'about-001', 'À propos de Bio Green Wax', '2026-02-08 15:42:41', '2026-02-09 04:04:20'),
(2, 'about-002', 'Votre partenaire de confiance au Royaume-Uni pour des huiles comestibles premium et des cires industrielles, offrant qualité et durabilité dans le monde entier.', '2026-02-08 15:52:02', '2026-02-09 04:04:30'),
(3, 'about-003', 'Notre Histoire', '2026-02-08 15:53:19', '2026-02-09 04:04:42'),
(4, 'about-004', 'Bio Green Wax Ltd a été constituée en juillet 2024 avec une vision claire : devenir le principal fournisseur d\'huiles naturelles premium et de cires industrielles au Royaume-Uni. Bien que nous soyons une jeune entreprise, notre fondation repose sur des décennies d\'expérience combinée dans l\'industrie de notre équipe de direction.\n\nNous nous spécialisons dans l\'approvisionnement, le traitement et la distribution d\'huiles comestibles de haute qualité et de cires industrielles aux entreprises du Royaume-Uni et à l\'international. De la fabrication alimentaire à la cosmétique, de la pharmacie aux applications industrielles, nos produits répondent aux normes rigoureuses d\'une large gamme de secteurs.\n\nCe qui nous différencie vraiment, c\'est notre capacité à fournir de l\'huile de Palmiers certifiée RSPO SG (Segregated) et ses dérivés — une distinction que de nombreux acteurs établis du secteur n\'ont pas encore réussi à atteindre, car ils dépendent encore de la certification MB (Mass Balance). Notre chaîne d\'approvisionnement Segregated garantit que l\'huile de palme issue d\'une production durable reste physiquement séparée tout au long du processus, offrant à nos clients le plus haut niveau de traçabilité et d\'assurance en matière de durabilité.\n\nNous sommes fiers de fournir des produits de soja, des produits de palme et leurs dérivés qui sont entièrement conformes aux normes EUDR (European Union Deforestation Regulation), assurant que nos chaînes d\'approvisionnement sont sans déforestation et répondent aux dernières réglementations européennes.\n\nDe plus, nous sommes en mesure de fournir des matières premières pour biocarburants, soutenues par des certifications ISCC-EU (International Sustainability and Carbon Certification), répondant à la demande croissante de solutions énergétiques durables et renouvelables.\n\nNotre engagement envers la qualité, la durabilité et le service client nous distingue sur le marché. Nous croyons en la création de partenariats à long terme avec nos clients, en comprenant leurs besoins spécifiques et en fournissant des solutions qui dépassent leurs attentes.', '2026-02-08 15:54:15', '2026-02-11 17:18:07'),
(5, 'about-005', 'Notre mission', '2026-02-08 15:57:02', '2026-02-09 04:05:13'),
(6, 'about-006', 'Être le fournisseur de confiance numéro un au Royaume-Uni en huiles et cires de qualité, en proposant des produits exceptionnels avec un service remarquable tout en maintenant notre engagement envers la durabilité et les pratiques commerciales éthiques.', '2026-02-08 16:00:34', '2026-02-09 04:05:23'),
(7, 'about-007', 'Un message de notre Directeur Général', '2026-02-08 16:02:06', '2026-02-09 04:05:35'),
(8, 'about-008', 'Chers partenaires et clients appréciés,\n\nMerci de prendre le temps de découvrir Bio Green Wax Ltd. Lorsque j\'ai fondé cette entreprise, j\'avais une vision claire : créer une société qui allie des produits de la plus haute qualité à un service client exceptionnel et un engagement sincère envers la durabilité.\n\nNotre équipe possède des décennies d\'expérience dans l\'industrie des huiles et cires, et nous avons établi des relations avec des fournisseurs de confiance à travers le monde. Cela nous permet de vous offrir des produits qui répondent aux normes de qualité les plus exigeantes tout en restant compétitifs.\n\nCe qui nous distingue, c\'est notre approche personnelle. En travaillant avec Bio Green Wax, vous collaborez directement avec des personnes qui comprennent votre secteur et qui se soucient de votre succès. Nous prenons le temps de comprendre vos besoins spécifiques et proposons des solutions adaptées.\n\nJe vous invite à découvrir ce que nous pouvons offrir à votre entreprise. Que vous ayez besoin d\'huiles comestibles pour la fabrication alimentaire, de cires spécialisées pour la cosmétique ou de solutions industrielles pour vos opérations, nous sommes là pour vous aider.\n\nAu plaisir de pouvoir vous servir.', '2026-02-08 16:24:13', '2026-02-09 04:24:01'),
(9, 'about-009', 'Hantash Najam', '2026-02-08 16:48:57', '2026-02-09 04:05:46'),
(10, 'about-010', 'Directeur général, Bio Green Wax Ltd', '2026-02-08 16:49:48', '2026-02-09 04:05:55'),
(11, 'about-011', '15814481', '2026-02-08 16:50:39', '2026-02-09 04:06:05'),
(12, 'about-012', '2 juillet 2024', '2026-02-08 16:51:06', '2026-02-09 04:23:27'),
(13, 'about-013', '128 City Road, Londres, EC1V 2NX', '2026-02-08 16:51:43', '2026-02-09 04:23:38'),
(14, 'about-014', 'Jeune entreprise, direction expérimentée', '2026-02-08 16:52:39', '2026-02-09 04:23:50'),
(15, 'about-015', 'Bien que Bio Green Wax Ltd ait été fondée en 2024, notre équipe de direction cumule plus de 25 ans d\'expérience dans l\'industrie des huiles et des cires. Cette expertise nous permet de naviguer à travers des chaînes d\'approvisionnement complexes, de maintenir des normes de qualité strictes et de fournir une valeur exceptionnelle à nos clients.', '2026-02-08 16:53:41', '2026-02-09 04:24:25');

--
-- Dumping data for table `about_us_content_it`
--

INSERT INTO `about_us_content_it` (`id`, `master_id`, `content_value`, `created_at`, `updated_at`) VALUES
(1, 'about-001', 'Informazioni su Bio Green Wax', '2026-02-08 15:51:46', '2026-02-09 04:04:27'),
(2, 'about-002', 'Il vostro partner di fiducia nel Regno Unito per oli vegetali di qualità superiore e cere industriali, offrendo eccellenza e sostenibilità in tutto il mondo.', '2026-02-08 15:53:06', '2026-02-09 04:04:39'),
(3, 'about-003', 'La Nostra Storia', '2026-02-08 15:53:39', '2026-02-09 04:04:48'),
(4, 'about-004', 'Bio Green Wax Ltd è stata costituita nel luglio 2024 con una visione chiara: diventare il principale fornitore nel Regno Unito di oli naturali di alta gamma e cere industriali. Pur essendo un\'azienda giovane, la nostra fortezza si basa su decenni di esperienza combinata nel settore della nostra squadra dirigenziale.\n\nSiamo specializzati nella ricerca, lavorazione e distribuzione di oli commestibili di alta qualità e cere industriali a aziende in tutto il Regno Unito e a livello internazionale. Dalla produzione alimentare ai cosmetici, dai prodotti farmaceutici alle applicazioni industriali, i nostri prodotti servono una vasta gamma di settori con standard rigorosi.\n\nCiò che ci distingue realmente è la nostra capacità di fornire olio di palma e derivati certificati RSPO SG (Segregato) — una distinzione che molti attori affermati del settore non hanno ancora raggiunto, poiché continuano a fare affidamento sulla certificazione MB (Mass Balance). La nostra catena di approvvigionamento Segregata garantisce che l\'olio di palma prodotto in modo sostenibile sia mantenuto fisicamente separato durante tutto il processo, offrendo ai nostri clienti il massimo livello di tracciabilità e garanzia di sostenibilità.\n\nSiamo orgogliosi di fornire prodotti a base di Soia, Prodotti di Palma e i loro derivati completamente conformi agli standard EUDR (Regolamento dell\'Unione Europea sulla deforestazione), assicurando che le nostre filiere siano prive di deforestazione e rispettino gli ultimi requisiti normativi europei.\n\nInoltre, siamo in grado di fornire prodotti per biocarburanti supportati da certificazioni ISCC-EU (International Sustainability and Carbon Certification), sostenendo la crescente domanda di soluzioni energetiche sostenibili e rinnovabili.\n\nIl nostro impegno per la qualità, la sostenibilità e il servizio clienti ci distingue nel mercato. Crediamo nella costruzione di partnership a lungo termine con i nostri clienti, comprendendo le loro esigenze uniche e offrendo soluzioni che superano le aspettative.', '2026-02-08 15:56:46', '2026-02-11 17:18:37'),
(5, 'about-005', 'La nostra missione', '2026-02-08 15:57:21', '2026-02-09 04:05:20'),
(6, 'about-006', 'Essere il fornitore di oli e cere di qualità più affidabile del Regno Unito, offrendo prodotti eccezionali con un servizio eccellente, mantenendo al contempo il nostro impegno per la sostenibilità e le pratiche commerciali etiche.', '2026-02-08 16:01:53', '2026-02-09 04:05:33'),
(7, 'about-007', 'Un messaggio del nostro Amministratore Delegato', '2026-02-08 16:02:45', '2026-02-09 04:05:44'),
(8, 'about-008', 'Cari Partners e Clienti Stimati,\n\nGrazie per aver dedicato del tempo a conoscere Bio Green Wax Ltd. Quando ho fondato questa azienda, avevo una visione chiara: creare un\'impresa che combinesse prodotti della più alta qualità con un servizio clienti eccezionale e un autentico impegno per la sostenibilità.\n\nIl nostro team porta decenni di esperienza nel settore degli oli e delle cere, e abbiamo costruito rapporti con fornitori affidabili in tutto il mondo. Ciò ci consente di offrirvi prodotti che rispettano i più elevati standard di qualità, mantenendo prezzi competitivi.\n\nCiò che ci distingue è il nostro approccio personale. Quando lavorate con Bio Green Wax, collaborate direttamente con persone che comprendono il vostro settore e si preoccupano del vostro successo. Dedichiamo tempo a capire le vostre esigenze specifiche e forniamo soluzioni su misura.\n\nVi invito a scoprire cosa possiamo offrire alla vostra attività. Che abbiate bisogno di oli commestibili per la produzione alimentare, cere specializzate per cosmetici o soluzioni industriali per le vostre operazioni, siamo qui per aiutare.\n\nNon vedo l\'ora di avere l\'opportunità di servirvi.', '2026-02-08 16:48:35', '2026-02-09 04:24:20'),
(9, 'about-009', 'Hantash Najam', '2026-02-08 16:49:36', '2026-02-09 04:05:52'),
(10, 'about-010', 'Amministratore Delegato, Bio Green Wax Ltd', '2026-02-08 16:50:27', '2026-02-09 04:06:02'),
(11, 'about-011', '15814481', '2026-02-08 16:50:59', '2026-02-09 04:06:11'),
(12, 'about-012', '2 luglio 2024', '2026-02-08 16:51:32', '2026-02-09 04:23:35'),
(13, 'about-013', '128 City Road, Londra, EC1V 2NX', '2026-02-08 16:52:23', '2026-02-09 04:23:46'),
(14, 'about-014', 'Young Company, Leadership Competente', '2026-02-08 16:53:22', '2026-02-09 04:23:55'),
(15, 'about-015', 'Sebbene Bio Green Wax Ltd sia stata fondata nel 2024, il nostro team di leadership vanta oltre 25 anni di esperienza complessiva nel settore degli oli e delle cere. Questa competenza ci permette di gestire catene di approvvigionamento complesse, mantenere rigorosi standard di qualità e offrire un valore eccezionale ai nostri clienti.', '2026-02-08 16:54:52', '2026-02-09 04:24:37');

--
-- Dumping data for table `about_us_content_ja`
--

INSERT INTO `about_us_content_ja` (`id`, `master_id`, `content_value`, `created_at`, `updated_at`) VALUES
(1, 'about-001', 'Bio Green Waxについて', '2026-02-08 15:42:53', '2026-02-09 04:04:23'),
(2, 'about-002', '高品質な食用油と工業用ワックスの信頼できる英国のパートナーとして、世界中に品質とサステナビリティをお届けします。', '2026-02-08 15:52:26', '2026-02-09 04:04:34'),
(3, 'about-003', '私たちの物語', '2026-02-08 15:53:27', '2026-02-09 04:04:44'),
(4, 'about-004', 'Bio Green Wax Ltdは、2024年7月に設立されました。私たちの明確なビジョンは、英国のプレミアム天然油と工業用ワックスの主要サプライヤーになることです。若い企業ではありますが、当社の礎は、リーダーシップチームの数十年にわたる業界経験に基づいています。\n\n私たちは、高品質な食用油と工業用ワックスの調達、加工、流通を専門とし、英国国内外の企業に供給しています。食品製造から化粧品、医薬品、産業用途まで、多様な業界の厳しい基準に応える製品を提供しています。\n\n私たちの真の強みは、多くの大手企業が未だ実現していないRSPO SG（Segregated）認証のパーム油とその派生製品を供給できることです。私たちのSegregatedサプライチェーンは、サステナブルに生産されたパーム油を全行程で物理的に分離し、顧客に最高レベルのトレーサビリティと持続可能性保証を提供します。\n\nまた、私たちは、EUDR（EU森林破壊規制）基準を完全に遵守した大豆製品、パーム製品、およびその派生品を提供しており、サプライチェーンが違法伐採のない状態で、最新の欧州規制要件を満たしていることを保証します。\n\nさらに、ISCC-EU（International Sustainability and Carbon Certification）認証付きのバイオ燃料原料も供給可能であり、持続可能で再生可能なエネルギーソリューションへの需要に応えています。\n\n私たちの品質、持続可能性、顧客サービスへの取り組みが、市場での差別化要素です。長期的なパートナーシップを築き、お客さまの独自のニーズを理解し、それを超えるソリューションを提供することを信条としています。', '2026-02-08 15:55:10', '2026-02-11 17:18:20'),
(5, 'about-005', '私たちの使命', '2026-02-08 15:57:10', '2026-02-09 04:05:16'),
(6, 'about-006', '品質の高いオイルやワックスの英国内で最も信頼されるサプライヤーとなり、卓越した製品と優れたサービスを提供するとともに、持続可能性と倫理的なビジネス慣行への取り組みを維持します。', '2026-02-08 16:01:09', '2026-02-09 04:05:28'),
(7, 'about-007', '私たちの代表取締役からのメッセージ', '2026-02-08 16:02:24', '2026-02-09 04:05:39'),
(8, 'about-008', '親愛なるパートナー様およびお客様、\n\nこのたびは、Bio Green Wax Ltd.についてご興味を持っていただき、誠にありがとうございます。私がこの会社を設立した際、明確なビジョンを持っていました。それは、最高品質の商品と卓越したカスタマーサービスを融合させ、持続可能性に真剣に取り組むビジネスを作り上げることです。\n\n私たちのチームは、オイルとワックス業界で何十年もの経験を積んでおり、世界各地の信頼できるサプライヤーとの関係を築いています。これにより、最も厳しい品質基準を満たしながらも競争力のある価格で商品を提供することが可能です。\n\n私たちの最大の特徴は、個人的なアプローチにあります。Bio Green Waxとお取引いただく際には、お客様の業界を理解し、成功を願う人々と直接やり取りを行います。お客様の具体的なニーズを理解し、最適なソリューションを提供するために時間をかけています。\n\n私たちが提供できるサービスについてぜひご検討ください。食品製造用の食用油、化粧品用の特殊ワックス、または業務用の産業ソリューションなど、どんなご要望にもお応えいたします。\n\nお客様にお役に立てる機会を心より楽しみにしています。', '2026-02-08 16:25:33', '2026-02-09 04:24:09'),
(9, 'about-009', 'ハンタッシュ・ナジャム', '2026-02-08 16:49:14', '2026-02-09 04:05:49'),
(10, 'about-010', 'バイオグリーンワックス株式会社 マネージングディレクター', '2026-02-08 16:50:06', '2026-02-09 04:05:59'),
(11, 'about-011', '15814481', '2026-02-08 16:50:48', '2026-02-09 04:06:08'),
(12, 'about-012', '2024年7月2日', '2026-02-08 16:51:17', '2026-02-09 04:23:31'),
(13, 'about-013', 'ロンドン市128通り、EC1V 2NX', '2026-02-08 16:52:01', '2026-02-09 04:23:41'),
(14, 'about-014', 'ヤングカンパニー、経験豊富なリーダーシップ', '2026-02-08 16:52:59', '2026-02-09 04:23:52'),
(15, 'about-015', 'Bio Green Wax Ltdは2024年に設立されましたが、私たちのリーダーシップチームは、オイルとワックス業界で合計25年以上の経験を持っています。この専門知識により、複雑なサプライチェーンを管理し、厳格な品質基準を維持し、お客様に卓越した価値を提供することが可能です。', '2026-02-08 16:54:14', '2026-02-09 04:24:30');

--
-- Dumping data for table `about_us_content_ko`
--

INSERT INTO `about_us_content_ko` (`id`, `master_id`, `content_value`, `created_at`, `updated_at`) VALUES
(1, 'about-001', 'Bio Green Wax에 대하여', '2026-02-08 15:51:43', '2026-02-09 04:04:26'),
(2, 'about-002', '전 세계에 품질과 지속 가능성을 제공하는 프리미엄 식용유 및 산업용 왁스의 신뢰받는 영국 파트너입니다.', '2026-02-08 15:52:56', '2026-02-09 04:04:38'),
(3, 'about-003', '우리의 이야기', '2026-02-08 15:53:35', '2026-02-09 04:04:47'),
(4, 'about-004', 'Bio Green Wax Ltd는 2024년 7월에 설립되었으며, 분명한 비전으로 시작했습니다: 영국 최고의 프리미엄 천연 오일과 산업용 왁스 공급업체가 되는 것. 비록 신생 기업이지만, 우리의 토대는 리더십 팀의 수십 년에 걸친 산업 경험에 기반을 두고 있습니다.\n\n우리는 고품질의 먹을 수 있는 오일과 산업용 왁스의 소싱, 가공, 유통을 전문으로 하며, 영국 내외의 기업에 공급하고 있습니다. 식품 제조부터 화장품, 제약 및 산업용 애플리케이션에 이르기까지, 우리의 제품은 높은 기준을 요구하는 다양한 산업군에 서비스를 제공합니다.\n\n우리를 차별화시키는 점은 많은 기존 업체들이 아직 달성하지 못한 RSPO SG(Segregated) 인증 팜오일과 파생품을 공급할 수 있다는 것입니다 — 대부분이 MB(Mass Balance) 인증에 의존하는 가운데, 우리의 Segregated 공급망은 지속가능하게 생산된 팜오일이 전체 과정에서 물리적으로 분리되어 유지됨을 보장하며, 고객에게 최고의 추적 가능성과 지속 가능성 보장을 제공합니다.\n\n또한, 우리는 EUDR(유럽 연합 산림파괴 방지 규정) 표준을 완벽히 준수하는 콩제품, 팜제품 및 그 파생품을 공급하며, 공급망이 산림파괴 없는 상태임을 보증하고 최신 유럽 규제 요구사항을 충족합니다.\n\n더불어, ISCC-EU(국제 지속가능성 및 탄소 인증) 인증이 뒷받침된 바이오연료 원료 공급도 가능하여, 지속 가능하고 재생 가능한 에너지 솔루션에 대한 증가하는 수요를 지원하고 있습니다.\n\n품질, 지속 가능성, 고객 서비스에 대한 우리의 헌신은 시장 내 차별화된 경쟁력을 만들어 냅니다. 우리는 고객과의 장기적 파트너십을 구축하는 것을 믿으며, 그들의 독특한 요구사항을 이해하고 기대를 뛰어넘는 솔루션을 제공하는 것에 최선을 다하고 있습니다.', '2026-02-08 15:56:17', '2026-02-11 17:18:31'),
(5, 'about-005', '우리의 사명', '2026-02-08 15:57:17', '2026-02-09 04:05:18'),
(6, 'about-006', '영국에서 가장 신뢰받는 고품질 오일과 왁스 공급업체가 되어 뛰어난 제품과 탁월한 서비스를 제공하며, 지속 가능성과 윤리적 비즈니스 관행에 대한 우리의 약속을 지켜나가는 것.', '2026-02-08 16:01:41', '2026-02-09 04:05:31'),
(7, 'about-007', '우리 경영이사님의 메시지', '2026-02-08 16:02:38', '2026-02-09 04:05:42'),
(8, 'about-008', '존경하는 파트너 및 고객님께,\n\nBio Green Wax Ltd.를 알아보는 시간을 내어 주셔서 감사합니다. 이 회사를 창립했을 때의 명확한 비전은 최고 품질의 제품과 뛰어난 고객 서비스, 그리고 진정한 지속 가능성에 대한 헌신을 결합하는 비즈니스를 만드는 것이었습니다.\n\n저희 팀은 오일과 왁스 산업에서 수십 년의 경험을 가지고 있으며, 신뢰할 수 있는 공급업체들과 전 세계적으로 관계를 구축해 왔습니다. 이를 통해 최고 수준의 품질 기준을 충족하면서도 경쟁력 있는 가격의 제품을 제공할 수 있습니다.\n\n저희를 차별화시키는 점은 바로 개인적인 접근 방식입니다. Bio Green Wax와 함께 일할 때는 업계에 대한 이해와 성공에 대한 열정을 가진 사람들과 직접 협력하게 됩니다. 고객님의 구체적인 요구 사항을 이해하고 맞춤 솔루션을 제공하는 데 최선을 다합니다.\n\n저희가 제공할 수 있는 서비스가 고객님의 비즈니스에 어떤 도움이 될 수 있을지 함께 알아보시기 바랍니다. 식품 제조를 위한 식용 오일, 화장품용 특수 왁스, 또는 귀하의 산업 운영에 필요한 산업 솔루션이 필요하신 경우 언제든 도와드리겠습니다.\n\n여러분께 서비스를 제공할 기회를 고대하겠습니다.', '2026-02-08 16:48:03', '2026-02-09 04:24:17'),
(9, 'about-009', '한타쉬 나자침', '2026-02-08 16:49:27', '2026-02-09 04:05:51'),
(10, 'about-010', '생명 그린 왁스 주식회사 이사', '2026-02-08 16:50:21', '2026-02-09 04:06:01'),
(11, 'about-011', '15814481', '2026-02-08 16:50:56', '2026-02-09 04:06:10'),
(12, 'about-012', '2024년 7월 2일', '2026-02-08 16:51:26', '2026-02-09 04:23:34'),
(13, 'about-013', '128 City Road, 런던, EC1V 2NX', '2026-02-08 16:52:15', '2026-02-09 04:23:45'),
(14, 'about-014', 'Young Company, Experienced Leadership', '2026-02-08 16:53:13', '2026-02-09 04:23:54'),
(15, 'about-015', 'Bio Green Wax Ltd는 2024년에 설립되었지만, 저희 리더십 팀은 오일과 왁스 산업에서 총 25년 이상 쌓아온 경험을 보유하고 있습니다. 이러한 전문성은 복잡한 공급망을 원활하게 관리하고 엄격한 품질 기준을 유지하며 고객에게 뛰어난 가치를 제공하는 데 큰 도움이 되고 있습니다.', '2026-02-08 16:54:42', '2026-02-09 04:24:34');

--
-- Dumping data for table `about_us_content_pl`
--

INSERT INTO `about_us_content_pl` (`id`, `master_id`, `content_value`, `created_at`, `updated_at`) VALUES
(1, 'about-001', 'O Bio Green Wax', '2026-02-08 15:51:48', '2026-02-09 04:04:28'),
(2, 'about-002', 'Twój zaufany partner w Wielkiej Brytanii w zakresie wysokiej jakości olejów jadalnych i wosków przemysłowych, dostarczający jakość i zrównoważony rozwój na całym świecie.', '2026-02-08 15:53:13', '2026-02-09 04:04:40'),
(3, 'about-003', 'Nasza historia', '2026-02-08 15:53:42', '2026-02-09 04:04:48'),
(4, 'about-004', 'Bio Green Wax Ltd zostało zarejestrowane w lipcu 2024 roku z jasno określoną wizją: stać się wiodącym dostawcą wysokiej jakości naturalnych olejów i wosków przemysłowych w Wielkiej Brytanii. Choć jesteśmy młodą firmą, nasze fundamenty opierają się na dziesięcioleciach wspólnego doświadczenia w branży naszego zespołu zarządzającego.\n\nSpecjalizujemy się w pozyskiwaniu, przetwarzaniu i dystrybucji wysokiej jakości olejów jadalnych oraz wosków przemysłowych dla przedsiębiorstw w całej Wielkiej Brytanii i na arenie międzynarodowej. Od produkcji spożywczej po kosmetyki, farmaceutyki i zastosowania przemysłowe — nasze produkty obsługują różnorodne branże, które stawiają wysokie wymagania.\n\nCo naprawdę nas wyróżnia, to nasza możliwość dostarczania oleju palmowego i jego pochodnych, certyfikowanych według standardu RSPO SG (Segregated) — oznaczenie, które wielu ugruntowanych graczy na rynku jeszcze nie osiągnęło, gdyż wciąż opiera się na certyfikacji MB (Mass Balance). Nasz łańcuch dostaw Segregated zapewnia, że zrównoważenie produkcja oleju palmowego jest utrzymywana w sposób fizycznie odseparowany na wszystkich etapach, oferując naszym klientom najwyższy poziom śledzenia pochodzenia i zapewnienia zrównoważonego rozwoju.\n\nJesteśmy dumni z dostarczania produktów sojowych, palmowych i ich pochodnych, które są w pełni zgodne z normami EUDR (European Union Deforestation Regulation), zapewniając, że nasze łańcuchy dostaw są wolne od wylesiania i spełniają najnowsze unijne wymogi regulacyjne.\n\nPonadto, możemy dostarczać surowce do biopaliw, wspierane certyfikatami ISCC-EU (International Sustainability and Carbon Certification), co odpowiada rosnącemu zapotrzebowaniu na zrównoważone i odnawialne źródła energii.\n\nNasze zaangażowanie w jakość, zrównoważony rozwój i obsługę klienta wyróżnia nas na rynku. Wierzymy w budowanie długoterminowych partnerstw z naszymi klientami, poznanie ich unikalnych potrzeb i dostarczanie rozwiązań, które przewyższają oczekiwania.', '2026-02-08 15:56:56', '2026-02-11 17:18:40'),
(5, 'about-005', 'Nasza Misja', '2026-02-08 16:00:21', '2026-02-09 04:05:20'),
(6, 'about-006', 'Być najbardziej zaufanym dostawcą wysokiej jakości olejów i wosków w Wielkiej Brytanii, dostarczając produkty wyjątkowej jakości i doskonałą obsługę, jednocześnie utrzymując zaangażowanie w zrównoważony rozwój i etyczne praktyki biznesowe.', '2026-02-08 16:01:58', '2026-02-09 04:05:33'),
(7, 'about-007', 'Wiadomość od naszego Dyrektora Zarządzającego', '2026-02-08 16:23:37', '2026-02-09 04:05:44'),
(8, 'about-008', 'Szanowni Partnerzy i Klienci,\n\nDziękujemy za poświęcenie czasu na poznanie firmy Bio Green Wax Ltd. Gdy zakładałem tę firmę, miałem jasno określoną wizję: stworzyć przedsiębiorstwo łączące produkty najwyższej jakości z doskonałą obsługą klienta i autentycznym zaangażowaniem w zrównoważony rozwój.\n\nNasz zespół posiada dziesięciolecia doświadczenia w branży olejów i wosków, a także wybudowaliśmy relacje z zaufanymi dostawcami na całym świecie. Dzięki temu możemy zaoferować produkty spełniające najbardziej wymagające standardy jakości, przy jednoczesnym zachowaniu konkurencyjnych cen.\n\nCo nas wyróżnia, to indywidualne podejście. Współpracując z Bio Green Wax, masz kontakt bezpośrednio z ludźmi, którzy rozumieją Twoją branżę i dbają o Twój sukces. Poświęcamy czas na poznanie Twoich szczególnych wymagań i dostarczamy rozwiązania szyte na miarę.\n\nZapraszam do zapoznania się z naszą ofertą dla Twojego biznesu. Niezależnie od tego, czy potrzebujesz olejów jadalnych do produkcji spożywczej, specjalistycznych wosków do kosmetyków, czy rozwiązań przemysłowych dla Twojej działalności, jesteśmy tu, aby pomóc.\n\nCzekam na możliwość, by móc służyć Państwu pomocą.', '2026-02-08 16:48:50', '2026-02-09 04:24:22'),
(9, 'about-009', 'Hantash Najam', '2026-02-08 16:49:38', '2026-02-09 04:05:53'),
(10, 'about-010', 'Dyrektor Zarządzający, Bio Green Wax Ltd', '2026-02-08 16:50:31', '2026-02-09 04:06:03'),
(11, 'about-011', '15814481', '2026-02-08 16:51:01', '2026-02-09 04:06:12'),
(12, 'about-012', '2 lipca 2024', '2026-02-08 16:51:33', '2026-02-09 04:23:36'),
(13, 'about-013', '128 City Road, Londyn, EC1V 2NX', '2026-02-08 16:52:28', '2026-02-09 04:23:47'),
(14, 'about-014', 'Młoda firma, doświadczone kierownictwo', '2026-02-08 16:53:25', '2026-02-09 04:23:56'),
(15, 'about-015', 'Chociaż Bio Green Wax Ltd zostało założone w 2024 roku, nasz zespół kierowniczy posiada ponad 25 lat łącznego doświadczenia w branży olejów i wosków. Ta wiedza pozwala nam na poruszanie się po złożonych łańcuchach dostaw, utrzymanie rygorystycznych standardów jakości oraz dostarczanie naszym klientom wyjątkowej wartości.', '2026-02-08 16:54:58', '2026-02-09 04:24:38');

--
-- Dumping data for table `about_us_content_pt`
--

INSERT INTO `about_us_content_pt` (`id`, `master_id`, `content_value`, `created_at`, `updated_at`) VALUES
(1, 'about-001', 'Sobre Bio Green Wax', '2026-02-08 15:42:46', '2026-02-09 04:04:22'),
(2, 'about-002', 'Seu parceiro confiável no Reino Unido para óleos comestíveis premium e ceras industriais, oferecendo qualidade e sustentabilidade em todo o mundo.', '2026-02-08 15:52:09', '2026-02-09 04:04:32'),
(3, 'about-003', 'Nossa História', '2026-02-08 15:53:22', '2026-02-09 04:04:43'),
(4, 'about-004', 'A Bio Green Wax Ltd foi fundada em julho de 2024 com uma visão clara: tornar-se o principal fornecedor de óleos naturais premium e ceras industriais no Reino Unido. Apesar de sermos uma empresa jovem, nossa base é construída em décadas de experiência combinada do setor por parte de nossa liderança.\n\nEspecializamo-nos em pesquisar, processar e distribuir óleos comestíveis de alta qualidade e ceras industriais para empresas em todo o Reino Unido e internacionalmente. Desde a fabricação de alimentos até cosméticos, farmacêuticos e aplicações industriais, nossos produtos atendem a uma ampla variedade de indústrias com padrões rigorosos.\n\nO que realmente nos diferencia é nossa capacidade de fornecer óleo de palma e derivados certificados RSPO SG (Segregated) — uma distinção que muitos players estabelecidos no setor ainda não conquistaram, uma vez que permanecem dependentes da certificação MB (Mass Balance). Nossa cadeia de suprimentos Segregated garante que o óleo de palma produzido de forma sustentável seja mantido fisicamente separado durante todo o processo, oferecendo aos nossos clientes o mais alto nível de rastreabilidade e garantia de sustentabilidade.\n\nTemos orgulho de fornecer Produtos de Soja, Produtos de Palma e seus derivados que estão totalmente em conformidade com os padrões EUDR (Regulamento da União Europeia sobre o Desmatamento), garantindo que nossas cadeias de suprimento sejam livres de desmatamento e atendam às últimas exigências regulatórias europeias.\n\nAlém disso, somos capazes de fornecer matérias-primas para biocombustíveis apoiadas pelas certificações ISCC-EU (International Sustainability and Carbon Certification), atendendo à crescente demanda por soluções energéticas sustentáveis e renováveis.\n\nNosso compromisso com qualidade, sustentabilidade e atendimento ao cliente nos diferencia no mercado. Acreditamos em construir parcerias de longo prazo com nossos clientes, entendendo suas necessidades específicas e entregando soluções que excedem expectativas.', '2026-02-08 15:54:38', '2026-02-11 17:18:12'),
(5, 'about-005', 'Nossa Missão', '2026-02-08 15:57:05', '2026-02-09 04:05:14'),
(6, 'about-006', 'Ser o fornecedor de óleos e ceras de maior confiança do Reino Unido, oferecendo produtos excepcionais com um serviço de excelência, ao mesmo tempo em que mantemos nosso compromisso com a sustentabilidade e práticas comerciais éticas.', '2026-02-08 16:00:46', '2026-02-09 04:05:26'),
(7, 'about-007', 'Uma mensagem do nosso Diretor Geral', '2026-02-08 16:02:12', '2026-02-09 04:05:37'),
(8, 'about-008', 'Prezado(a) Parceiro(a) e Cliente Valorizado(a),\n\nAgradecemos por dedicar seu tempo para conhecer a Bio Green Wax Ltd. Quando fundei esta empresa, tinha uma visão clara: criar um negócio que combine produtos da mais alta qualidade com um atendimento excepcional ao cliente e um compromisso genuíno com a sustentabilidade.\n\nNossa equipe traz décadas de experiência na indústria de óleos e cera, e estabelecemos relacionamento com fornecedores confiáveis ao redor do mundo. Isso nos permite oferecer produtos que atendem aos mais exigentes padrões de qualidade, mantendo preços competitivos.\n\nO que nos diferencia é nossa abordagem personalizada. Quando você trabalha com a Bio Green Wax, você trabalha diretamente com pessoas que entendem sua indústria e se importam com o seu sucesso. Reservamos tempo para entender suas necessidades específicas e oferecer soluções sob medida.\n\nConvido você a explorar o que podemos oferecer para o seu negócio. Se você precisa de óleos comestíveis para fabricação de alimentos, ceras especiais para cosméticos ou soluções industriais para suas operações, estamos aqui para ajudar.\n\nAnsioso para a oportunidade de servi-lo(a).', '2026-02-08 16:24:46', '2026-02-09 04:24:04'),
(9, 'about-009', 'Hantash Najam', '2026-02-08 16:49:05', '2026-02-09 04:05:47'),
(10, 'about-010', 'Diretor Geral, Bio Green Wax Ltd', '2026-02-08 16:49:56', '2026-02-09 04:05:56'),
(11, 'about-011', '15814481', '2026-02-08 16:50:44', '2026-02-09 04:06:06'),
(12, 'about-012', '2 de julho de 2024', '2026-02-08 16:51:11', '2026-02-09 04:23:28'),
(13, 'about-013', '128 City Road, Londres, EC1V 2NX', '2026-02-08 16:51:49', '2026-02-09 04:23:40'),
(14, 'about-014', 'Young Company, Liderança Experiente', '2026-02-08 16:52:45', '2026-02-09 04:23:51'),
(15, 'about-015', 'Embora a Bio Green Wax Ltd tenha sido fundada em 2024, nossa equipe de liderança possui mais de 25 anos de experiência combinada na indústria de óleos e ceras. Essa expertise nos permite navegar por cadeias de suprimentos complexas, manter rigorosos padrões de qualidade e oferecer um valor excepcional aos nossos clientes.', '2026-02-08 16:53:54', '2026-02-09 04:24:27');

--
-- Dumping data for table `about_us_content_ru`
--

INSERT INTO `about_us_content_ru` (`id`, `master_id`, `content_value`, `created_at`, `updated_at`) VALUES
(1, 'about-001', 'О Bio Green Wax', '2026-02-08 15:42:49', '2026-02-09 04:04:22'),
(2, 'about-002', 'Ваш надежный партнер из Великобритании по поставкам премиальных съедобных масел и промышленных восков, обеспечивающий качество и устойчивость по всему миру.', '2026-02-08 15:52:15', '2026-02-09 04:04:32'),
(3, 'about-003', 'Наша история', '2026-02-08 15:53:23', '2026-02-09 04:04:44'),
(4, 'about-004', 'Bio Green Wax Ltd была зарегистрирована в июле 2024 года с ясной целью: стать ведущим поставщиком премиальных натуральных масел и промышленных восков в Великобритании. Несмотря на молодость компании, наш фундамент основан на десятилетиях совокупного опыта нашей управленческой команды в отрасли.\n\nМы специализируемся на поиске, переработке и дистрибуции высококачественных пищевых масел и промышленных восков для предприятий по всей Великобритании и за границей. От производства продуктов питания до косметики, фармацевтики и промышленных применений — наши продукты обслуживают широкий спектр отраслей с высокими стандартами.\n\nЧто по-настоящему выделяет нас, — это наша способность поставлять сертифицированный RSPO SG (Segregated) пальмовый маслο и его производные — отличие, которого многие устоявшиеся игроки отрасли еще не достигли, оставаясь при этом зависимыми от сертификации MB (Mass Balance). Наша цепочка поставок Segregated гарантирует, что устойчиво произведенный пальмовый маслο остается физически раздельным на протяжении всего процесса, что обеспечивает наших клиентов высочайшим уровнем прослеживаемости и экологической ответственности.\n\nМы с гордостью поставляем Soy Products, Palm Products и их производные, полностью соответствующие стандартам EUDR (European Union Deforestation Regulation), что гарантирует отсутствие вырубки лесов в наших цепочках поставок и соблюдение последних европейских нормативных требований.\n\nКроме того, мы можем поставлять сырье для биотоплива, подтвержденное сертификатами ISCC-EU (International Sustainability and Carbon Certification), что поддерживает растущий спрос на устойчивые и возобновляемые источники энергии.\n\nНаше стремление к качеству, устойчивости и обслуживанию клиентов отличает нас на рынке. Мы верим в построение долгосрочных партнерств с нашими клиентами, понимание их уникальных требований и предоставление решений, которые превосходят ожидания.', '2026-02-08 15:54:48', '2026-02-11 17:18:15'),
(5, 'about-005', 'Наша миссия', '2026-02-08 15:57:06', '2026-02-09 04:05:15'),
(6, 'about-006', 'Стать самым надежным поставщиком качественных масел и восков в Великобритании, поставляя исключительную продукцию с превосходным обслуживанием, при этом сохраняя нашу приверженность устойчивому развитию и этичной бизнес-практике.', '2026-02-08 16:00:52', '2026-02-09 04:05:26'),
(7, 'about-007', 'Сообщение от нашего управляющего директора', '2026-02-08 16:02:15', '2026-02-09 04:05:38'),
(8, 'about-008', 'Уважаемые партнеры и клиенты,\n\nБлагодарим вас за то, что нашли время ознакомиться с компанией Bio Green Wax Ltd. Когда я основал эту компанию, у меня было четкое видение: создать бизнес, который объединяет продукты высочайшего качества, исключительный уровень обслуживания и искреннюю приверженность устойчивому развитию.\n\nНаша команда обладает десятилетиями опыта в сфере масел и восков, и мы наладили отношения с проверенными поставщиками по всему миру. Это позволяет нам предлагать вам продукцию, которая соответствует самым строгим стандартам качества при при этом оставаясь конкурентоспособной по цене.\n\nЧто выделяет нас, так это наш личный подход. Работая с Bio Green Wax, вы взаимодействуете напрямую с людьми, которые понимают вашу отрасль и заботятся о вашем успехе. Мы уделяем время тому, чтобы понять ваши конкретные требования и предложить индивидуальные решения.\n\nПриглашаю вас ознакомиться с тем, что мы можем предложить вашему бизнесу. Независимо от того, нужны ли вам съедобные масла для пищевой промышленности, специальные воски для косметики или промышленные решения для ваших операций, мы готовы помочь.\n\nС нетерпением жду возможности обслужить вас.', '2026-02-08 16:25:01', '2026-02-09 04:24:06'),
(9, 'about-009', 'Hantash Najam', '2026-02-08 16:49:08', '2026-02-09 04:05:48'),
(10, 'about-010', 'Генеральный директор, Bio Green Wax Ltd', '2026-02-08 16:49:58', '2026-02-09 04:05:57'),
(11, 'about-011', '15814481', '2026-02-08 16:50:45', '2026-02-09 04:06:07'),
(12, 'about-012', '2 июля 2024', '2026-02-08 16:51:13', '2026-02-09 04:23:30'),
(13, 'about-013', '128 City Road, Лондон, EC1V 2NX', '2026-02-08 16:51:52', '2026-02-09 04:23:40'),
(14, 'about-014', 'Молодая компания, опытное руководство', '2026-02-08 16:52:49', '2026-02-09 04:23:51'),
(15, 'about-015', 'Хотя компания Bio Green Wax Ltd была основана в 2024 году, наша команда руководителей обладает более чем 25-летним совокупным опытом в индустрии масел и восков. Этот опыт позволяет нам управлять сложными цепочками поставок, соблюдать строгие стандарты качества и предоставлять нашим клиентам исключительную ценность.', '2026-02-08 16:54:02', '2026-02-09 04:24:28');

--
-- Dumping data for table `about_us_content_sw`
--

INSERT INTO `about_us_content_sw` (`id`, `master_id`, `content_value`, `created_at`, `updated_at`) VALUES
(1, 'about-001', 'Kuhusu Bio Green Wax', '2026-02-08 15:42:55', '2026-02-09 04:04:24'),
(2, 'about-002', 'Mshirika wako wa kuaminika wa Uingereza kwa mafuta ya kuliwa ya ubora wa juu na wax za viwandani, ukileta ubora na uendelevu duniani kote.', '2026-02-08 15:52:37', '2026-02-09 04:04:34'),
(3, 'about-003', 'Hadithi yetu', '2026-02-08 15:53:29', '2026-02-09 04:04:45'),
(4, 'about-004', 'Bio Green Wax Ltd iliundwa mwezi Julai 2024 kwa maono wazi: kuwa wasambazaji mkuu wa mafuta asilia ya hali ya juu na wax ya viwandani nchini Uingereza. Ingawa sisi ni kampuni changa, msingi wetu umejengwa juu ya miongo kadhaa ya uzoefu wa pamoja wa sekta kutoka kwa timu yetu ya uongozi.\n\nTunabobea katika kupata, kusindika, na kusambaza mafuta ya chakula ya ubora wa hali ya juu na wax za viwandani kwa biashara kote Uingereza na kimataifa. Kuanzia utengenezaji wa vyakula hadi cosmetics, dawa, na matumizi ya viwandani, bidhaa zetu zinahudumia sekta mbalimbali kwa viwango vya hali ya juu kabisa.\n\nKinachotutofautisha kweli ni uwezo wetu wa kusambaza <i>RSPO SG (Segregated)</i> certified palm oil na bidhaa zake — tofauti ambayo wasambazaji wengi wa imani wanayo bado hawajafanikiwa, kwani bado wanajiwekea utegemezi wa <i>MB (Mass Balance)</i> certification. Mnyororo wetu wa usambazaji wa Segregated humakikisha kuwa mafuta ya mseto ya palm yanapatikana kwa kuviweka vimwe kwa mchakato wote, na kutoa wateja wetu kiwango cha juu zaidi cha ufuatiliaji na uhakika wa usalama wa mazingira.\n\nTuna fahari kusambaza <i>Soy Products</i>, <i>Palm Products</i>, na bidhaa zake zinazokubaliana kikamilifu na viwango vya <i>EUDR (European Union Deforestation Regulation)</i>, kuhakikisha kuwa mipango yetu ya usambazaji haina kuharibu misitu na inakidhi mahitaji ya sheria za Ulaya za hivi karibuni.\n\nAidha, tunaweza kusambaza bidhaa za malighafi za BIOFUELS zilizothibitishwa na ISCC-EU (International Sustainability and Carbon Certification), zikisaidia katika mahitaji yanayoongezeka kwa njia za nishati endelevu na zinazoweza kurejeshwa.\n\nJuhudi zetu kwa ubora, mazingira, na huduma kwa wateja zinatufanya tuwe tofauti katika soko. Tunaamini kujenga ushirikiano wa muda mrefu na wateja wetu, kuelewa mahitaji yao mahususi, na kuwatangazia suluhisho zinazovuka matarajio.', '2026-02-08 15:55:31', '2026-02-11 17:18:22'),
(5, 'about-005', 'Dhamira Yetu', '2026-02-08 15:57:12', '2026-02-09 04:05:16'),
(6, 'about-006', 'Kuwa msambazaji wa kuaminika zaidi wa mafuta na waxes bora nchini Uingereza, nikileta bidhaa za kipekee pamoja na huduma nzuri wakati wetu ukihakikisha kujali mazingira na maadili ya biashara.', '2026-02-08 16:01:18', '2026-02-09 04:05:29'),
(7, 'about-007', 'Ujumbe kutoka kwa Mkurugenzi Mkuu wetu', '2026-02-08 16:02:26', '2026-02-09 04:05:39'),
(8, 'about-008', 'Wapenzi Washirika Wathamani na Wateja,\n\nAsanteni kwa kuchukua muda kujifunza kuhusu Bio Green Wax Ltd. Nilipoanzisha kampuni hii, nilikuwa na maono wazi: kuunda biashara inayochanganya bidhaa za ubora wa juu na huduma bora kwa wateja na kujitolea kwa dhati kwa uchumi wa kabambe.\n\nTimu yetu inayo uzoefu wa miongo kadhaa katika sekta ya mafuta na wax, na tumejenga uhusiano na wasambazaji wanaoaminika duniani kote. Hii inatuwezesha kukupatia bidhaa zinazokidhi viwango vya ubora vya juu zaidi huku zikikubalika bei.\n\nKitu kinachotutofautisha ni mtazamo wetu wa kipekee. Unapofanya kazi na Bio Green Wax, unafanya kazi moja kwa moja na watu wanaoelewa tasnia yako na kujali mafanikio yako. Tunachukua muda kuelewa mahitaji yako maalum na kutoa suluhisho zilizobuniwa mahususi.\n\nNakualika uangalie yale tunaoweza kutoa kwa biashara yako. Ikiwa unahitaji mafuta ya chakula kwa utengenezaji wa vyakula, wax maalum kwa vipodozi, au suluhisho za viwanda kwa shughuli zako, tuko hapa kusaidia.\n\nNatarajia nafasi ya kukuhudumia.', '2026-02-08 16:25:51', '2026-02-09 04:24:11'),
(9, 'about-009', 'Hantash Najam', '2026-02-08 16:49:16', '2026-02-09 04:05:49'),
(10, 'about-010', 'Mkurugenzi Mtendaji, Bio Green Wax Ltd', '2026-02-08 16:50:08', '2026-02-09 04:05:59'),
(11, 'about-011', '15814481', '2026-02-08 16:50:49', '2026-02-09 04:06:09'),
(12, 'about-012', '2 Julai 2024', '2026-02-08 16:51:19', '2026-02-09 04:23:32'),
(13, 'about-013', '128 City Road, London, EC1V 2NX', '2026-02-08 16:52:04', '2026-02-09 04:23:42'),
(14, 'about-014', 'Kampuni Ndogo, Uongozi Unaébobea', '2026-02-08 16:53:04', '2026-02-09 04:23:53'),
(15, 'about-015', 'Ingawaje Bio Green Wax Ltd ilianzishwa mwaka wa 2024, timu yetu ya uongozi ina zaidi ya miaka 25 ya uzoefu wa pamoja katika sekta ya mafuta na wax. Uzoefu huu unatuwezesha kusafirisha minyororo tata ya usambazaji, kudumisha viwango vya ubora wa hali ya juu, na kutoa thamani ya kipekee kwa wateja wetu.', '2026-02-08 16:54:23', '2026-02-09 04:24:31');

--
-- Dumping data for table `about_us_content_th`
--

INSERT INTO `about_us_content_th` (`id`, `master_id`, `content_value`, `created_at`, `updated_at`) VALUES
(1, 'about-001', 'เกี่ยวกับ Bio Green Wax', '2026-02-08 15:51:44', '2026-02-09 04:04:26'),
(2, 'about-002', 'พันธมิตรที่เชื่อถือได้จากสหราชอาณาจักรของคุณสำหรับน้ำมันบริโภคระดับพรีเมียมและขี้ผึ้งอุตสาหกรรม ส่งมอบคุณภาพและความยั่งยืนทั่วโลก', '2026-02-08 15:53:01', '2026-02-09 04:04:39'),
(3, 'about-003', 'เรื่องราวของเรา', '2026-02-08 15:53:36', '2026-02-09 04:04:47'),
(4, 'about-004', 'บริษัท Bio Green Wax Ltd ก่อตั้งขึ้นในเดือนกรกฎาคม 2024 ด้วยวิสัยทัศน์ที่ชัดเจน: เพื่อกลายเป็นผู้จัดหาน้ำมันธรรมชาติเบื้องต้นและเทียนอุตสาหกรรมชั้นนำของสหราชอาณาจักร ถึงแม้ว่าเราเป็นบริษัทที่เพิ่งก่อตั้ง แต่รากฐานของเราได้รับการสร้างขึ้นจากประสบการณ์ในอุตสาหกรรมรวมกันหลายทศวรรษของทีมผู้นำของเรา\n\nเรามีความเชี่ยวชาญในการหาแหล่งวัตถุดิบ การแปรรูป และการจัดจำหน่ายน้ำมันรับประทานและเทียนอุตสาหกรรมคุณภาพสูง ไปยังธุรกิจต่าง ๆ ทั่วสหราชอาณาจักรและต่างประเทศ ตั้งแต่การผลิตอาหาร ไปจนถึงเครื่องสำอาง ยารักษาโรค ไปจนถึงการใช้งานในอุตสาหกรรม ผลิตภัณฑ์ของเราให้บริการแก่หลากหลายอุตสาหกรรมด้วยมาตรฐานที่เข้มงวด\n\nสิ่งที่ทำให้เราแตกต่างอย่างแท้จริงคือความสามารถในการจัดจำหน่ายน้ำมันปาล์มและสารประกอบที่ได้รับการรับรอง RSPO SG (Segregated) — ซึ่งเป็นความแตกต่างที่ผู้เล่นในอุตสาหกรรมที่มีชื่อเสียงหลายรายยังไม่สามารถบรรลุได้ เนื่องจากพวกเขายังคงพึ่งพาการรับรอง MB (Mass Balance) เท่านั้น ห่วงโซ่อุปทานแบบ Segregated ของเรารับประกันว่าน้ำมันปาล์มที่ผลิตอย่างยั่งยืนจะถูกแยกออกอย่างชัดเจนตลอดทั้งกระบวนการ เพื่อมอบความสามารถในการติดตามและการรับรองความยั่งยืนสูงสุดแก่ลูกค้า\n\nเราเป็นผู้นำเสนอผลิตภัณฑ์จากถั่วเหลือง น้ำมันปาล์ม และสารประกอบต่าง ๆ ที่เป็นไปตามมาตรฐาน EUDR (European Union Deforestation Regulation) อย่างเต็มรูปแบบ เพื่อให้แน่ใจว่าห่วงโซ่อุปทานของเราเป็นไปโดยไม่ทำลายป่าไม้และสอดคล้องกับข้อกำหนดของกฎหมายยุโรปล่าสุด\n\nนอกจากนี้ เรายังสามารถจัดหาเสบียงเชื้อเพลิงชีวภาพที่ได้รับการรับรองโดย ISCC-EU (International Sustainability and Carbon Certification) เพื่อสนับสนุนความต้องการที่เพิ่มขึ้นสำหรับพลังงานที่ยั่งยืนและหมุนเวียน\n\nความมุ่งมั่นของเราต่อคุณภาพ ความยั่งยืน และการบริการลูกค้า ทำให้เราแตกต่างในตลาด เราเชื่อในการสร้างความสัมพันธ์ระยะยาวกับลูกค้า เข้าใจความต้องการเฉพาะของพวกเขา และมอบโซลูชันที่เกินความคาดหมาย', '2026-02-08 15:56:33', '2026-02-11 17:18:34'),
(5, 'about-005', 'พันธกิจของเรา', '2026-02-08 15:57:19', '2026-02-09 04:05:19'),
(6, 'about-006', 'เพื่อเป็นผู้จำหน่ายน้ำมันและข wax ที่น่าเชื่อถือที่สุดในสหราชอาณาจักร ส่งมอบผลิตภัณฑ์คุณภาพเยี่ยม พร้อมบริการที่ยอดเยี่ยม ในขณะเดียวกันก็รักษาความมุ่งมั่นด้านความยั่งยืนและแนวปฏิบัติทางธุรกิจที่มีจริยธรรม', '2026-02-08 16:01:48', '2026-02-09 04:05:32'),
(7, 'about-007', 'ข้อความจากผู้จัดการฝ่ายบริหารของเรา', '2026-02-08 16:02:40', '2026-02-09 04:05:43'),
(8, 'about-008', 'เรียน คู่ค้าและลูกค้าที่เคารพ,\n\nขอขอบคุณที่สละเวลาเรียนรู้เกี่ยวกับ Bio Green Wax Ltd. เมื่อผมก่อตั้งบริษัทนี้ขึ้นมาผมมีวิสัยทัศน์ชัดเจน: เพื่อสร้างธุรกิจที่ผสมผสานผลิตภัณฑ์คุณภาพสูงสุดเข้ากับการบริการลูกค้าที่ยอดเยี่ยมและความมุ่งมั่นอย่างแท้จริงต่อความยั่งยืน\n\nทีมของเรามีประสบการณ์ในอุตสาหกรรมออยล์และแว็กซ์มาหลายทศวรรษ และเราได้สร้างความสัมพันธ์กับซัพพลายเออร์ที่เชื่อถือได้ทั่วโลก ซึ่งช่วยให้เราสามารถนำเสนอผลิตภัณฑ์ที่มีมาตรฐานคุณภาพสูงสุดในขณะที่ยังสามารถรักษาราคาให้แข่งขันได้\n\nสิ่งที่ทำให้เราแตกต่างคือแนวทางส่วนตัวของเรา เมื่อคุณทำงานกับ Bio Green Wax คุณจะได้ทำงานโดยตรงกับผู้เชี่ยวชาญที่เข้าใจในอุตสาหกรรมของคุณและใส่ใจในความสำเร็จของคุณ เราใช้เวลาเพื่อเข้าใจความต้องการเฉพาะของคุณและนำเสนอโซลูชันที่ปรับแต่งให้ตรงใจ\n\nขอเชิญคุณสำรวจสิ่งที่เราสามารถนำเสนอให้กับธุรกิจของคุณ ไม่ว่าคุณจะต้องการน้ำมันรับประทานสำหรับการผลิตอาหาร, แว็กซ์เฉพาะทางสำหรับเครื่องสำอาง หรือโซลูชันทางอุตสาหกรรมสำหรับการดำเนินงานของคุณ เรายินดีที่จะช่วยเหลือ\n\nผมตั้งตารอโอกาสที่จะรับใช้คุณ', '2026-02-08 16:48:20', '2026-02-09 04:24:19'),
(9, 'about-009', 'ฮันตาช นาจาม', '2026-02-08 16:49:35', '2026-02-09 04:05:52'),
(10, 'about-010', 'กรรมการผู้จัดการ, Bio Green Wax Ltd', '2026-02-08 16:50:25', '2026-02-09 04:06:02'),
(11, 'about-011', '15814481', '2026-02-08 16:50:58', '2026-02-09 04:06:11'),
(12, 'about-012', '2 กรกฎาคม 2024', '2026-02-08 16:51:29', '2026-02-09 04:23:35'),
(13, 'about-013', '128 ถนนซิตี้, ลอนดอน, EC1V 2NX', '2026-02-08 16:52:20', '2026-02-09 04:23:46'),
(14, 'about-014', 'บริษัทหย่อง นักนำที่มีประสบการณ์', '2026-02-08 16:53:17', '2026-02-09 04:23:55'),
(15, 'about-015', 'แม้ว่าบริษัท Bio Green Wax Ltd ก่อตั้งขึ้นในปี 2024 ทีมผู้นำของเรามีประสบการณ์รวมกันมากกว่า 25 ปีในอุตสาหกรรมน้ำมันและข wax สารนี้ช่วยให้เราสามารถนำทางซับซ้อนซ่อนเงื่อนในห่วงโซ่อุปทาน รักษาระดับมาตรฐานคุณภาพที่เข้มงวด และมอบคุณค่าที่ยอดเยี่ยมให้แก่ลูกค้าของเรา', '2026-02-08 16:54:48', '2026-02-09 04:24:35');

--
-- Dumping data for table `about_us_content_tr`
--

INSERT INTO `about_us_content_tr` (`id`, `master_id`, `content_value`, `created_at`, `updated_at`) VALUES
(1, 'about-001', 'Bio Green Wax Hakkında', '2026-02-08 15:42:58', '2026-02-09 04:04:25'),
(2, 'about-002', 'İngiltere\'deki güvendiğiniz ortaklarınız olan, premium yenilebilir yağlar ve endüstriyel mumlar konusunda kalite ve sürdürülebilirliği dünya genelinde sunan partneriniz.', '2026-02-08 15:52:44', '2026-02-09 04:04:36'),
(3, 'about-003', 'Hikâyemiz', '2026-02-08 15:53:31', '2026-02-09 04:04:45'),
(4, 'about-004', 'Bio Green Wax Ltd, Temmuz 2024\'te kuruldu ve net bir vizyonla hareket ediyor: Birleşik Krallık\'ın en lider tedarikçisi olmak, premium doğal yağlar ve endüstriyel waxlar alanında. Henüz genç bir şirket olmamıza rağmen, kurucularımızın sektör deneyimlerinden oluşan onlarca yıllık bilgi birikimiyle sağlam bir temel üzerine inşa edilmiştir.\n\nBirçok sektör için yüksek kaliteli yenilebilir yağlar ve endüstriyel waxlar tedarikinde, işlemede ve dağıtımda uzmanız; Birleşik Krallık ve uluslararası çapta faaliyet gösteriyoruz. Gıda üretiminden kozmetiğe, ilaç sektöründen endüstriyel uygulamalara kadar, ürünlerimiz yüksek standartlara sahip çeşitli sektörlere hizmet vermektedir.\n\nGerçek farkımız, RSPO SG (Segregated) sertifikalı palmiye yağı ve türevlerini tedarik edebilme kabiliyetimizdir — bu, birçok köklü sektör oyuncusunun henüz ulaşamadığı bir başarıdır; çünkü onlar hâlâ MB (Mass Balance) sertifikasına bağımlıdır. Segregated tedarik zincirimiz, sürdürülebilir şekilde üretilmiş palmiye yağının tüm süreç boyunca fiziksel olarak ayrı tutulmasını sağlar, müşterilerimize en yüksek izlenebilirlik ve sürdürülebilirlik garantisini sunar.\n\nAyrıca, EUDR (European Union Deforestation Regulation) standartlarına tamamen uyumlu Soy Products, Palm Products ve türevlerini tedarik edebiliyoruz, böylece tedarik zincirlerimizin ormansızlaştırma işlemine karşı korunduğunu ve en güncel Avrupa düzenleyici gereklilikleri karşıladığını garanti ediyoruz.\n\nBunun yanı sıra, ISCC-EU (International Sustainability and Carbon Certification) sertifikalarıyla desteklenen biyoyakıt hammadde ürünleri de tedarik edebilme yeteneğine sahibiz; bu, sürdürülebilir ve yenilenebilir enerji çözümlerine olan artan talebi desteklemektedir.\n\nKalite, sürdürülebilirlik ve müşteri memnuniyetine olan bağlılığımız, sektörümüzde bizi öne çıkarıyor. Müşterilerimizle uzun vadeli ortaklıklar kurmaya, onların benzersiz ihtiyaçlarını anlamaya ve beklentilerin ötesinde çözümler sunmaya inanıyoruz.', '2026-02-08 15:55:45', '2026-02-11 17:18:25'),
(5, 'about-005', 'Görevimiz', '2026-02-08 15:57:14', '2026-02-09 04:05:17'),
(6, 'about-006', 'Birleşik Krallık\'ın en güvenilir kaliteli yağlar ve mumlar tedarikçisi olmak, üstün ürünler ve mükemmel hizmet sunmak, sürdürülebilirlik ve etik iş uygulamalarına olan bağlılığımızı koruyarak.', '2026-02-08 16:01:27', '2026-02-09 04:05:30'),
(7, 'about-007', 'Yönetim Kurulu Başkanımızdan Bir Mesaj', '2026-02-08 16:02:29', '2026-02-09 04:05:40'),
(8, 'about-008', 'Değerli İş Ortaklarımız ve Müşterilerimiz,\n\nBio Green Wax Ltd. hakkında bilgi edinmek için zaman ayırdığınız için teşekkür ederiz. Bu şirketi kurduğumda, yüksek kaliteli ürünleri üstün müşteri hizmetleriyle ve sürdürülebilirliğe gerçek anlamda bağlılıkla birleştiren bir işletme yaratma vizyonum vardı.\n\nEkibimiz, yağlar ve mumlar endüstrisinde onlarca yıllık tecrübeye sahiptir ve dünya çapında güvenilir tedarikçilerle ilişkiler kurduk. Bu da size en zorlu kalite standartlarını karşılayan ve rekabetçi fiyatlarla sunulabilecek ürünler almamıza imkan tanır.\n\nBizim bizi diğerlerinden ayıran özelliğimiz kişisel yaklaşımımızdır. Bio Green Wax ile çalıştığınızda, sektörünüzü anlayan ve başarınızla ilgilenen kişilerle doğrudan iletişim kurarsınız. Spesifik ihtiyaçlarınızı anlamak için zaman ayırıyor ve size özel çözümler sunuyoruz.\n\nİşiniz için neler sağlayabileceğimizi keşfetmeniz için sizi davet ediyorum. Gıda üretimi için yenilebilir yağlar, kozmetik için özel mumlar ya da operasyonlarınız için endüstriyel çözümler gerekse de, yardım etmeye hazırız.\n\nSize hizmet verme fırsatını dört gözle bekliyorum.', '2026-02-08 16:47:30', '2026-02-09 04:24:13'),
(9, 'about-009', 'Hantash Najam', '2026-02-08 16:49:17', '2026-02-09 04:05:50'),
(10, 'about-010', 'Yönetici Direktör, Bio Green Wax Ltd', '2026-02-08 16:50:12', '2026-02-09 04:06:00'),
(11, 'about-011', '15814481', '2026-02-08 16:50:51', '2026-02-09 04:06:09'),
(12, 'about-012', '2 Temmuz 2024', '2026-02-08 16:51:21', '2026-02-09 04:23:33'),
(13, 'about-013', '128 City Road, Londra, EC1V 2NX', '2026-02-08 16:52:06', '2026-02-09 04:23:43'),
(14, 'about-014', 'Genç Firma, Deneyimli Liderlik', '2026-02-08 16:53:07', '2026-02-09 04:23:53'),
(15, 'about-015', 'Bio Green Wax Ltd 2024 yılında kurulmuş olsa da, liderlik ekibimiz yağlar ve balmumu sektöründe toplam 25 yılı aşkın deneyime sahiptir. Bu uzmanlık, karmaşık tedarik zincirlerini yönetmemize, katı kalite standartlarını korumamıza ve müşterilerimize üstün değer sunmamıza olanak tanımaktadır.', '2026-02-08 16:54:30', '2026-02-09 04:24:32');

--
-- Dumping data for table `about_us_content_vi`
--

INSERT INTO `about_us_content_vi` (`id`, `master_id`, `content_value`, `created_at`, `updated_at`) VALUES
(1, 'about-001', 'Về Bio Green Wax', '2026-02-08 15:43:00', '2026-02-09 04:04:25'),
(2, 'about-002', 'Đối tác đáng tin cậy của UK của bạn về các loại dầu ăn cao cấp và sáp công nghiệp, mang lại chất lượng và tính bền vững toàn cầu.', '2026-02-08 15:52:51', '2026-02-09 04:04:37'),
(3, 'about-003', 'Câu chuyện của chúng tôi', '2026-02-08 15:53:33', '2026-02-09 04:04:46'),
(4, 'about-004', 'Bio Green Wax Ltd được thành lập vào tháng 7 năm 2024 với một tầm nhìn rõ ràng: trở thành nhà cung cấp hàng đầu của Vương quốc Anh về dầu tự nhiên cao cấp và sáp công nghiệp. Mặc dù chúng tôi còn trẻ, nhưng nền tảng của chúng tôi dựa trên nhiều thập kỷ kinh nghiệm chung của đội ngũ lãnh đạo trong ngành.\n\nChúng tôi chuyên về việc thu mua, xử lý và phân phối các loại dầu ăn và sáp công nghiệp chất lượng cao tới các doanh nghiệp trên toàn UK và quốc tế. Từ sản xuất thực phẩm đến mỹ phẩm, dược phẩm đến ứng dụng công nghiệp, các sản phẩm của chúng tôi phục vụ một loạt các ngành công nghiệp với tiêu chuẩn khắt khe.\n\nĐiều thực sự tạo nên sự khác biệt cho chúng tôi là khả năng cung cấp dầu cọ và các hợp chất của nó đạt chứng chỉ RSPO SG (Segregated) — một đặc điểm mà nhiều doanh nghiệp lớn trong ngành vẫn chưa đạt được, khi họ vẫn còn phụ thuộc vào chứng chỉ MB (Mass Balance). Chuỗi cung ứng Segregated của chúng tôi đảm bảo rằng dầu cọ được sản xuất bền vững được giữ riêng biệt trong suốt quá trình, mang lại cho khách hàng mức độ truy xuất nguồn gốc và cam kết bền vững cao nhất.\n\nChúng tôi tự hào cung cấp các sản phẩm đậu nành, sản phẩm cọ và các hợp chất của chúng phù hợp hoàn toàn với các tiêu chuẩn EUDR (Regulation về Phá rừng của Liên minh châu Âu), đảm bảo chuỗi cung ứng của chúng tôi không gây phá rừng và đáp ứng các yêu cầu pháp lý mới nhất của châu Âu.\n\nNgoài ra, chúng tôi còn có khả năng cung cấp nguyên liệu nhiên liệu sinh học được chứng nhận bởi ISCC-EU (Chứng nhận Bền vững và Lượng khí Cacbon Quốc tế), hỗ trợ nhu cầu ngày càng tăng về các giải pháp năng lượng bền vững và tái tạo.\n\nCam kết của chúng tôi đối với chất lượng, tính bền vững và dịch vụ khách hàng giúp chúng tôi nổi bật trên thị trường. Chúng tôi tin tưởng vào việc xây dựng các mối quan hệ đối tác lâu dài với khách hàng, hiểu rõ các yêu cầu riêng biệt của họ và cung cấp các giải pháp vượt mong đợi.', '2026-02-08 15:56:00', '2026-02-11 17:18:28'),
(5, 'about-005', 'Sứ Mệnh của Chúng Tôi', '2026-02-08 15:57:15', '2026-02-09 04:05:17'),
(6, 'about-006', 'Trở thành nhà cung cấp dầu và sáp được tin cậy nhất của Vương quốc Anh, cung cấp những sản phẩm chất lượng cao cùng dịch vụ tuyệt vời, đồng thời giữ vững cam kết về sự bền vững và các thực hành kinh doanh đạo đức.', '2026-02-08 16:01:32', '2026-02-09 04:05:30'),
(7, 'about-007', 'Thông điệp từ Giám đốc điều hành của chúng tôi', '2026-02-08 16:02:33', '2026-02-09 04:05:41'),
(8, 'about-008', 'Kính gửi Quý Đối tác và Khách hàng quý giá,\n\nCảm ơn Quý vị đã dành thời gian tìm hiểu về Công ty Bio Green Wax Ltd. Khi tôi thành lập công ty này, tôi đã có một tầm nhìn rõ ràng: xây dựng một doanh nghiệp kết hợp các sản phẩm chất lượng cao nhất với dịch vụ khách hàng xuất sắc và cam kết chân thành về phát triển bền vững.\n\nĐội ngũ của chúng tôi có nhiều thập kỷ kinh nghiệm trong ngành công nghiệp dầu và sáp, và chúng tôi đã xây dựng mối quan hệ với các nhà cung cấp đáng tin cậy trên toàn thế giới. Điều này giúp chúng tôi có thể cung cấp cho Quý vị những sản phẩm đáp ứng tiêu chuẩn chất lượng cao nhất trong khi vẫn giữ mức giá cạnh tranh.\n\nĐiều làm chúng tôi khác biệt chính là cách tiếp cận cá nhân. Khi làm việc với Bio Green Wax, Quý vị sẽ làm việc trực tiếp với những người hiểu rõ ngành của Quý vị và quan tâm đến sự thành công của Quý vị. Chúng tôi dành thời gian để hiểu rõ các yêu cầu cụ thể của Quý vị và cung cấp các giải pháp tùy chỉnh phù hợp.\n\nTôi mời Quý vị khám phá những gì chúng tôi có thể mang lại cho doanh nghiệp của Quý vị. Dù Quý vị cần dầu ăn cho sản xuất thực phẩm, sáp đặc biệt cho mỹ phẩm, hay các giải pháp công nghiệp cho hoạt động của mình, chúng tôi đều sẵn sàng hỗ trợ.\n\nTôi mong đợi có cơ hội phục vụ Quý vị.', '2026-02-08 16:47:47', '2026-02-09 04:24:15'),
(9, 'about-009', 'Hantash Najam', '2026-02-08 16:49:19', '2026-02-09 04:05:50'),
(10, 'about-010', 'Giám đốc điều hành, Công ty TNHH Bio Green Wax', '2026-02-08 16:50:15', '2026-02-09 04:06:00'),
(11, 'about-011', '15814481', '2026-02-08 16:50:52', '2026-02-09 04:06:10'),
(12, 'about-012', 'Ngày 2 tháng 7 năm 2024', '2026-02-08 16:51:23', '2026-02-09 04:23:33'),
(13, 'about-013', '128 City Road, London, EC1V 2NX', '2026-02-08 16:52:11', '2026-02-09 04:23:44'),
(14, 'about-014', 'Công ty Young, Lãnh đạo có nhiều kinh nghiệm', '2026-02-08 16:53:10', '2026-02-09 04:23:54'),
(15, 'about-015', 'Mặc dù Bio Green Wax Ltd được thành lập vào năm 2024, nhưng đội ngũ lãnh đạo của chúng tôi có hơn 25 năm kinh nghiệm tổng hợp trong ngành dầu và sáp. Kỹ năng này giúp chúng tôi điều hướng các chuỗi cung ứng phức tạp, duy trì tiêu chuẩn chất lượng nghiêm ngặt và mang lại giá trị vượt trội cho khách hàng của mình.', '2026-02-08 16:54:34', '2026-02-09 04:24:33');

--
-- Dumping data for table `about_us_content_zh`
--

INSERT INTO `about_us_content_zh` (`id`, `master_id`, `content_value`, `created_at`, `updated_at`) VALUES
(1, 'about-001', '关于 Bio Green Wax', '2026-02-08 15:42:37', '2026-02-09 04:04:19'),
(2, 'about-002', '您值得信赖的英国合作伙伴，提供优质食用油和工业蜡，推广全球的品质与可持续发展。', '2026-02-08 15:51:54', '2026-02-09 04:04:28'),
(3, 'about-003', '我们的故事', '2026-02-08 15:53:15', '2026-02-09 04:04:41'),
(4, 'about-004', 'Bio Green Wax Ltd于2024年7月成立，秉持着明确的愿景：成为英国领先的优质天然油和工业蜡供应商。虽然我们是一家年轻的公司，但我们的基础建立在领导团队数十年的行业经验之上。\n\n我们专注于为英国及国际客户提供高品质的食用油和工业蜡的采购、加工与分销。从食品制造到化妆品、医药再到工业应用，我们的产品满足各行业严格的标准。\n\n真正让我们与众不同的是，我们能够供应获得RSPO SG（Segregated）认证的棕榈油及其衍生品——这是许多行业成熟企业尚未实现的成就，因为它们仍依赖于MB（Mass Balance）认证。我们的Segregated供应链确保可持续生产的棕榈油在整个过程中始终保持实物分离，为客户提供最高水平的追溯性和可持续性保障。\n\n我们自豪地提供符合EUDR（欧洲联盟打击森林砍伐条例）标准的豆类产品、棕榈产品及其衍生品，确保我们的供应链无森林砍伐问题，并符合最新的欧洲法规要求。\n\n此外，我们还能提供获得ISCC-EU（国际可持续性与碳认证）认证的生物燃料原料，支持不断增长的可持续和可再生能源需求。\n\n我们对品质、可持续发展和客户服务的承诺，使我们在市场中独树一帜。我们相信与客户建立长期合作关系，理解他们的独特需求，提供超出预期的解决方案。', '2026-02-08 15:53:52', '2026-02-11 17:18:03'),
(5, 'about-005', '我们的使命', '2026-02-08 15:56:58', '2026-02-09 04:05:12'),
(6, 'about-006', '成为英国最值得信赖的优质油和蜡供应商，提供卓越的产品和一流的服务，同时坚持可持续发展和道德商业实践。', '2026-02-08 16:00:26', '2026-02-09 04:05:21'),
(7, 'about-007', '来自我们董事总经理的一则消息', '2026-02-08 16:02:00', '2026-02-09 04:05:34'),
(8, 'about-008', '尊敬的合作伙伴和客户，  \n\n感谢您抽出时间了解Bio Green Wax Ltd. 当我创立这家公司时， heart 有一个清晰的愿景：打造一个将最高品质产品与卓越客户服务以及对可持续发展的真诚承诺相结合的企业。  \n\n我们的团队拥有数十年的油料和蜡料行业经验，并且与全球可信赖的供应商建立了良好的合作关系。这使我们能够为您提供符合最高品质标准且具有竞争力的产品。  \n\n我们与众不同之处在于我们的个性化服务。当您与Bio Green Wax合作时，您直接与了解您行业、关心您成功的团队合作。我们会花时间了解您的具体需求，提供量身定制的解决方案。  \n\n我邀请您探索我们能为您的业务提供的服务。无论您需要食品制造用的食用油、化妆品用的特种蜡料，还是工业运营所需的解决方案，我们都愿意为您提供帮助。  \n\n期待有机会为您服务。', '2026-02-08 16:23:48', '2026-02-09 04:23:57'),
(9, 'about-009', '汉塔什·纳贾姆', '2026-02-08 16:48:54', '2026-02-09 04:05:45'),
(10, 'about-010', 'Bio Green Wax有限公司董事总经理', '2026-02-08 16:49:41', '2026-02-09 04:05:54'),
(11, 'about-011', '15814481', '2026-02-08 16:50:37', '2026-02-09 04:06:03'),
(12, 'about-012', '2024年7月2日', '2026-02-08 16:51:03', '2026-02-09 04:23:26'),
(13, 'about-013', '伦敦市路128号，邮编EC1V 2NX', '2026-02-08 16:51:37', '2026-02-09 04:23:37'),
(14, 'about-014', '年轻公司，经验丰富的领导团队', '2026-02-08 16:52:31', '2026-02-09 04:23:48'),
(15, 'about-015', '虽然 Bio Green Wax Ltd 成立于 2024 年，但我们的管理团队拥有超过 25 年的油类和蜡类行业的丰富经验。这一专业知识使我们能够应对复杂的供应链、保持严格的质量标准，并为客户提供卓越的价值。', '2026-02-08 16:53:31', '2026-02-09 04:24:23');

--
-- Dumping data for table `certifications`
--

INSERT INTO `certifications` (`id`, `name`, `title`, `description`, `image_url`, `display_order`, `is_active`, `synchronized_data`, `created_at`) VALUES
('cert-001', 'ISO 9001', 'ISO 9001:2015 Quality Management', 'Our quality management system is certified to ISO 9001:2015 standards, ensuring consistent quality in all our products and services.', '', 2, 1, 1, '2026-02-05 21:03:49'),
('cert-002', 'RSPO', 'RSPO Certified Sustainable Palm Oil', 'We are committed to sourcing sustainable palm oil and are certified members of the Roundtable on Sustainable Palm Oil.', NULL, 2, 1, 1, '2026-02-05 21:03:49'),
('cert-003', 'Organic', 'Organic Certification', 'Select products are certified organic, meeting strict standards for natural and sustainable production.', NULL, 3, 1, 1, '2026-02-05 21:03:49');

--
-- Dumping data for table `certifications_ar`
--

INSERT INTO `certifications_ar` (`id`, `master_id`, `name`, `title`, `description`, `created_at`, `updated_at`) VALUES
(1, 'cert-001', 'أيزو 9001', 'إدارة الجودة وفقًا لـ ISO 9001:2015', 'نظام إدارة الجودة لدينا معتمد وفقًا لمعايير ISO 9001:2015، مما يضمن جودة متسقة في جميع منتجاتنا وخدماتنا.', '2026-02-06 05:01:10', '2026-02-11 18:17:19'),
(2, 'cert-002', 'RSPO', 'زيت النخيل المستدام المعتمد من RSPO', 'نحن ملتزمون بالحصول على زيت النخيل المستدام ونعتبر أعضاء معتمدين في منتدى زيت النخيل المستدام.', '2026-02-06 05:03:05', '2026-02-09 03:50:27'),
(3, 'cert-003', 'عضوي', 'الشهادة العضوية', 'المنتجات المختارة معتمدة عضوية، وتلبي معايير صارمة للإنتاج الطبيعي والمستدام.', '2026-02-06 05:05:25', '2026-02-09 03:50:58');

--
-- Dumping data for table `certifications_de`
--

INSERT INTO `certifications_de` (`id`, `master_id`, `name`, `title`, `description`, `created_at`, `updated_at`) VALUES
(1, 'cert-001', 'ISO 9001', 'ISO 9001:2015 Qualitätssicherungsmanagement', 'Unser Qualitätsmanagementsystem ist nach den ISO 9001:2015 Standards zertifiziert, was eine gleichbleibende Qualität in allen unseren Produkten und Dienstleistungen gewährleistet.', '2026-02-06 05:01:31', '2026-02-11 18:17:27'),
(2, 'cert-002', 'RSPO', 'RSPO-zertifizierter nachhaltiger Palmöl', 'Wir verpflichten uns, nachhaltiges Palmöl zu beziehen, und sind zertifizierte Mitglieder der Roundtable on Sustainable Palm Oil.', '2026-02-06 05:03:40', '2026-02-09 03:50:32'),
(3, 'cert-003', 'Bio', 'Bio-Zertifizierung', 'Ausgewählte Produkte sind biologisch zertifiziert und erfüllen strenge Standards für eine natürliche und nachhaltige Produktion.', '2026-02-06 05:05:47', '2026-02-09 03:51:03');

--
-- Dumping data for table `certifications_es`
--

INSERT INTO `certifications_es` (`id`, `master_id`, `name`, `title`, `description`, `created_at`, `updated_at`) VALUES
(1, 'cert-001', 'ISO 9001', 'Gestión de la Calidad ISO 9001:2015', 'Nuestro sistema de gestión de calidad está certificado según las normas ISO 9001:2015, garantizando una calidad constante en todos nuestros productos y servicios.', '2026-02-06 05:00:57', '2026-02-11 18:17:13'),
(2, 'cert-002', 'RSPO', 'Aceite de Palma Sostenible Certificado por la RSPO', 'Estamos comprometidos con la adquisición de aceite de palma sostenible y somos miembros certificados de la Mesa Redonda sobre Aceite de Palma Sostenible.', '2026-02-06 05:02:45', '2026-02-09 03:50:24'),
(3, 'cert-003', 'Orgánico', 'Certificación Orgánica', 'Los productos selectos están certificados como orgánicos, cumpliendo con estrictos estándares de producción natural y sostenible.', '2026-02-06 05:05:12', '2026-02-09 03:50:54');

--
-- Dumping data for table `certifications_fr`
--

INSERT INTO `certifications_fr` (`id`, `master_id`, `name`, `title`, `description`, `created_at`, `updated_at`) VALUES
(1, 'cert-001', 'ISO 9001', 'Gestion de la qualité ISO 9001:2015', 'Notre système de gestion de la qualité est certifié selon la norme ISO 9001:2015, garantissant une qualité constante dans tous nos produits et services.', '2026-02-06 05:01:02', '2026-02-11 18:17:16'),
(2, 'cert-002', 'RSPO', 'Huile de Palme Durable Certifiée RSPO', 'Nous nous engageons à approvisionner en huile de palme durable et sommes membres certifiés de la Roundtable on Sustainable Palm Oil.', '2026-02-06 05:02:52', '2026-02-09 03:50:25'),
(3, 'cert-003', 'Biologique', 'Certification biologique', 'Les produits sélectionnés sont certifiés biologiques, répondant à des normes strictes de production naturelle et durable.', '2026-02-06 05:05:19', '2026-02-09 03:50:56');

--
-- Dumping data for table `certifications_it`
--

INSERT INTO `certifications_it` (`id`, `master_id`, `name`, `title`, `description`, `created_at`, `updated_at`) VALUES
(1, 'cert-001', 'ISO 9001', 'ISO 9001:2015 Gestione della qualità', 'Il nostro sistema di gestione della qualità è certificato secondo le norme ISO 9001:2015, garantendo una qualità costante in tutti i nostri prodotti e servizi.', '2026-02-06 05:02:21', '2026-02-11 18:17:44'),
(2, 'cert-002', 'RSPO', 'Olio di palma sostenibile certificato RSPO', 'Siamo impegnati nell\'approvvigionamento di olio di palma sostenibile e siamo membri certificati della Roundtable on Sustainable Palm Oil.', '2026-02-06 05:04:50', '2026-02-09 03:50:47'),
(3, 'cert-003', 'Biologico', 'Certificazione biologica', 'I prodotti Select sono certificati biologici, rispettando rigorosi standard per una produzione naturale e sostenibile.', '2026-02-06 05:06:43', '2026-02-09 03:51:14');

--
-- Dumping data for table `certifications_ja`
--

INSERT INTO `certifications_ja` (`id`, `master_id`, `name`, `title`, `description`, `created_at`, `updated_at`) VALUES
(1, 'cert-001', 'ISO 9001', 'ISO 9001:2015 品質マネジメント', '私たちの品質管理システムはISO 9001:2015規格の認証を受けており、すべての製品とサービスにおいて一定の品質を保証しています。', '2026-02-06 05:01:39', '2026-02-11 18:17:30'),
(2, 'cert-002', 'RSPO', 'RSPO認証済み持続可能なパーム油', '私たちは、持続可能なパーム油の調達にコミットしており、持続可能なパーム油協議会（Roundtable on Sustainable Palm Oil）の認証会員です。', '2026-02-06 05:03:51', '2026-02-09 03:50:34'),
(3, 'cert-003', 'オーガニック', '有機認証', '選択された製品は有機認証を受けており、自然で持続可能な生産に関する厳しい基準を満たしています。', '2026-02-06 05:05:54', '2026-02-09 03:51:05');

--
-- Dumping data for table `certifications_ko`
--

INSERT INTO `certifications_ko` (`id`, `master_id`, `name`, `title`, `description`, `created_at`, `updated_at`) VALUES
(1, 'cert-001', 'ISO 9001', 'ISO 9001:2015 품질경영', '저희 품질 관리 시스템은 ISO 9001:2015 표준 인증을 받았으며, 모든 제품과 서비스에서 일관된 품질을 보장합니다.', '2026-02-06 05:02:09', '2026-02-11 18:17:39'),
(2, 'cert-002', 'RSPO', 'RSPO 인증 지속 가능한 팜유', '우리는 지속 가능한 팜유를 조달하는 데 전념하고 있으며, 지속가능한 팜유를 위한 원탁회의(Roundtable on Sustainable Palm Oil, RSPO)의 인증 회원입니다.', '2026-02-06 05:04:35', '2026-02-09 03:50:42'),
(3, 'cert-003', '유기농', '유기농 인증', '선택된 제품들은 인증된 유기농으로, 자연적이고 지속 가능한 생산을 위한 엄격한 기준을 충족합니다.', '2026-02-06 05:06:28', '2026-02-09 03:51:11');

--
-- Dumping data for table `certifications_pl`
--

INSERT INTO `certifications_pl` (`id`, `master_id`, `name`, `title`, `description`, `created_at`, `updated_at`) VALUES
(1, 'cert-001', 'ISO 9001', 'ISO 9001:2015 Zarządzanie jakością', 'Nasz system zarządzania jakością jest certyfikowany zgodnie z normą ISO 9001:2015, zapewniającą stałą jakość wszystkich naszych produktów i usług.', '2026-02-06 05:02:27', '2026-02-11 18:17:46'),
(2, 'cert-002', 'RSPO', 'Certyfikowana Zrównoważona Olej Palmowy RSPO', 'Jesteśmy zobowiązani do pozyskiwania zrównoważonego oleju palmowego i jesteśmy certyfikowanymi członkami Rady Zrównoważonego Oleju Palmowego.', '2026-02-06 05:04:58', '2026-02-09 03:50:50'),
(3, 'cert-003', 'Organiczne', 'Certyfikacja ekologiczna', 'Wybrane produkty są certyfikowane jako organiczne, spełniając rygorystyczne standardy produkcji naturalnej i zrównoważonej.', '2026-02-06 05:06:52', '2026-02-09 03:51:16');

--
-- Dumping data for table `certifications_pt`
--

INSERT INTO `certifications_pt` (`id`, `master_id`, `name`, `title`, `description`, `created_at`, `updated_at`) VALUES
(1, 'cert-001', 'ISO 9001', 'ISO 9001:2015 Gerenciamento da Qualidade', 'Nosso sistema de gestão da qualidade é certificado de acordo com as normas ISO 9001:2015, garantindo uma qualidade consistente em todos os nossos produtos e serviços.', '2026-02-06 05:01:16', '2026-02-11 18:17:22'),
(2, 'cert-002', 'RSPO', 'Óleo de Palmiste Sustentável Certificado pela RSPO', 'Estamos comprometidos em adquirir óleo de dendê sustentável e somos membros certificados da Roundtable on Sustainable Palm Oil.', '2026-02-06 05:03:20', '2026-02-09 03:50:29'),
(3, 'cert-003', 'Orgânico', 'Certificação Orgânica', 'Seleção de produtos certificados orgânicos, atendendo a rigorosos padrões de produção natural e sustentável.', '2026-02-06 05:05:32', '2026-02-09 03:50:59');

--
-- Dumping data for table `certifications_ru`
--

INSERT INTO `certifications_ru` (`id`, `master_id`, `name`, `title`, `description`, `created_at`, `updated_at`) VALUES
(1, 'cert-001', 'ИСО 9001', 'Системы менеджмента качества ISO 9001:2015', 'Наша система менеджмента качества сертифицирована по стандарту ISO 9001:2015, что гарантирует стабильное качество всех наших продуктов и услуг.', '2026-02-06 05:01:25', '2026-02-11 18:17:25'),
(2, 'cert-002', 'RSPO', 'RSPO Сертифицированное экологически чистое пальмовое масло', 'Мы привержены использованию экологически устойчивого пальмового масла и являемся сертифицированными участниками Круглого стола по устойчивому пальмовому маслу.', '2026-02-06 05:03:32', '2026-02-09 03:50:30'),
(3, 'cert-003', 'Органический', 'Сертификация органической продукции', 'Выбранные продукты сертифицированы как органические, соответствуют строгим стандартам натурального и устойчивого производства.', '2026-02-06 05:05:39', '2026-02-09 03:51:01');

--
-- Dumping data for table `certifications_sw`
--

INSERT INTO `certifications_sw` (`id`, `master_id`, `name`, `title`, `description`, `created_at`, `updated_at`) VALUES
(1, 'cert-001', 'ISO 9001', 'ISO 9001:2015 Usimamizi wa Ubora', 'Mfumo wetu wa usimamizi wa ubora umeidhinishwa kwa viwango vya ISO 9001:2015, kuhakikisha ubora wa kila kitu katika bidhaa zetu na huduma zetu zote.', '2026-02-06 05:01:46', '2026-02-11 18:17:32'),
(2, 'cert-002', 'RSPO', 'Mafuta ya Nazi Endeleaji Yaliyothibitishwa na RSPO', 'Tumejitolea kupata mafuta ya nazi ya kisasa yanayostahiki na ni wanachama waliothibitishwa wa Roundtable on Sustainable Palm Oil.', '2026-02-06 05:04:05', '2026-02-09 03:50:35'),
(3, 'cert-003', 'Asilia', 'Uthibitishaji wa Kikaboni', 'Bidhaa zilizochaguliwa zimethibitishwa kuwa organic, zikitimiza viwango virefu vya uzalishaji wa asili na endelevu.', '2026-02-06 05:06:08', '2026-02-09 03:51:06');

--
-- Dumping data for table `certifications_th`
--

INSERT INTO `certifications_th` (`id`, `master_id`, `name`, `title`, `description`, `created_at`, `updated_at`) VALUES
(1, 'cert-001', 'ISO 9001', 'ISO 9001:2015 การจัดการคุณภาพ', 'ระบบการ quản lýคุณภาพของเราได้รับการรับรองมาตรฐาน ISO 9001:2015 ซึ่งรับประกันคุณภาพที่สม่ำเสมอในสินค้าและบริการของเรา', '2026-02-06 05:02:16', '2026-02-11 18:17:42'),
(2, 'cert-002', 'RSPO', 'น้ำมันปาล์มที่ได้รับการรับรองจาก RSPO (Roundtable on Sustainable Palm Oil)', 'เรามุ่งมั่นที่จะจัดหาน้ำมันปาล์มที่ยั่งยืน และเป็นสมาชิกที่ได้รับการรับรองจากกลุ่มแนวทางในการผลิตน้ำมันปาล์มที่ยั่งยืน (Roundtable on Sustainable Palm Oil)', '2026-02-06 05:04:42', '2026-02-09 03:50:44'),
(3, 'cert-003', 'ออร์แกนิก', 'การรับรองแบบออร์แกนิก', 'ผลิตภัณฑ์ที่เลือกได้รับการรับรองว่าเป็นออร์แกนิก ผ่านมาตรฐานที่เข้มงวดสำหรับการผลิตที่เป็นธรรมชาติและยั่งยืน', '2026-02-06 05:06:35', '2026-02-09 03:51:13');

--
-- Dumping data for table `certifications_tr`
--

INSERT INTO `certifications_tr` (`id`, `master_id`, `name`, `title`, `description`, `created_at`, `updated_at`) VALUES
(1, 'cert-001', 'ISO 9001', 'ISO 9001:2015 Kalite Yönetimi', 'Kalite yönetim sistemimiz, ISO 9001:2015 standartlarına uygun olarak sertifikalandırılmıştır ve tüm ürünlerimiz ile hizmetlerimizde tutarlı kaliteyi sağlamaktadır.', '2026-02-06 05:01:52', '2026-02-11 18:17:35'),
(2, 'cert-002', 'RSPO', 'RSPO Sertifikalı Sürdürülebilir Palm Yağı', 'Sürdürülebilir palm yağı kaynağına bağlıyız ve Sürdürülebilir Palm Yağı Çerçevesi\'nde sertifikalı üyeyiz.', '2026-02-06 05:04:16', '2026-02-09 03:50:37'),
(3, 'cert-003', 'Organik', 'Organik Sertifikası', 'Seçili ürünler, doğal ve sürdürülebilir üretim için katı standartları karşılayan sertifikalı organik ürünlerdir.', '2026-02-06 05:06:14', '2026-02-09 03:51:08');

--
-- Dumping data for table `certifications_vi`
--

INSERT INTO `certifications_vi` (`id`, `master_id`, `name`, `title`, `description`, `created_at`, `updated_at`) VALUES
(1, 'cert-001', 'ISO 9001', 'Quản lý Chất lượng theo ISO 9001:2015', 'Hệ thống quản lý chất lượng của chúng tôi được chứng nhận theo tiêu chuẩn ISO 9001:2015, đảm bảo chất lượng nhất quán trong tất cả các sản phẩm và dịch vụ của chúng tôi.', '2026-02-06 05:02:00', '2026-02-11 18:17:37'),
(2, 'cert-002', 'RSPO', 'Dầu cọ bền vững được chứng nhận RSPO', 'Chúng tôi cam kết sử dụng dầu cọ bền vững và là thành viên được chứng nhận của Hội đồng Dầu cọ Bền vững (Roundtable on Sustainable Palm Oil).', '2026-02-06 05:04:23', '2026-02-09 03:50:40'),
(3, 'cert-003', 'Hữu cơ', 'Chứng nhận hữu cơ', 'Các sản phẩm được chọn lọc đạt chứng nhận hữu cơ, đáp ứng các tiêu chuẩn nghiêm ngặt về sản xuất tự nhiên và bền vững.', '2026-02-06 05:06:19', '2026-02-09 03:51:10');

--
-- Dumping data for table `certifications_zh`
--

INSERT INTO `certifications_zh` (`id`, `master_id`, `name`, `title`, `description`, `created_at`, `updated_at`) VALUES
(1, 'cert-001', 'ISO 9001', 'ISO 9001:2015 质量管理', '我们的质量管理体系已获得ISO 9001:2015标准认证，确保我们所有产品和服务的质量始终如一。', '2026-02-06 05:00:53', '2026-02-11 18:17:11'),
(2, 'cert-002', 'RSPO', 'RSPO认证的可持续棕榈油', '我们致力于采购可持续的棕榈油，并且是可持续棕榈油圆桌会议的认证会员。', '2026-02-06 05:02:36', '2026-02-09 03:50:22'),
(3, 'cert-003', '有机', '有机认证', '部分选购的产品获得了有机认证，符合天然与可持续生产的严格标准。', '2026-02-06 05:05:05', '2026-02-09 03:50:52');

--
-- Dumping data for table `contact_enquiries`
--

INSERT INTO `contact_enquiries` (`id`, `name`, `email`, `phone`, `company`, `subject`, `message`, `is_read`, `created_at`) VALUES
('enq-001', 'David Chen', 'david.chen@candelux.com', '+44 20 1234 5678', 'Candelux Ltd', 'Bulk Order Enquiry - Soy Wax', 'We are a candle manufacturer looking to source soy wax in bulk. Could you please provide pricing for 5 tonnes monthly supply?', 1, '2026-02-05 21:03:49'),
('enq-002', 'Lisa Martinez', 'lisa@beautybrand.co.uk', '+44 20 2345 6789', 'Beauty Brand Co', 'Cosmetic Grade Beeswax', 'We are developing a new lip balm range and need cosmetic grade beeswax. What grades do you offer and what are the MOQs?', 1, '2026-02-05 21:03:49'),
('enq-003', 'Robert Taylor', 'r.taylor@industrialcoatings.com', '+44 161 345 6789', 'Industrial Coatings PLC', 'Paraffin Wax for Coatings', 'Looking for a reliable supplier of paraffin wax for our coating applications. Can we arrange a meeting to discuss requirements?', 1, '2026-02-05 21:03:49');

--
-- Dumping data for table `contact_info`
--

INSERT INTO `contact_info` (`id`, `key`, `value`, `label`, `synchronized_data`, `created_at`) VALUES
('6eb24fa1-e07c-40c0-8843-4bdd0bce8526', 'test', '', 'test', 0, '2026-02-14 05:08:10'),
('info-001', 'email', 'sales@biogreenwax.com', 'Email', 1, '2026-02-05 21:03:49'),
('info-002', 'phone', '+44 20 7101 3847', 'Phone', 1, '2026-02-05 21:03:49'),
('info-003', 'whatsapp', '+44 777 8028 001', 'WhatsApp', 1, '2026-02-05 21:03:49'),
('info-004', 'address', 'Bio Green Wax Ltd, 128 City Road, London, United Kingdom, EC1V 2NX', 'Address', 1, '2026-02-05 21:03:49');

--
-- Dumping data for table `contact_info_ar`
--

INSERT INTO `contact_info_ar` (`id`, `master_id`, `value`, `label`, `created_at`, `updated_at`) VALUES
(1, 'info-001', 'sales@biogreenwax.com', 'البريد الإلكتروني', '2026-02-08 16:55:16', '2026-02-11 18:18:39'),
(2, 'info-002', '+44 20 7101 3847', 'هاتف', '2026-02-08 16:56:19', '2026-02-08 16:56:19'),
(3, 'info-003', '+44 777 8028 001', 'واتساب', '2026-02-08 16:57:33', '2026-02-11 18:19:00'),
(4, 'info-004', 'شركة Bio Green Wax Ltd، 128 City Road، لندن، المملكة المتحدة، EC1V 2NX', 'عنوان', '2026-02-08 16:58:50', '2026-02-11 18:19:21');

--
-- Dumping data for table `contact_info_de`
--

INSERT INTO `contact_info_de` (`id`, `master_id`, `value`, `label`, `created_at`, `updated_at`) VALUES
(1, 'info-001', 'sales@biogreenwax.com', 'E-Mail', '2026-02-08 16:55:28', '2026-02-11 18:18:43'),
(2, 'info-002', '+44 20 7101 3847', 'Telefon', '2026-02-08 16:56:30', '2026-02-08 16:56:30'),
(3, 'info-003', '+44 777 8028 001', 'WhatsApp', '2026-02-08 16:57:49', '2026-02-11 18:19:04'),
(4, 'info-004', 'Bio Green Wax Ltd, 128 City Road, London, Vereinigtes Königreich, EC1V 2NX', 'Adresse', '2026-02-08 16:59:04', '2026-02-11 18:19:26');

--
-- Dumping data for table `contact_info_es`
--

INSERT INTO `contact_info_es` (`id`, `master_id`, `value`, `label`, `created_at`, `updated_at`) VALUES
(1, 'info-001', 'ventas@biogreenwax.com', 'Correo electrónico', '2026-02-08 16:55:08', '2026-02-11 18:18:36'),
(2, 'info-002', '+44 20 7101 3847', 'Teléfono', '2026-02-08 16:56:10', '2026-02-08 16:56:10'),
(3, 'info-003', '+44 777 8028 001', 'WhatsApp', '2026-02-08 16:57:21', '2026-02-11 18:18:57'),
(4, 'info-004', 'Bio Green Wax Ltd, 128 City Road, Londres, Reino Unido, EC1V 2NX', 'Dirección', '2026-02-08 16:58:40', '2026-02-11 18:19:17');

--
-- Dumping data for table `contact_info_fr`
--

INSERT INTO `contact_info_fr` (`id`, `master_id`, `value`, `label`, `created_at`, `updated_at`) VALUES
(1, 'info-001', 'sales@biogreenwax.com', 'E-mail', '2026-02-08 16:55:13', '2026-02-11 18:18:37'),
(2, 'info-002', '+44 20 7101 3847', 'Téléphone', '2026-02-08 16:56:15', '2026-02-08 16:56:15'),
(3, 'info-003', '+44 777 8028 001', 'WhatsApp', '2026-02-08 16:57:28', '2026-02-11 18:18:58'),
(4, 'info-004', 'Bio Green Wax Ltd, 128 City Road, Londres, Royaume-Uni, EC1V 2NX', 'Adresse', '2026-02-08 16:58:45', '2026-02-11 18:19:19');

--
-- Dumping data for table `contact_info_it`
--

INSERT INTO `contact_info_it` (`id`, `master_id`, `value`, `label`, `created_at`, `updated_at`) VALUES
(1, 'info-001', 'sales@biogreenwax.com', 'Email', '2026-02-08 16:55:58', '2026-02-11 18:18:53'),
(2, 'info-002', '+44 20 7101 3847', 'Telefono', '2026-02-08 16:56:57', '2026-02-08 16:56:57'),
(3, 'info-003', '+44 777 8028 001', 'WhatsApp', '2026-02-08 16:58:26', '2026-02-11 18:19:13'),
(4, 'info-004', 'Bio Green Wax Ltd, 128 City Road, Londra, Regno Unito, EC1V 2NX', 'Indirizzo', '2026-02-08 16:59:48', '2026-02-11 18:19:38');

--
-- Dumping data for table `contact_info_ja`
--

INSERT INTO `contact_info_ja` (`id`, `master_id`, `value`, `label`, `created_at`, `updated_at`) VALUES
(1, 'info-001', 'sales@biogreenwax.com', 'メール', '2026-02-08 16:55:32', '2026-02-11 18:18:45'),
(2, 'info-002', '+44 20 7101 3847', '電話', '2026-02-08 16:56:35', '2026-02-08 16:56:35'),
(3, 'info-003', '+44 777 8028 001', 'WhatsApp', '2026-02-08 16:57:53', '2026-02-11 18:19:05'),
(4, 'info-004', 'Bio Green Wax Ltd、128 City Road、ロンドン、イギリス、EC1V 2NX', '住所', '2026-02-08 16:59:14', '2026-02-11 18:19:27');

--
-- Dumping data for table `contact_info_ko`
--

INSERT INTO `contact_info_ko` (`id`, `master_id`, `value`, `label`, `created_at`, `updated_at`) VALUES
(1, 'info-001', 'sales@biogreenwax.com', '이메일', '2026-02-08 16:55:49', '2026-02-11 18:18:50'),
(2, 'info-002', '+44 20 7101 3847', '전화', '2026-02-08 16:56:50', '2026-02-08 16:56:50'),
(3, 'info-003', '+44 777 8028 001', 'WhatsApp', '2026-02-08 16:58:10', '2026-02-11 18:19:10'),
(4, 'info-004', 'Bio Green Wax Ltd, 128 City Road, 런던, 영국, EC1V 2NX', '주소', '2026-02-08 16:59:36', '2026-02-11 18:19:34');

--
-- Dumping data for table `contact_info_pl`
--

INSERT INTO `contact_info_pl` (`id`, `master_id`, `value`, `label`, `created_at`, `updated_at`) VALUES
(1, 'info-001', 'sales@biogreenwax.com', 'E-mail', '2026-02-08 16:56:02', '2026-02-11 18:18:54'),
(2, 'info-002', '+44 20 7101 3847', 'Telefon', '2026-02-08 16:57:00', '2026-02-08 16:57:00'),
(3, 'info-003', '+44 777 8028 001', 'WhatsApp', '2026-02-08 16:58:30', '2026-02-11 18:19:15'),
(4, 'info-004', 'Bio Green Wax Ltd, 128 City Road, Londyn, Wielka Brytania, EC1V 2NX', 'Adres', '2026-02-08 16:59:53', '2026-02-11 18:19:39');

--
-- Dumping data for table `contact_info_pt`
--

INSERT INTO `contact_info_pt` (`id`, `master_id`, `value`, `label`, `created_at`, `updated_at`) VALUES
(1, 'info-001', 'sales@biogreenwax.com', 'E-mail', '2026-02-08 16:55:20', '2026-02-11 18:18:40'),
(2, 'info-002', '+44 20 7101 3847', 'Telefone', '2026-02-08 16:56:23', '2026-02-08 16:56:23'),
(3, 'info-003', '+44 777 8028 001', 'WhatsApp', '2026-02-08 16:57:39', '2026-02-11 18:19:01'),
(4, 'info-004', 'Bio Green Wax Ltd, 128 City Road, Londres, Reino Unido, EC1V 2NX', 'Endereço', '2026-02-08 16:58:54', '2026-02-11 18:19:22');

--
-- Dumping data for table `contact_info_ru`
--

INSERT INTO `contact_info_ru` (`id`, `master_id`, `value`, `label`, `created_at`, `updated_at`) VALUES
(1, 'info-001', 'sales@biogreenwax.com', 'Электронная почта', '2026-02-08 16:55:24', '2026-02-11 18:18:41'),
(2, 'info-002', '+44 20 7101 3847', 'Телефон', '2026-02-08 16:56:26', '2026-02-08 16:56:26'),
(3, 'info-003', '+44 777 8028 001', 'WhatsApp', '2026-02-08 16:57:43', '2026-02-11 18:19:02'),
(4, 'info-004', 'Bio Green Wax Ltd, 128 City Road, Лондон, Великобритания, EC1V 2NX', 'Адрес', '2026-02-08 16:58:59', '2026-02-11 18:19:24');

--
-- Dumping data for table `contact_info_sw`
--

INSERT INTO `contact_info_sw` (`id`, `master_id`, `value`, `label`, `created_at`, `updated_at`) VALUES
(1, 'info-001', 'sales@biogreenwax.com', 'Barua pepe', '2026-02-08 16:55:36', '2026-02-11 18:18:46'),
(2, 'info-002', '+44 20 7101 3847', 'Simu', '2026-02-08 16:56:38', '2026-02-08 16:56:38'),
(3, 'info-003', '+44 777 8028 001', 'WhatsApp', '2026-02-08 16:57:58', '2026-02-11 18:19:07'),
(4, 'info-004', 'Bio Green Wax Ltd, 128 City Road, London, Uingereza, EC1V 2NX', 'Anwani', '2026-02-08 16:59:20', '2026-02-11 18:19:29');

--
-- Dumping data for table `contact_info_th`
--

INSERT INTO `contact_info_th` (`id`, `master_id`, `value`, `label`, `created_at`, `updated_at`) VALUES
(1, 'info-001', 'sales@biogreenwax.com', 'อีเมล', '2026-02-08 16:55:52', '2026-02-11 18:18:51'),
(2, 'info-002', '+44 20 7101 3847', 'โทรศัพท์', '2026-02-08 16:56:54', '2026-02-08 16:56:54'),
(3, 'info-003', '+44 777 8028 001', 'WhatsApp', '2026-02-08 16:58:14', '2026-02-11 18:19:12'),
(4, 'info-004', 'Bio Green Wax Ltd, 128 City Road, ลอนดอน, สหราชอาณาจักร, EC1V 2NX', 'ที่อยู่', '2026-02-08 16:59:43', '2026-02-11 18:19:36');

--
-- Dumping data for table `contact_info_tr`
--

INSERT INTO `contact_info_tr` (`id`, `master_id`, `value`, `label`, `created_at`, `updated_at`) VALUES
(1, 'info-001', 'sales@biogreenwax.com', 'E-posta', '2026-02-08 16:55:40', '2026-02-11 18:18:47'),
(2, 'info-002', '+44 20 7101 3847', 'Telefon', '2026-02-08 16:56:42', '2026-02-08 16:56:42'),
(3, 'info-003', '+44 777 8028 001', 'WhatsApp', '2026-02-08 16:58:02', '2026-02-11 18:19:08'),
(4, 'info-004', 'Bio Green Wax Ltd, 128 City Road, Londra, Birleşik Krallık, EC1V 2NX', 'Adres', '2026-02-08 16:59:25', '2026-02-11 18:19:31');

--
-- Dumping data for table `contact_info_vi`
--

INSERT INTO `contact_info_vi` (`id`, `master_id`, `value`, `label`, `created_at`, `updated_at`) VALUES
(1, 'info-001', 'sales@biogreenwax.com', 'Email', '2026-02-08 16:55:45', '2026-02-11 18:18:49'),
(2, 'info-002', '+44 20 7101 3847', 'Điện thoại', '2026-02-08 16:56:45', '2026-02-08 16:56:45'),
(3, 'info-003', '+44 777 8028 001', 'WhatsApp', '2026-02-08 16:58:06', '2026-02-11 18:19:09'),
(4, 'info-004', 'Bio Green Wax Ltd, 128 City Road, London, Vương quốc Anh, EC1V 2NX', 'Địa chỉ', '2026-02-08 16:59:30', '2026-02-11 18:19:33');

--
-- Dumping data for table `contact_info_zh`
--

INSERT INTO `contact_info_zh` (`id`, `master_id`, `value`, `label`, `created_at`, `updated_at`) VALUES
(1, 'info-001', 'sales@biogreenwax.com', '电子邮件', '2026-02-08 16:55:04', '2026-02-11 18:18:35'),
(2, 'info-002', '+44 20 7101 3847', '电话', '2026-02-08 16:56:07', '2026-02-08 16:56:07'),
(3, 'info-003', '+44 777 8028 001', 'WhatsApp', '2026-02-08 16:57:17', '2026-02-11 18:18:55'),
(4, 'info-004', 'Bio Green Wax有限公司，128市政路，伦敦，英国，EC1V 2NX', '地址', '2026-02-08 16:58:35', '2026-02-11 18:19:16');

--
-- Dumping data for table `directors`
--

INSERT INTO `directors` (`id`, `name`, `title`, `bio`, `linkedin_url`, `photo_url`, `display_order`, `is_active`, `synchronized_data`, `created_at`, `updated_at`) VALUES
('dir-001', 'Hantash Najam', 'Managing Director', 'Hantash Najam is the founder and Managing Director of Bio Green Wax Ltd. With extensive experience in international trade and commodity markets, he has built a network of trusted suppliers across Southeast Asia, Africa, and South America. Hantash is also a director of Bio Greenware Ltd, bringing a wealth of experience in sustainable product sourcing and distribution. His vision for Bio Green Wax is to create a company that prioritizes quality, sustainability, and customer partnerships.', 'https://www.linkedin.com/in/hantash-najam-025043218', NULL, 1, 1, 1, '2026-02-05 21:03:49', '2026-02-05 21:03:49'),
('dir-002', 'Umesh Gowda', 'Director', 'Umesh Gowda brings valuable expertise in operations and supply chain management to Bio Green Wax Ltd. His background in logistics and international trade helps ensure that our products are sourced efficiently and delivered reliably to customers across the UK and beyond. Umesh is dedicated to maintaining the highest standards of quality and service in all our operations.', 'https://www.linkedin.com/in/umesh-gowda', NULL, 2, 1, 1, '2026-02-05 21:03:49', '2026-02-05 21:03:49');

--
-- Dumping data for table `directors_ar`
--

INSERT INTO `directors_ar` (`id`, `master_id`, `name`, `title`, `bio`, `created_at`, `updated_at`) VALUES
(1, 'dir-001', 'هانتاش نجم', 'المدير التنفيذي', 'هنتاش نجم هو مؤسس ومدير عام شركة Bio Green Wax Ltd. ومع خبرة واسعة في التجارة الدولية وأسواق السلع، قام ببناء شبكة من الموردين الموثوق بهم عبر جنوب شرق آسيا وأفريقيا وأمريكا الجنوبية. هنتاش هو أيضًا مدير في شركة Bio Greenware Ltd، ويجلب معه ثروة من الخبرة في مصادر المنتجات المستدامة وتوزيعها. رؤيته لشركة Bio Green Wax هي إنشاء شركة تركز على الجودة والاستدامة وشراكات العملاء.', '2026-02-08 15:23:59', '2026-02-09 03:52:24'),
(2, 'dir-002', 'أوميش جاودا', 'مدير', 'يوش جيودا يجلب خبرة قيمة في العمليات وإدارة سلسلة التوريد إلى شركة Bio Green Wax Ltd. تساعد خلفيته في اللوجستيات والتجارة الدولية على ضمان توفير منتجاتنا بكفاءة وتوصيلها بشكل موثوق للعملاء عبر المملكة المتحدة وخارجها. يوش ملتزم بالحفاظ على أعلى معايير الجودة والخدمة في جميع عملياتنا.', '2026-02-08 15:27:59', '2026-02-09 03:59:28');

--
-- Dumping data for table `directors_de`
--

INSERT INTO `directors_de` (`id`, `master_id`, `name`, `title`, `bio`, `created_at`, `updated_at`) VALUES
(1, 'dir-001', 'Hantash Najam', 'Geschäftsführer', 'Hantash Najam ist Gründer und Geschäftsführer der Bio Green Wax Ltd. Mit umfangreicher Erfahrung im internationalen Handel und Rohstoffmärkten hat er ein Netzwerk vertrauenswürdiger Lieferanten in Südostasien, Afrika und Südamerika aufgebaut. Hantash ist außerdem Director bei Bio Greenware Ltd und bringt eine Fülle von Erfahrung in nachhaltiger Beschaffung und Vertrieb von Produkten mit. Seine Vision für Bio Green Wax ist es, ein Unternehmen zu schaffen, das Qualität, Nachhaltigkeit und Kundenpartnerschaften in den Mittelpunkt stellt.', '2026-02-08 15:24:35', '2026-02-09 03:52:31'),
(2, 'dir-002', 'Umesh Gowda', 'Direktor', 'Umesh Gowda bringt wertvolle Fachkenntnisse in den Bereichen Betrieb und Lieferkettenmanagement bei Bio Green Wax Ltd. Sein Hintergrund in Logistik und internationalem Handel trägt dazu bei, dass unsere Produkte effizient beschafft und zuverlässig an Kunden in ganz Großbritannien und darüber hinaus geliefert werden. Umesh setzt sich dafür ein, die höchsten Standards in Qualität und Service in all unseren Abläufen zu wahren.', '2026-02-08 15:28:33', '2026-02-09 03:59:35');

--
-- Dumping data for table `directors_es`
--

INSERT INTO `directors_es` (`id`, `master_id`, `name`, `title`, `bio`, `created_at`, `updated_at`) VALUES
(1, 'dir-001', 'Hantash Najam', 'Director General', 'Hantash Najam es el fundador y Director General de Bio Green Wax Ltd. Con amplia experiencia en comercio internacional y mercados de productos básicos, ha construido una red de proveedores confiables en el sudeste asiático, África y Sudamérica. Hantash también es director de Bio Greenware Ltd, aportando una gran experiencia en el abastecimiento y distribución de productos sostenibles. Su visión para Bio Green Wax es crear una empresa que priorice la calidad, la sostenibilidad y las alianzas con los clientes.', '2026-02-08 15:23:28', '2026-02-09 03:52:19'),
(2, 'dir-002', 'Umesh Gowda', 'Director', 'Umesh Gowda aporta valiosa experiencia en operaciones y gestión de la cadena de suministro a Bio Green Wax Ltd. Su formación en logística y comercio internacional ayuda a garantizar que nuestros productos se obtengan de manera eficiente y se entreguen de manera confiable a los clientes en todo el Reino Unido y más allá. Umesh está comprometido a mantener los más altos estándares de calidad y servicio en todas nuestras operaciones.', '2026-02-08 15:27:29', '2026-02-09 03:59:24');

--
-- Dumping data for table `directors_fr`
--

INSERT INTO `directors_fr` (`id`, `master_id`, `name`, `title`, `bio`, `created_at`, `updated_at`) VALUES
(1, 'dir-001', 'Hantash Najam', 'Directeur Général', 'Hantash Najam est le fondateur et Directeur Général de Bio Green Wax Ltd. Fort d\'une vaste expérience dans le commerce international et les marchés des matières premières, il a développé un réseau de fournisseurs de confiance à travers l\'Asie du Sud-Est, l\'Afrique et l\'Amérique du Sud. Hantash est également directeur de Bio Greenware Ltd, apportant une riche expérience en sourcing et distribution de produits durables. Sa vision pour Bio Green Wax est de créer une entreprise qui privilégie la qualité, la durabilité et les partenariats avec les clients.', '2026-02-08 15:23:40', '2026-02-09 03:52:21'),
(2, 'dir-002', 'Umesh Gowda', 'Directeur', 'Umesh Gowda apporte une expertise précieuse en gestion des opérations et de la chaîne d\'approvisionnement à Bio Green Wax Ltd. Son parcours dans la logistique et le commerce international contribue à garantir que nos produits soient sourcés efficacement et livrés de manière fiable aux clients du Royaume-Uni et au-delà. Umesh est dédié au maintien des standards les plus élevés en matière de qualité et de service dans toutes nos opérations.', '2026-02-08 15:27:38', '2026-02-09 03:59:26');

--
-- Dumping data for table `directors_it`
--

INSERT INTO `directors_it` (`id`, `master_id`, `name`, `title`, `bio`, `created_at`, `updated_at`) VALUES
(1, 'dir-001', 'Hantash Najam', 'Amministratore Delegato', 'Hantash Najam è il fondatore e Amministratore Delegato di Bio Green Wax Ltd. Con una vasta esperienza nel commercio internazionale e nei mercati delle materie prime, ha costruito una rete di fornitori affidabili in Southeast Asia, Africa e Sud America. Hantash è anche direttore di Bio Greenware Ltd, portando una grande esperienza nel sourcing e nella distribuzione di prodotti sostenibili. La sua visione per Bio Green Wax è creare un\'azienda che dia priorità alla qualità, alla sostenibilità e alle partnership con i clienti.', '2026-02-08 15:26:49', '2026-02-09 03:52:46'),
(2, 'dir-002', 'Umesh Gowda', 'Direttore', 'Umesh Gowda apporta preziose competenze in ambito operativo e di gestione della supply chain a Bio Green Wax Ltd. Il suo background in logistica e commercio internazionale assicura che i nostri prodotti siano approvvigionati in modo efficiente e consegnati con affidabilità ai clienti nel Regno Unito e oltre. Umesh è impegnato a mantenere i più alti standard di qualità e servizio in tutte le nostre operazioni.', '2026-02-08 15:30:03', '2026-02-09 03:59:50');

--
-- Dumping data for table `directors_ja`
--

INSERT INTO `directors_ja` (`id`, `master_id`, `name`, `title`, `bio`, `created_at`, `updated_at`) VALUES
(1, 'dir-001', 'ハンタッシュ・ナジャム', '取締役社長', 'ハンタッシュ・ナジャムは、Bio Green Wax Ltdの創設者兼マネージングディレクターです。国際貿易とコモディティ市場での豊富な経験を持ち、東南アジア、アフリカ、南アメリカにわたる信頼できるサプライヤーのネットワークを築いています。ハンタッシュはまた、Bio Greenware Ltdの取締役でもあり、持続可能な製品調達と流通に関する豊かな経験を持っています。彼のBio Green Waxに対するビジョンは、品質・持続可能性・顧客とのパートナーシップを重視した企業を創ることです。', '2026-02-08 15:25:02', '2026-02-09 03:52:33'),
(2, 'dir-002', 'ウメッシュ・ゴーワダ', 'ディレクター', 'ウメシュ・ゴウダは、Bio Green Wax Ltd.において、運営およびサプライチェーンマネジメントの貴重な専門知識を提供しています。彼の物流と国際貿易の背景は、私たちの製品が効率的に調達され、英国やそれ以外の地域の顧客へ確実に配達されることを支えています。ウメシュは、すべての業務において最高水準の品質とサービスを維持することに専念しています。', '2026-02-08 15:28:48', '2026-02-09 03:59:37');

--
-- Dumping data for table `directors_ko`
--

INSERT INTO `directors_ko` (`id`, `master_id`, `name`, `title`, `bio`, `created_at`, `updated_at`) VALUES
(1, 'dir-001', '한타쉬 나자엠', '전무 이사', '한타슈 나잠은 Bio Green Wax Ltd의 창립자이자 전무이사입니다. 국제 무역 및 원자재 시장에서의 폭넓은 경험을 바탕으로, 그는 동남아시아, 아프리카 및 남미 전역에 걸쳐 신뢰받는 공급업체 네트워크를 구축하였습니다. 한타슈는 또한 Bio Greenware Ltd의 이사로서, 지속 가능한 제품 조달 및 유통에 대한 풍부한 경험을 가지고 있습니다. 그의 Bio Green Wax에 대한 비전은 품질, 지속 가능성, 고객 파트너십을 최우선으로 하는 회사를 만드는 것입니다.', '2026-02-08 15:26:11', '2026-02-09 03:52:42'),
(2, 'dir-002', '우메시 고다', '감독', '우메시 고우다는 Bio Green Wax Ltd.에 운영 및 공급망 관리에 대한 귀중한 전문성을 제공합니다. 그의 물류 및 국제 무역 배경은 우리의 제품이 효율적으로 조달되고 영국 내외 고객에게 신뢰할 수 있게 배송되도록 돕습니다. 우메시는 우리의 모든 운영에서 최고의 품질과 서비스 표준을 유지하는 데 헌신하고 있습니다.', '2026-02-08 15:29:37', '2026-02-09 03:59:46');

--
-- Dumping data for table `directors_pl`
--

INSERT INTO `directors_pl` (`id`, `master_id`, `name`, `title`, `bio`, `created_at`, `updated_at`) VALUES
(1, 'dir-001', 'Hantash Najam', 'Dyrektor Zarządzający', 'Hantash Najam jest założycielem i Dyrektorem Zarządzającym Bio Green Wax Ltd. Dzięki szerokiemu doświadczeniu w handlu międzynarodowym i rynkach surowców, zbudował sieć zaufanych dostawców w Azji Południowo-Wschodniej, Afryce i Ameryce Południowej. Hantash jest również dyrektorem w Bio Greenware Ltd, wnosi bogate doświadczenie w zakresie pozyskiwania i dystrybucji zrównoważonych produktów. Jego wizją dla Bio Green Wax jest stworzenie firmy, która stawia na jakość, zrównoważony rozwój i partnerstwo z klientami.', '2026-02-08 15:27:02', '2026-02-09 03:52:49'),
(2, 'dir-002', 'Umesh Gowda', 'Reżyser', 'Umesh Gowda wnosi cenne doświadczenie w zarządzaniu operacjami i łańcuchem dostaw do Bio Green Wax Ltd. Jego doświadczenie w logistyce i handlu międzynarodowym pomaga zapewnić, że nasze produkty są pozyskiwane efektywnie i dostarczane niezawodnie do klientów w całym Wielkiej Brytanii i poza nią. Umesh jest zaangażowany w utrzymanie najwyższych standardów jakości i obsługi we wszystkich naszych działaniach.', '2026-02-08 15:30:14', '2026-02-09 03:59:53');

--
-- Dumping data for table `directors_pt`
--

INSERT INTO `directors_pt` (`id`, `master_id`, `name`, `title`, `bio`, `created_at`, `updated_at`) VALUES
(1, 'dir-001', 'Hantash Najam', 'Diretor Geral', 'Hantash Najam é o fundador e Diretor Executivo da Bio Green Wax Ltd. Com ampla experiência em comércio internacional e mercados de commodities, ele construiu uma rede de fornecedores confiáveis na Ásia, África e América do Sul. Hantash também é diretor da Bio Greenware Ltd, trazendo uma vasta experiência em sourcing e distribuição de produtos sustentáveis. Sua visão para a Bio Green Wax é criar uma empresa que priorize qualidade, sustentabilidade e parcerias com os clientes.', '2026-02-08 15:24:08', '2026-02-09 03:52:26'),
(2, 'dir-002', 'Umesh Gowda', 'Diretor', 'Umesh Gowda traz uma valiosa experiência em operações e gestão da cadeia de suprimentos para a Bio Green Wax Ltd. Sua formação em logística e comércio internacional ajuda a garantir que nossos produtos sejam obtidos de forma eficiente e entregues de maneira confiável aos clientes em todo o Reino Unido e além. Umesh está comprometido em manter os padrões mais elevados de qualidade e serviço em todas as nossas operações.', '2026-02-08 15:28:08', '2026-02-09 03:59:30');

--
-- Dumping data for table `directors_ru`
--

INSERT INTO `directors_ru` (`id`, `master_id`, `name`, `title`, `bio`, `created_at`, `updated_at`) VALUES
(1, 'dir-001', 'Hantash Najam', 'Исполнительный директор', 'Ханташ Наджам — основатель и управляющий директор компании Bio Green Wax Ltd. Благодаря обширному опыту в области международной торговли и товарных рынков, он выстроил сеть надежных поставщиков в странах Юго-Восточной Азии, Африки и Южной Америки. Ханташ также является директором компании Bio Greenware Ltd, обладающей богатым опытом в области устойчивого поиска и распространения продукции. Его видение для Bio Green Wax — создать компанию, которая ориентируется на качество, устойчивость и партнерские отношения с клиентами.', '2026-02-08 15:24:23', '2026-02-09 03:52:29'),
(2, 'dir-002', 'Умеш Говда', 'Директор', 'Умеш Гауда приносит ценную экспертизу в области операций и управления цепочками поставок в Bio Green Wax Ltd. Его опыт в области логистики и международной торговли способствует тому, чтобы наши продукты закупались эффективно и доставлялись надежно клиентам по всему Великобритании и за её пределами. Умеш привержен поддержанию высочайших стандартов качества и сервиса во всех наших операциях.', '2026-02-08 15:28:21', '2026-02-09 03:59:33');

--
-- Dumping data for table `directors_sw`
--

INSERT INTO `directors_sw` (`id`, `master_id`, `name`, `title`, `bio`, `created_at`, `updated_at`) VALUES
(1, 'dir-001', 'Hantash Najam', 'Mkurugenzi Mkuu', 'Hantash Najam ni mwanzilishi na Mkurugenzi Mkuu wa Bio Green Wax Ltd. Kwa uzoefu mkubwa katika biashara za kimataifa na masoko ya bidhaa, amejenga mtandao wa Wasambazaji wanaoaminika kote Asia Kusini-Mashariki, Afrika, na Amerika Kusini. Hantash pia ni mkurugenzi wa Bio Greenware Ltd, akileta uzoefu mwingi katika utafutaji na usambazaji wa bidhaa za kiustawi. Maono yake kwa Bio Green Wax ni kuunda kampuni inayoweka mbele ubora, uendelevu, na ushirikiano wa wateja.', '2026-02-08 15:25:12', '2026-02-09 03:52:35'),
(2, 'dir-002', 'Umesh Gowda', 'Mkurugenzi', 'Umesh Gowda analeta ujuzi wa kina katika usimamizi wa shughuli na mbinu za usambazaji kwa Bio Green Wax Ltd. Uzoefu wake katika usafirishaji na biashara za kimataifa unasaidia kuhakikisha kuwa bidhaa zetu zinapatikana kwa ufanisi na zinawafikia wateja kwa imani katika Uingereza na zaidi ya hapo. Umesh amejitolea kudumisha viwango vya juu vya ubora na huduma katika shughuli zetu zote.', '2026-02-08 15:28:58', '2026-02-09 03:59:39');

--
-- Dumping data for table `directors_th`
--

INSERT INTO `directors_th` (`id`, `master_id`, `name`, `title`, `bio`, `created_at`, `updated_at`) VALUES
(1, 'dir-001', 'Hantash Najam', 'ผู้จัดการฝ่ายบริหาร', 'Hantash Najam คือผู้ก่อตั้งและกรรมการผู้จัดการของ Bio Green Wax Ltd. ด้วยประสบการณ์อันลึกซึ้งในด้านการค้าระหว่างประเทศและตลาดสินค้าโภคภัณฑ์ เขาได้สร้างเครือข่ายซัพพลายเออร์ที่เชื่อถือได้ทั่วเอเชียตะวันออกเฉียงใต้ แอฟริกา และอเมริกาใต้ Hantash ยังเป็นกรรมการของ Bio Greenware Ltd ซึ่งนำเสนอประสบการณ์อันรุ่มรวยในด้านการจัดหาและจัดจำหน่ายผลิตภัณฑ์อย่างยั่งยืน วิสัยทัศน์ของเขาสำหรับ Bio Green Wax คือการสร้างบริษัทที่ให้ความสำคัญกับคุณภาพ ความยั่งยืน และความร่วมมือกับลูกค้า', '2026-02-08 15:26:33', '2026-02-09 03:52:44'),
(2, 'dir-002', 'อูเมช โวดา', 'ผู้กำกับ', 'อูเมช โ Gowda นำความเชี่ยวชาญอันมีค่าด้านการดำเนินงานและการจัดการซัพพลายเชนมาสู่ Bio Green Wax Ltd. พื้นฐานของเขาในด้านโลจิสติกส์และการค้าระหว่างประเทศช่วยให้มั่นใจได้ว่าสินค้าของเราได้รับการจัดหาอย่างมีประสิทธิภาพและส่งมอบอย่างน่าเชื่อถือให้กับลูกค้าทั้งในสหราชอาณาจักรและนอกเหนือจากนั้น อูเมชมุ่งมั่นที่จะรักษามาตรฐานสูงสุดด้านคุณภาพและการบริการในทุกการดำเนินงานของเรา', '2026-02-08 15:29:52', '2026-02-09 03:59:49');

--
-- Dumping data for table `directors_tr`
--

INSERT INTO `directors_tr` (`id`, `master_id`, `name`, `title`, `bio`, `created_at`, `updated_at`) VALUES
(1, 'dir-001', 'Hantash Najam', 'Genel Müdür', 'Hantash Najam, Bio Green Wax Ltd.\'nin kurucusu ve Yönetim Kurulu Başkanıdır. Uluslararası ticaret ve emtia piyasalarında geniş deneyime sahip olan Hantash, Güneydoğu Asya, Afrika ve Güney Amerika genelinde güvenilir tedarikçilerden oluşan bir ağ kurmuştur. Ayrıca, Bio Greenware Ltd.\'nin direktörlüğünü yapan Hantash, sürdürülebilir ürün tedariki ve dağıtımı konularında zengin bir deneyime sahiptir. Bio Green Wax için vizyonu, kalite, sürdürülebilirlik ve müşteri ortaklıklarını ön planda tutan bir şirket yaratmaktır.', '2026-02-08 15:25:27', '2026-02-09 03:52:37'),
(2, 'dir-002', 'Umesh Gowda', 'Yönetmen', 'Umesh Gowda, Bio Green Wax Ltd.\'ye operasyonlar ve tedarik zinciri yönetimi konusunda değerli uzmanlık katmaktadır. Lojistik ve uluslararası ticaret geçmişi, ürünlerimizin verimli şekilde temin edilmesini ve İngiltere genelinde ve ötesinde müşterilere güvenilir şekilde ulaştırılmasını sağlamaya yardımcı olmaktadır. Umesh, tüm operasyonlarımızda en yüksek kalite ve hizmet standartlarını korumaya kendini adamıştır.', '2026-02-08 15:29:10', '2026-02-09 03:59:41');

--
-- Dumping data for table `directors_vi`
--

INSERT INTO `directors_vi` (`id`, `master_id`, `name`, `title`, `bio`, `created_at`, `updated_at`) VALUES
(1, 'dir-001', 'Hantash Najam', 'Giám đốc Điều hành', 'Hantash Najam là nhà sáng lập và Giám đốc Điều hành của Bio Green Wax Ltd. Với kinh nghiệm dạn dày trong thương mại quốc tế và thị trường hàng hóa, ông đã xây dựng được một mạng lưới nhà cung cấp đáng tin cậy khắp Đông Nam Á, Châu Phi và Nam Mỹ. Hantash cũng là giám đốc của Bio Greenware Ltd, mang đến một kho tàng kinh nghiệm về sourcing và phân phối các sản phẩm bền vững. Tầm nhìn của ông đối với Bio Green Wax là tạo ra một công ty đặt chất lượng, tính bền vững và mối quan hệ khách hàng làm trọng tâm.', '2026-02-08 15:25:46', '2026-02-09 03:52:40'),
(2, 'dir-002', 'Umesh Gowda', 'Giám đốc', 'Umesh Gowda mang đến kiến thức quý giá về vận hành và quản lý chuỗi cung ứng cho Bio Green Wax Ltd. Nền tảng của anh ấy trong lĩnh vực logistics và thương mại quốc tế giúp đảm bảo các sản phẩm của chúng tôi được mua nguồn một cách hiệu quả và giao hàng đáng tin cậy đến khách hàng khắp Vương quốc Anh và hơn thế nữa. Umesh luôn cống hiến để duy trì các tiêu chuẩn cao nhất về chất lượng và dịch vụ trong tất cả các hoạt động của chúng tôi.', '2026-02-08 15:29:20', '2026-02-09 03:59:44');

--
-- Dumping data for table `directors_zh`
--

INSERT INTO `directors_zh` (`id`, `master_id`, `name`, `title`, `bio`, `created_at`, `updated_at`) VALUES
(1, 'dir-001', '汉塔什·纳贾姆', '总经理', 'Hantash Najam 是 Bio Green Wax Ltd. 的创始人兼董事总经理。凭借在国际贸易和大宗商品市场方面的丰富经验，他在东南亚、非洲和南美建立了一个值得信赖的供应商网络。Hantash 还是 Bio Greenware Ltd. 的董事，在可持续产品采购和分销方面拥有丰富的经验。他对 Bio Green Wax 的愿景是打造一家以质量、可持续发展和客户合作为优先的公司。', '2026-02-08 15:23:17', '2026-02-09 03:52:16'),
(2, 'dir-002', '乌梅什·高达', '导演', 'Umesh Gowda为Bio Green Wax Ltd.带来了宝贵的运营与供应链管理专业知识。他在物流和国际贸易方面的背景有助于确保我们的产品高效采购，并可靠地交付给英国及其他地区的客户。Umesh致力于在所有业务中保持最高的质量和服务标准。', '2026-02-08 15:27:19', '2026-02-09 03:59:22');

--
-- Dumping data for table `global_operations`
--

INSERT INTO `global_operations` (`id`, `location_name`, `country`, `description`, `operations_type`, `display_order`, `is_active`, `synchronized_data`, `created_at`) VALUES
('ops-001', 'London', 'United Kingdom', 'Global headquarters, sales, and customer service', 'Headquarters', 1, 1, 1, '2026-02-05 21:03:49'),
('ops-002', 'Mumbai', 'India', 'South Asia sourcing and quality control', 'Sourcing & QC', 2, 1, 1, '2026-02-05 21:03:49'),
('ops-003', 'Dubai', 'United Arab Emirates', 'Middle East and Africa regional operations', 'Regional Hub', 3, 1, 1, '2026-02-05 21:03:49'),
('ops-004', 'Jakarta', 'Indonesia', 'Southeast Asia palm oil and wax sourcing', 'Sourcing', 4, 1, 1, '2026-02-05 21:03:49');

--
-- Dumping data for table `global_operations_ar`
--

INSERT INTO `global_operations_ar` (`id`, `master_id`, `location_name`, `description`, `created_at`, `updated_at`) VALUES
(1, 'ops-001', 'لندن', 'المقر الرئيسي العالمي، المبيعات، وخدمة العملاء', '2026-02-08 15:30:31', '2026-02-09 03:59:56'),
(2, 'ops-002', 'مومباي', 'المصدر والتحكم في الجودة في جنوب آسيا', '2026-02-08 15:31:39', '2026-02-09 04:00:15'),
(3, 'ops-003', 'دبي', 'العمليات الإقليمية في الشرق الأوسط وأفريقيا', '2026-02-08 15:40:10', '2026-02-09 04:00:33'),
(4, 'ops-004', 'جاكرتا', 'توريد زيت النخيل والشموع في جنوب شرق آسيا', '2026-02-08 15:41:19', '2026-02-09 04:00:51');

--
-- Dumping data for table `global_operations_de`
--

INSERT INTO `global_operations_de` (`id`, `master_id`, `location_name`, `description`, `created_at`, `updated_at`) VALUES
(1, 'ops-001', 'London', 'Weltzentrale, Vertrieb und Kundenservice', '2026-02-08 15:30:45', '2026-02-09 04:00:00'),
(2, 'ops-002', 'Mumbai', 'Südasiatische Beschaffung und Qualitätskontrolle', '2026-02-08 15:31:53', '2026-02-09 04:00:20'),
(3, 'ops-003', 'Dubai', 'Mittlerer Osten und Afrika regionale Betriebe', '2026-02-08 15:40:25', '2026-02-09 04:00:37'),
(4, 'ops-004', 'Jakarta', 'Süheastasiatischer Palmöl- und Wachsbezug', '2026-02-08 15:41:43', '2026-02-09 04:00:54');

--
-- Dumping data for table `global_operations_es`
--

INSERT INTO `global_operations_es` (`id`, `master_id`, `location_name`, `description`, `created_at`, `updated_at`) VALUES
(1, 'ops-001', 'Londres', 'Sede global, ventas y atención al cliente', '2026-02-08 15:30:22', '2026-02-09 03:59:54'),
(2, 'ops-002', 'Mumbai', 'Aprovechamiento y control de calidad en el Sud de Asia', '2026-02-08 15:31:31', '2026-02-09 04:00:12'),
(3, 'ops-003', 'Dubái', 'Operaciones regionales de Oriente Medio y África', '2026-02-08 15:40:04', '2026-02-09 04:00:31'),
(4, 'ops-004', 'Jakarta', 'Adquisición de aceite de palma y cera en el sudeste asiático', '2026-02-08 15:41:10', '2026-02-09 04:00:48');

--
-- Dumping data for table `global_operations_fr`
--

INSERT INTO `global_operations_fr` (`id`, `master_id`, `location_name`, `description`, `created_at`, `updated_at`) VALUES
(1, 'ops-001', 'Londres', 'Siège mondial, ventes et service client', '2026-02-08 15:30:27', '2026-02-09 03:59:55'),
(2, 'ops-002', 'Mumbai', 'Approvisionnement et contrôle qualité en Asie du Sud', '2026-02-08 15:31:35', '2026-02-09 04:00:13'),
(3, 'ops-003', 'Dubaï', 'opérations régionales du Moyen-Orient et d\'Afrique', '2026-02-08 15:40:08', '2026-02-09 04:00:32'),
(4, 'ops-004', 'Jakarta', 'Approvisionnement en huile de palme et en cire d\'Asie du Sud-Est', '2026-02-08 15:41:15', '2026-02-09 04:00:50');

--
-- Dumping data for table `global_operations_it`
--

INSERT INTO `global_operations_it` (`id`, `master_id`, `location_name`, `description`, `created_at`, `updated_at`) VALUES
(1, 'ops-001', 'Londra', 'Sede centrale globale, vendite e assistenza clienti', '2026-02-08 15:31:14', '2026-02-09 04:00:09'),
(2, 'ops-002', 'Mumbai', 'Acquisto e controllo qualità dell\'Asia del Sud', '2026-02-08 15:32:29', '2026-02-09 04:00:28'),
(3, 'ops-003', 'Dubai', 'Operazioni regionali del Medio Oriente e Africa', '2026-02-08 15:40:55', '2026-02-09 04:00:45'),
(4, 'ops-004', 'Jakarta', 'Approvvigionamento di olio di palma e cera dal Sud-Est Asiatico', '2026-02-08 15:42:29', '2026-02-09 04:01:01');

--
-- Dumping data for table `global_operations_ja`
--

INSERT INTO `global_operations_ja` (`id`, `master_id`, `location_name`, `description`, `created_at`, `updated_at`) VALUES
(1, 'ops-001', 'ロンドン', 'グローバル本社、販売、カスタマーサービス', '2026-02-08 15:30:49', '2026-02-09 04:00:01'),
(2, 'ops-002', 'ムンバイ', '南アジアの調達と品質管理', '2026-02-08 15:31:57', '2026-02-09 04:00:21'),
(3, 'ops-003', 'ドバイ', '中東・アフリカ地域の事業運営', '2026-02-08 15:40:29', '2026-02-09 04:00:38'),
(4, 'ops-004', 'ジャカルタ', '東南アジアのパーム油とワックスの調達', '2026-02-08 15:41:49', '2026-02-09 04:00:55');

--
-- Dumping data for table `global_operations_ko`
--

INSERT INTO `global_operations_ko` (`id`, `master_id`, `location_name`, `description`, `created_at`, `updated_at`) VALUES
(1, 'ops-001', '런던', '글로벌 본사, 판매 및 고객 서비스', '2026-02-08 15:31:07', '2026-02-09 04:00:06'),
(2, 'ops-002', '뭄바이', '남아시아 소싱 및 품질 관리', '2026-02-08 15:32:20', '2026-02-09 04:00:26'),
(3, 'ops-003', '두바이', '중동 및 아프리카 지역 운영', '2026-02-08 15:40:46', '2026-02-09 04:00:42'),
(4, 'ops-004', '자카르타', '동남아시아 야자유 및 왁스 조달', '2026-02-08 15:42:18', '2026-02-09 04:00:59');

--
-- Dumping data for table `global_operations_pl`
--

INSERT INTO `global_operations_pl` (`id`, `master_id`, `location_name`, `description`, `created_at`, `updated_at`) VALUES
(1, 'ops-001', 'Londyn', 'Siedziba główna, sprzedaż i obsługa klienta', '2026-02-08 15:31:22', '2026-02-09 04:00:10'),
(2, 'ops-002', 'Mumbaj', 'Źródła zaopatrzenia i kontrola jakości w Azji Południowej', '2026-02-08 15:32:37', '2026-02-09 04:00:29'),
(3, 'ops-003', 'Dubaj', 'Działalność regionalna w regionie Bliskiego Wschodu i Afryki', '2026-02-08 15:40:58', '2026-02-09 04:00:46'),
(4, 'ops-004', 'Dżakarta', 'Pozyskiwanie oleju palmowego i wosku z Azji Południowo-Wschodniej', '2026-02-08 15:42:35', '2026-02-09 04:01:03');

--
-- Dumping data for table `global_operations_pt`
--

INSERT INTO `global_operations_pt` (`id`, `master_id`, `location_name`, `description`, `created_at`, `updated_at`) VALUES
(1, 'ops-001', 'Londres', 'Sede global, vendas e atendimento ao cliente', '2026-02-08 15:30:35', '2026-02-09 03:59:58'),
(2, 'ops-002', 'Mumbai', 'Aquisição e controle de qualidade na Ásia do Sul', '2026-02-08 15:31:45', '2026-02-09 04:00:17'),
(3, 'ops-003', 'Dubai', 'operações regionais do Oriente Médio e África', '2026-02-08 15:40:15', '2026-02-09 04:00:35'),
(4, 'ops-004', 'Jacarta', 'Aquisição de óleo de palma e cera no Sudeste Asiático', '2026-02-08 15:41:29', '2026-02-09 04:00:52');

--
-- Dumping data for table `global_operations_ru`
--

INSERT INTO `global_operations_ru` (`id`, `master_id`, `location_name`, `description`, `created_at`, `updated_at`) VALUES
(1, 'ops-001', 'Лондон', 'Глобальная штаб-квартира, отдел продаж и обслуживания клиентов', '2026-02-08 15:30:40', '2026-02-09 03:59:59'),
(2, 'ops-002', 'Мумбаи', 'Источник в Южной Азии и контроль качества', '2026-02-08 15:31:48', '2026-02-09 04:00:19'),
(3, 'ops-003', 'Дубай', 'Региональные операции на Ближнем Востоке и в Африке', '2026-02-08 15:40:20', '2026-02-09 04:00:36'),
(4, 'ops-004', 'Джакарта', 'Закупка пальмового масла и воска в Юго-Восточной Азии', '2026-02-08 15:41:38', '2026-02-09 04:00:53');

--
-- Dumping data for table `global_operations_sw`
--

INSERT INTO `global_operations_sw` (`id`, `master_id`, `location_name`, `description`, `created_at`, `updated_at`) VALUES
(1, 'ops-001', 'London', 'Makao makuu ya kimataifa, mauzo, na huduma kwa wateja', '2026-02-08 15:30:53', '2026-02-09 04:00:02'),
(2, 'ops-002', 'Mumbai', 'Ukununua na udhibiti wa ubora vya Kusini mwa Asia', '2026-02-08 15:32:01', '2026-02-09 04:00:22'),
(3, 'ops-003', 'Dubai', 'Operesheni za mikoa ya Kati, Mashariki ya Kati na Afrika', '2026-02-08 15:40:33', '2026-02-09 04:00:39'),
(4, 'ops-004', 'Jakarta', 'Upatikanaji wa mafuta ya nazi na wax kutoka Kusini-Mashariki mwa Asia', '2026-02-08 15:42:03', '2026-02-09 04:00:56');

--
-- Dumping data for table `global_operations_th`
--

INSERT INTO `global_operations_th` (`id`, `master_id`, `location_name`, `description`, `created_at`, `updated_at`) VALUES
(1, 'ops-001', 'ลอนดอน', 'สำนักงานใหญ่ระดับโลก ฝ่ายขาย และ บริการลูกค้า', '2026-02-08 15:31:11', '2026-02-09 04:00:07'),
(2, 'ops-002', 'มุมไบ', 'การจัดซื้อและควบคุมคุณภาพในเอเชียใต้', '2026-02-08 15:32:25', '2026-02-09 04:00:27'),
(3, 'ops-003', 'ดูไบ', 'การดำเนินงานระดับภูมิภาคในตะวันออกกลางและแอฟริกา', '2026-02-08 15:40:50', '2026-02-09 04:00:43'),
(4, 'ops-004', 'จาการ์ตา', 'การจัดหาน้ำมันปาล์มและขี้ผึ้งในเอเชียตะวันออกเฉียงใต้', '2026-02-08 15:42:23', '2026-02-09 04:01:00');

--
-- Dumping data for table `global_operations_tr`
--

INSERT INTO `global_operations_tr` (`id`, `master_id`, `location_name`, `description`, `created_at`, `updated_at`) VALUES
(1, 'ops-001', 'Londra', 'Global genel merkez, satışlar ve müşteri hizmetleri', '2026-02-08 15:30:58', '2026-02-09 04:00:04'),
(2, 'ops-002', 'Mumbai', 'Güney Asya tedarik ve kalite kontrolü', '2026-02-08 15:32:10', '2026-02-09 04:00:23'),
(3, 'ops-003', 'Dubail', 'Orta Doğu ve Afrika bölgesel operasyonları', '2026-02-08 15:40:39', '2026-02-09 04:00:40'),
(4, 'ops-004', 'Jakarta', 'Güneydoğu Asya palm yağı ve mum tedariki', '2026-02-08 15:42:10', '2026-02-09 04:00:57');

--
-- Dumping data for table `global_operations_vi`
--

INSERT INTO `global_operations_vi` (`id`, `master_id`, `location_name`, `description`, `created_at`, `updated_at`) VALUES
(1, 'ops-001', 'London', 'Trụ sở chính toàn cầu, bộ phận bán hàng và dịch vụ khách hàng', '2026-02-08 15:31:04', '2026-02-09 04:00:05'),
(2, 'ops-002', 'Mumbai', 'Nguồn cung ứng và kiểm soát chất lượng tại Nam Á', '2026-02-08 15:32:16', '2026-02-09 04:00:24'),
(3, 'ops-003', 'Dubai', 'hoạt động khu vực Trung Đông và châu Phi', '2026-02-08 15:40:43', '2026-02-09 04:00:41'),
(4, 'ops-004', 'Jakarta', 'Nguồn cung dầu cọ và sáp ở Đông Nam Á', '2026-02-08 15:42:15', '2026-02-09 04:00:58');

--
-- Dumping data for table `global_operations_zh`
--

INSERT INTO `global_operations_zh` (`id`, `master_id`, `location_name`, `description`, `created_at`, `updated_at`) VALUES
(1, 'ops-001', '伦敦', '全球总部、销售部和客户服务', '2026-02-08 15:30:17', '2026-02-09 03:59:54'),
(2, 'ops-002', '孟买', '南亚采购与质量控制', '2026-02-08 15:31:26', '2026-02-09 04:00:11'),
(3, 'ops-003', '迪拜', '中东与非洲区域运营', '2026-02-08 15:40:00', '2026-02-09 04:00:30'),
(4, 'ops-004', '雅加达', '东南亚棕榈油与蜡原料采购', '2026-02-08 15:41:02', '2026-02-09 04:00:47');

--
-- Dumping data for table `hero_slides`
--

INSERT INTO `hero_slides` (`id`, `title`, `subtitle`, `cta_text`, `cta_link`, `image_url`, `display_order`, `is_active`, `synchronized_data`, `created_at`) VALUES
('29991d1d-087a-4b6e-be55-d74d0cc70cd8', 'RSPO SG (Segregated) and MB (Mass Balance) Palm derivatives', 'Sustainable Palm Oil Processing: From Fruit to Certified Derivatives under RSPO Segregated and Mass Balance Models', 'View Products', '/products', '/uploads/hero_slides/29991d1d-087a-4b6e-be55-d74d0cc70cd8.jpg', 0, 1, 0, '2026-02-09 08:02:10'),
('b1a3a562-6f7a-47b5-9481-c6e3dc3bd104', 'From Farm to Global Trade', 'Vibrant Rapeseed, Soy, Sunflower fields, and RSPO-certified Palm plantations fueling our supply chain.', 'About Us', '/about', '/uploads/hero_slides/b1a3a562-6f7a-47b5-9481-c6e3dc3bd104.jpg', 5, 1, 0, '2026-02-09 08:38:50'),
('slide-001', 'Premium edible oils from Nature\'s Finest', 'Soy, Palm, Rapeseed, Sunflower, Olive, and Coconut oils ready for B2B worldwide.', 'Explore Our Oils', '/products?category=edible-oils', '/uploads/hero_slides/slide-001.jpg', 1, 1, 0, '2026-02-05 21:03:49'),
('slide-002', 'Industrial Waxes for Every Application', 'High-performance waxes for candle making, cosmetics, and more', 'View Wax Range', '/products?category=industrial-waxes', '/uploads/hero_slides/slide-002.jpg', 2, 1, 0, '2026-02-05 21:03:49'),
('slide-003', 'Your Trusted Partner for Industrial Needs', 'Decades of expertise in natural oils and industrial waxes', 'About Us', '/about', '/images/hero/hero-3.webp', 3, 1, 1, '2026-02-05 21:03:49');

--
-- Dumping data for table `hero_slides_ar`
--

INSERT INTO `hero_slides_ar` (`id`, `master_id`, `title`, `subtitle`, `cta_text`, `created_at`, `updated_at`) VALUES
(1, '29991d1d-087a-4b6e-be55-d74d0cc70cd8', 'مشتقات نخيل الزيت RSPO SG (المنفصلة) و MB (التوازن الكتلي)', 'معالجة زيت النخيل المستدام: من الثمرة إلى مشتقات معتمدة تحت نماذج RSPO المنفصلة والمتوازنة', 'عرض المنتجات', '2026-02-09 17:04:00', '2026-02-09 17:04:00'),
(2, 'b1a3a562-6f7a-47b5-9481-c6e3dc3bd104', 'من المزرعة إلى التجارة العالمية', 'مناطق حيوية من حقول الكانولا، الصويا، دوار الشمس، ومزارع النخيل المعتمدة من RSPO تغذي سلسلة التوريد لدينا.', 'من نحن', '2026-02-09 17:05:35', '2026-02-09 17:05:35'),
(3, 'slide-001', 'زيوت طعام فاخرة من أجود منتجات الطبيعة', 'زيت الصويا، زيت النخيل، زيت الكانولا، زيت عباد الشمس، زيت الزيتون، وزيت جوز الهند جاهزة للتوريد بين الشركات في جميع أنحاء العالم.', 'استكشف زيوتنا', '2026-02-08 15:43:37', '2026-02-09 17:04:31'),
(4, 'slide-002', 'شموع صناعية لكل تطبيق', 'شمعات عالية الأداء لصناعة الشموع، ومستحضرات التجميل، والمزيد', 'عرض مجموعة شمع الشمع', '2026-02-08 15:47:21', '2026-02-09 17:05:03'),
(5, 'slide-003', 'شريكك الموثوق لاحتياجات الصناعة', 'عقود من الخبرة في الزيوت الطبيعية وشموع الصناعية', 'معلومات عنا', '2026-02-08 15:49:45', '2026-02-09 17:06:10');

--
-- Dumping data for table `hero_slides_de`
--

INSERT INTO `hero_slides_de` (`id`, `master_id`, `title`, `subtitle`, `cta_text`, `created_at`, `updated_at`) VALUES
(1, '29991d1d-087a-4b6e-be55-d74d0cc70cd8', 'RSPO SG (Segregated) und MB (Mass Balance) Palmölabkömmlinge', 'Nachhaltige Palmölverarbeitung: Vom Frucht bis zu zertifizierten Derivaten im Rahmen der RSPO-Modelle \"Segregated\" und \"Mass Balance\"', 'Produkte anzeigen', '2026-02-09 17:04:07', '2026-02-09 17:04:07'),
(2, 'b1a3a562-6f7a-47b5-9481-c6e3dc3bd104', 'Vom Bauernhof zum globalen Handel', 'Lebendige Raps-, Soja-, Sonnenblumenfelder und RSPO-zertifizierte Palmenplantagen, die unsere Lieferkette antreiben.', 'Über uns', '2026-02-09 17:05:42', '2026-02-09 17:05:42'),
(3, 'slide-001', 'Premium essbare Öle von Nature\'s Finest', 'Sojabohnen-, Palm-, Raps-, Sonnenblumen-, Oliven- und Kokosöle bereit für B2B weltweit.', 'Entdecken Sie unsere Öle', '2026-02-08 15:45:10', '2026-02-09 17:04:37'),
(4, 'slide-002', 'Industrielle Wachse für jede Anwendung', 'Hochleistungswachse für die Kerzenherstellung, Kosmetik und mehr', 'Ansicht Wachs-Bereich', '2026-02-08 15:47:49', '2026-02-09 17:05:10'),
(5, 'slide-003', 'Ihr vertrauenswürdiger Partner für industrielle Bedürfnisse', 'Jahrzehnte an Erfahrung mit natürlichen Ölen und industriellen Wachsen', 'Über uns', '2026-02-08 15:50:09', '2026-02-09 17:06:16');

--
-- Dumping data for table `hero_slides_es`
--

INSERT INTO `hero_slides_es` (`id`, `master_id`, `title`, `subtitle`, `cta_text`, `created_at`, `updated_at`) VALUES
(1, '29991d1d-087a-4b6e-be55-d74d0cc70cd8', 'Derivados de palma RSPO SG (Segregado) y MB (Equilibrio en masa)', 'Procesamiento de Aceite de Palma Sostenible: Desde la Fruta hasta Derivados Certificados bajo los Modelos Segregado y Balance Masa de RSPO', 'Ver productos', '2026-02-09 17:03:56', '2026-02-09 17:03:56'),
(2, 'b1a3a562-6f7a-47b5-9481-c6e3dc3bd104', 'De la granja al comercio global', 'Campos vibrantes de colza, soja, girasoles y plantaciones de palma certificadas por la RSPO que impulsan nuestra cadena de suministro.', 'Sobre Nosotros', '2026-02-09 17:05:30', '2026-02-09 17:05:30'),
(3, 'slide-001', 'Aceites comestibles premium de la mejor calidad de la naturaleza', 'Aceites de soja, palma, colza, girasol, oliva y coco listos para B2B en todo el mundo.', 'Explora nuestros aceites', '2026-02-08 15:43:18', '2026-02-09 17:04:27'),
(4, 'slide-002', 'Ceras industriales para todas las aplicaciones', 'Ceras de alto rendimiento para la fabricación de velas, cosméticos y más', 'Ver Rango de Cera', '2026-02-08 15:46:58', '2026-02-09 17:05:00'),
(5, 'slide-003', 'Su socio de confianza para las necesidades industriales', 'Décadas de experiencia en aceites naturales y ceras industriales', 'Sobre Nosotros', '2026-02-08 15:49:30', '2026-02-09 17:06:05');

--
-- Dumping data for table `hero_slides_fr`
--

INSERT INTO `hero_slides_fr` (`id`, `master_id`, `title`, `subtitle`, `cta_text`, `created_at`, `updated_at`) VALUES
(1, '29991d1d-087a-4b6e-be55-d74d0cc70cd8', 'Dérivés de palme RSPO SG (Segregated) et MB (Mass Balance)', 'Transformation durable de l\'huile de palme : du fruit aux dérivés certifiés selon les modèles RSPO Segregated et Mass Balance', 'Voir les produits', '2026-02-09 17:03:58', '2026-02-09 17:03:58'),
(2, 'b1a3a562-6f7a-47b5-9481-c6e3dc3bd104', 'De la ferme au commerce mondial', 'Champs de Colza, de Soja, de Tournesol vibrants, et plantations de Palmier certifiées RSPO alimentant notre chaîne d\'approvisionnement.', 'À propos de nous', '2026-02-09 17:05:32', '2026-02-09 17:05:32'),
(3, 'slide-001', 'Huiles comestibles Premium de la meilleure qualité de la nature', 'Huiles de soja, de palmier, de colza, de tournesol, d\'olive et de coco prêtes pour le B2B dans le monde entier.', 'Découvrez Nos Huiles', '2026-02-08 15:43:28', '2026-02-09 17:04:29'),
(4, 'slide-002', 'Cires industrielles pour toutes les applications', 'Cires haute performance pour la fabrication de bougies, cosmétiques, et plus encore', 'Voir la gamme Wax', '2026-02-08 15:47:09', '2026-02-09 17:05:01'),
(5, 'slide-003', 'Votre partenaire de confiance pour vos besoins industriels', 'Des décennies d\'expertise en huiles naturelles et cires industrielles', 'À Propos de Nous', '2026-02-08 15:49:36', '2026-02-09 17:06:08');

--
-- Dumping data for table `hero_slides_it`
--

INSERT INTO `hero_slides_it` (`id`, `master_id`, `title`, `subtitle`, `cta_text`, `created_at`, `updated_at`) VALUES
(1, '29991d1d-087a-4b6e-be55-d74d0cc70cd8', 'Derivati di palma RSPO SG (Segregated) e MB (Mass Balance)', 'Lavorazione sostenibile dell\'olio di palma: dal frutto ai derivati certificati sotto i modelli RSPO Segregated e Mass Balance', 'Visualizza Prodotti', '2026-02-09 17:04:21', '2026-02-09 17:04:21'),
(2, 'b1a3a562-6f7a-47b5-9481-c6e3dc3bd104', 'Da Fattoria al Commercio Globale', 'Campi di colza, soia, girasole e piantagioni di palme certificate RSPO che alimentano la nostra filiera.', 'Chi Siamo', '2026-02-09 17:05:59', '2026-02-09 17:05:59'),
(3, 'slide-001', 'Oli vegetali di alta qualità da Nature\'s Finest', 'Oli di Soia, Palma, Colza, Girasole, Oliva e Cocco pronti per il mercato B2B a livello mondiale.', 'Esplora i nostri oli', '2026-02-08 15:46:29', '2026-02-09 17:04:53'),
(4, 'slide-002', 'Cere industriali per ogni applicazione', 'Cere di alta qualità per la produzione di candele, cosmetici e altro ancora', 'Visualizza la gamma di cere', '2026-02-08 15:49:09', '2026-02-09 17:05:24'),
(5, 'slide-003', 'Il tuo partner affidabile per le esigenze industriali', 'Decenni di esperienza in oli naturali e cere industriali', 'Chi Siamo', '2026-02-08 15:51:07', '2026-02-09 17:06:32');

--
-- Dumping data for table `hero_slides_ja`
--

INSERT INTO `hero_slides_ja` (`id`, `master_id`, `title`, `subtitle`, `cta_text`, `created_at`, `updated_at`) VALUES
(1, '29991d1d-087a-4b6e-be55-d74d0cc70cd8', 'RSPO SG（セグレゲート）およびMB（マスバランス）パーム派生製品', '持続可能なパーム油の加工：果実からRSPOのセグリゲーションモデルとマスバランスモデルによる認証済み派生品へ', '商品を見る', '2026-02-09 17:04:09', '2026-02-09 17:04:09'),
(2, 'b1a3a562-6f7a-47b5-9481-c6e3dc3bd104', '農場からグローバルな取引へ', '活気あふれる菜種、soy（大豆）、ひまわりの畑、そしてRSPO認証のヤシの木 plantations が私たちのサプライチェーンを支えています。', '私たちについて', '2026-02-09 17:05:44', '2026-02-09 17:05:44'),
(3, 'slide-001', '自然の最高品質からのプレミアム食用油', 'B2B向けに、ソイ、パーム、菜種、ひまわり、オリーブ、ココナッツ油を世界中に提供しています。', '私たちのオイルを探索しましょう', '2026-02-08 15:45:27', '2026-02-09 17:04:39'),
(4, 'slide-002', 'あらゆる用途に対応する工業用ワックス', 'キャンドル作りや化粧品などに使われる高性能ワックス', 'ワックス範囲を見る', '2026-02-08 15:47:58', '2026-02-09 17:05:13'),
(5, 'slide-003', '産業ニーズの信頼できるパートナー', '自然油と工業用ワックスの専門知識における数十年の経験', '私たちについて', '2026-02-08 15:50:17', '2026-02-09 17:06:18');

--
-- Dumping data for table `hero_slides_ko`
--

INSERT INTO `hero_slides_ko` (`id`, `master_id`, `title`, `subtitle`, `cta_text`, `created_at`, `updated_at`) VALUES
(1, '29991d1d-087a-4b6e-be55-d74d0cc70cd8', 'RSPO SG (Segregated) 및 MB (Mass Balance) 팜 유도체', '지속 가능한 팜유 가공: RSPO 분리 및 콩형(범용) 모델 하의 과일에서 인증 파생품까지', '제품 보기', '2026-02-09 17:04:17', '2026-02-09 17:04:17'),
(2, 'b1a3a562-6f7a-47b5-9481-c6e3dc3bd104', '농장에서 글로벌 무역까지', '생기 넘치는 유채, 콩, 해바라기 밭과 RSPO 인증 팜 플랜테이션이 우리의 공급망을 뒷받침하고 있습니다.', '회사 소개', '2026-02-09 17:05:54', '2026-02-09 17:05:54'),
(3, 'slide-001', '자연이 선사하는 최고의 프리미엄 식용유', '전 세계 B2B를 위해 준비된 소이, 팜, 유채, 해바라기, 올리브, 코코넛 오일입니다.', '우리 오일을 탐험해보세요', '2026-02-08 15:46:08', '2026-02-09 17:04:48'),
(4, 'slide-002', '모든 용도에 맞는 산업용 왁스', '양초 제작, 화장품, 기타 용도를 위한 고성능 왁스', '왁스 범위 보기', '2026-02-08 15:48:49', '2026-02-09 17:05:21'),
(5, 'slide-003', '산업 필요에 대한 믿을 수 있는 파트너', '자연유 및 산업용 왁스 분야에서 수십 년의 전문성', '회사 소개', '2026-02-08 15:50:52', '2026-02-09 17:06:27');

--
-- Dumping data for table `hero_slides_pl`
--

INSERT INTO `hero_slides_pl` (`id`, `master_id`, `title`, `subtitle`, `cta_text`, `created_at`, `updated_at`) VALUES
(1, '29991d1d-087a-4b6e-be55-d74d0cc70cd8', 'RSPO SG (Segregated) i MB (Mass Balance) pochodne z palmy', 'Zrównoważona produkcja oleju palmowego: od owoców do certyfikowanych pochodnych w modelach segregowanego i bilansowego RSPO', 'Zobacz produkty', '2026-02-09 17:04:23', '2026-02-09 17:04:23'),
(2, 'b1a3a562-6f7a-47b5-9481-c6e3dc3bd104', 'Od farmy do globalnego handlu', 'Żwawe pola Rzepaku, Soi, Słonecznika oraz certyfikowane plantacje Palm RSPO napędzają nasz łańcuch dostaw.', 'O nas', '2026-02-09 17:06:01', '2026-02-09 17:06:01'),
(3, 'slide-001', 'Najlepsze jadalne oleje Premium od Nature\'s Finest', 'Oleje sojowe, palmowe, rzepakowe, słonecznikowe, oliwne i kokosowe gotowe do dystrybucji B2B na całym świecie.', 'Poznaj nasze oleje', '2026-02-08 15:46:40', '2026-02-09 17:04:55'),
(4, 'slide-002', 'Woski przemysłowe do każdego zastosowania', 'Woski wysokiej wydajności do produkcji świec, kosmetyków i innych zastosowań', 'Zobacz zakres Wax', '2026-02-08 15:49:16', '2026-02-09 17:05:26'),
(5, 'slide-003', 'Twój zaufany partner w zakresie potrzeb przemysłowych', 'Dekady doświadczenia w dziedzinie naturalnych olejów i wosków przemysłowych', 'O Nas', '2026-02-08 15:51:15', '2026-02-09 17:06:35');

--
-- Dumping data for table `hero_slides_pt`
--

INSERT INTO `hero_slides_pt` (`id`, `master_id`, `title`, `subtitle`, `cta_text`, `created_at`, `updated_at`) VALUES
(1, '29991d1d-087a-4b6e-be55-d74d0cc70cd8', 'Derivados de Palma RSPO SG (Segregado) e MB (Balança de Massa)', 'Processamento sustentável de óleo de palma: do fruto aos derivados certificados sob os modelos segregado e de Balança de Massa da RSPO', 'Ver Produtos', '2026-02-09 17:04:02', '2026-02-09 17:04:02'),
(2, 'b1a3a562-6f7a-47b5-9481-c6e3dc3bd104', 'Da Fazenda ao Comércio Global', 'Campos vibrantes de Colza, Soja, Girassol e plantações de Palmeira certificadas pelo RSPO alimentando nossa cadeia de suprimentos.', 'Sobre Nós', '2026-02-09 17:05:37', '2026-02-09 17:05:37'),
(3, 'slide-001', 'Óleos comestíveis premium da Nature\'s Finest', 'Óleos de soja, palma, canola, girassol, azeitona e coco prontos para B2B em todo o mundo.', 'Explore Nossos Óleos', '2026-02-08 15:43:47', '2026-02-09 17:04:33'),
(4, 'slide-002', 'Ceras industriais para todas as aplicações', 'Ceras de alto desempenho para fabricação de velas, cosméticos e muito mais', 'Visualizar Faixa de Ceras', '2026-02-08 15:47:31', '2026-02-09 17:05:05'),
(5, 'slide-003', 'Seu Parceiro de Confiança para Necessidades Industriais', 'Décadas de experiência em óleos naturais e ceras industriais', 'Sobre Nós', '2026-02-08 15:49:53', '2026-02-09 17:06:12');

--
-- Dumping data for table `hero_slides_ru`
--

INSERT INTO `hero_slides_ru` (`id`, `master_id`, `title`, `subtitle`, `cta_text`, `created_at`, `updated_at`) VALUES
(1, '29991d1d-087a-4b6e-be55-d74d0cc70cd8', 'Деривативы пальмового масла RSPO SG (Segregated) и MB (Mass Balance)', 'Устойчивая переработка пальмового масла: от плода до сертифицированных производных по моделям RSPO Segregated и Mass Balance', 'Просмотр продуктов', '2026-02-09 17:04:05', '2026-02-09 17:04:05'),
(2, 'b1a3a562-6f7a-47b5-9481-c6e3dc3bd104', 'От фермы до глобальной торговли', 'Яркие поля рапса, сои, подсолнечника и сертифицированные по стандарту RSPO плантации пальмового масла, питающие нашу цепочку поставок.', 'О нас', '2026-02-09 17:05:40', '2026-02-09 17:05:40'),
(3, 'slide-001', 'Премиальные съедобные масла от Nature\'s Finest', 'Масла из сои, пальмового, рапсового, подсолнечного, оливкового и кокосового готовы для B2B по всему миру.', 'Исследуйте наши масла', '2026-02-08 15:43:58', '2026-02-09 17:04:35'),
(4, 'slide-002', 'Промышленные воски для любых применений', 'Высокопроизводительные воски для изготовления свечей, косметики и других целей', 'Просмотр диапазона воска', '2026-02-08 15:47:40', '2026-02-09 17:05:07'),
(5, 'slide-003', 'Ваш надежный партнер для промышленных решений', 'Десятилетия опыта в натуральных маслах и промышленной восковой продукции', 'О нас', '2026-02-08 15:50:01', '2026-02-09 17:06:14');

--
-- Dumping data for table `hero_slides_sw`
--

INSERT INTO `hero_slides_sw` (`id`, `master_id`, `title`, `subtitle`, `cta_text`, `created_at`, `updated_at`) VALUES
(1, '29991d1d-087a-4b6e-be55-d74d0cc70cd8', 'RSPO SG (Segregated) na MB (Mass Balance) Derivatives za Miiba', 'Usindikaji wa Mafuta ya Nazi Endelevu: Kutoka kwa Tofaa hadi Mahitimisho Yaliothibitishwa chini ya Modeli za RSPO Segregated na Mass Balance', 'Tazama Bidhaa', '2026-02-09 17:04:11', '2026-02-09 17:04:11'),
(2, 'b1a3a562-6f7a-47b5-9481-c6e3dc3bd104', 'Kutoka Kilimo hadi Biashara ya Kimataifa', 'Mashamba yenye rangi ya vibrant Rapeseed, Soy, Sunflower, na mashamba ya Mikoko yaliyoidhinishwa na RSPO yanayochochea mnyororo wetu wa usambazaji.', 'Kuhusu Sisi', '2026-02-09 17:05:47', '2026-02-09 17:05:47'),
(3, 'slide-001', 'Mafuta ya chakula ya kiwango cha juu kutoka kwa Nature\'s Finest', 'Mafuta ya Soy, Mafuta ya Miti ya Mzeituni, Mafuta ya Rape, Mafuta ya Alizeti, Mafuta ya Mizeituni, na Mafuta ya Nazi yamejiandaa kwa biashara ya B2B duniani kote.', 'Chunguza Mafuta Yetu', '2026-02-08 15:45:37', '2026-02-09 17:04:42'),
(4, 'slide-002', 'Vinyu vya Viwanda kwa Kila Matumizi', 'Wax wenye utendaji wa juu kwa utengenezaji wa mishumaa, vipodozi, na zaidi', 'Tazama Mfululizo wa Wax', '2026-02-08 15:48:19', '2026-02-09 17:05:16'),
(5, 'slide-003', 'Mshirika Wako wa Kuaminika kwa Mahitaji ya Viwanda', 'Mikaka ya ujuzi katika mafuta asilia na wax za viwanda', 'Kuhusu Sisi', '2026-02-08 15:50:29', '2026-02-09 17:06:21');

--
-- Dumping data for table `hero_slides_th`
--

INSERT INTO `hero_slides_th` (`id`, `master_id`, `title`, `subtitle`, `cta_text`, `created_at`, `updated_at`) VALUES
(1, '29991d1d-087a-4b6e-be55-d74d0cc70cd8', 'ผลิตภัณฑ์ทอดในกลุ่ม RSPO SG (Segregated) และ MB (Mass Balance) ของปาล์มน้ำมัน', 'การแปรรูปน้ำมันปาล์มอย่างยั่งยืน: ตั้งแต่ผลไม้สู่ผลิตภัณฑ์ที่ได้รับการรับรองภายใต้โมเดลแยกสายและสมดุลแบบ RSPO', 'ดูสินค้า', '2026-02-09 17:04:19', '2026-02-09 17:04:19'),
(2, 'b1a3a562-6f7a-47b5-9481-c6e3dc3bd104', 'จากฟาร์มสู่การค้าโลก', 'ทุ่งดอกเรปซีด, ถั่วเหลือง, ดอกทานตะวัน และสวนปาล์มที่ได้รับการรับรองจาก RSPO ซึ่งเป็นเสบียงให้กับห่วงโซ่อุปทานของเรา', 'เกี่ยวกับเรา', '2026-02-09 17:05:56', '2026-02-09 17:05:56'),
(3, 'slide-001', 'น้ำมันพืชคุณภาพสูงจาก Nature\'s Finest', 'น้ำมันถั่วเหลือง, ปาล์ม, คาวิซ, ดอกทานตะวัน, มะกอก และมะพร้าว พร้อมสำหรับ B2B ทั่วโลก', 'สำรวจน้ำมันของเรา', '2026-02-08 15:46:18', '2026-02-09 17:04:50'),
(4, 'slide-002', 'เทียนพ wax สำหรับทุกการใช้งาน', 'แว๊กซ์คุณภาพสูงสำหรับการทำเทียน เครื่องสำอาง และอื่นๆ', 'ดูช่วงสินค้า Wax', '2026-02-08 15:48:59', '2026-02-09 17:05:22'),
(5, 'slide-003', 'พันธมิตรที่เชื่อถือได้ของคุณสำหรับความต้องการด้านอุตสาหกรรม', 'หลายทศวรรษของความเชี่ยวชาญในน้ำมันธรรมชาติและขี้ผึ้งอุตสาหกรรม', 'เกี่ยวกับเรา', '2026-02-08 15:50:58', '2026-02-09 17:06:30');

--
-- Dumping data for table `hero_slides_tr`
--

INSERT INTO `hero_slides_tr` (`id`, `master_id`, `title`, `subtitle`, `cta_text`, `created_at`, `updated_at`) VALUES
(1, '29991d1d-087a-4b6e-be55-d74d0cc70cd8', 'RSPO SG (Segregated) ve MB (Mass Balance) Palm türevleri', 'Sürdürülebilir Palmiye Yağı İşleme: Meyveden Sertifikalı Ürünlere RSPO Segregated ve Mass Balance Modelleri altında', 'Ürünleri Görüntüle', '2026-02-09 17:04:13', '2026-02-09 17:04:13'),
(2, 'b1a3a562-6f7a-47b5-9481-c6e3dc3bd104', 'Çiftlikten Küresel Ticarete', 'Canlı Yonca, Soya, Ayçiçeği tarlaları ve RSPO sertifikalı Palm tarlaları tedarik zincirimizi besliyor.', 'Hakkımızda', '2026-02-09 17:05:49', '2026-02-09 17:05:49'),
(3, 'slide-001', 'Nature\'s Finest\'tan Premium yenilebilir yağlar', 'B2B dünyası için hazır olan Soy, Palm, Kanola, Ayçiçek, Zeytin ve Hindistan Cevizi yağları.', 'Hakkımızdaki Yağlarımızı Keşfedin', '2026-02-08 15:45:48', '2026-02-09 17:04:44'),
(4, 'slide-002', 'Her Uygulama İçin Endüstriyel Mumlar', 'Kaliteli performanslı mum yapımı, kozmetik ve daha fazlası için yüksek performanslı waxlar', 'Wax Aralığını Görüntüle', '2026-02-08 15:48:34', '2026-02-09 17:05:17'),
(5, 'slide-003', 'Endüstriyel İhtiyaçlarınız İçin Güvenilir Ortağınız', 'Doğal yağlar ve endüstriyel mumlar alanında onlarca yıllık uzmanlık', 'Hakkımızda', '2026-02-08 15:50:36', '2026-02-09 17:06:23');

--
-- Dumping data for table `hero_slides_vi`
--

INSERT INTO `hero_slides_vi` (`id`, `master_id`, `title`, `subtitle`, `cta_text`, `created_at`, `updated_at`) VALUES
(1, '29991d1d-087a-4b6e-be55-d74d0cc70cd8', 'Các sản phẩm phụ của dầu cọ RSPO SG (Phân loại riêng biệt) và MB (Cân bằng khối lượng)', 'Xử lý Dầu Cọ Bền vững: Từ Quả đến các Sản phẩm Từ chứng nhận theo các mô hình Ngăn xếp và Cân bằng Tổng hợp RSPO', 'Xem Sản Phẩm', '2026-02-09 17:04:16', '2026-02-09 17:04:16'),
(2, 'b1a3a562-6f7a-47b5-9481-c6e3dc3bd104', 'Từ Trang trại đến Thương mại Toàn cầu', 'Các cánh đồng Cải dầu, Đậu nành, Hoa hướng dương tươi sáng và đồn điền Cọ được chứng nhận RSPO đang cung cấp nguồn nguyên liệu cho chuỗi cung ứng của chúng tôi.', 'Về Chúng Tôi', '2026-02-09 17:05:51', '2026-02-09 17:05:51'),
(3, 'slide-001', 'Dầu ăn cao cấp từ những sản phẩm tốt nhất của Thiên nhiên', 'Dầu đậu nành, dầu cọ, dầu cải dầu, dầu hướng dương, dầu ô liu và dầu dừa sẵn sàng phục vụ B2B toàn cầu.', 'Khám phá các loại dầu của chúng tôi', '2026-02-08 15:45:58', '2026-02-09 17:04:46'),
(4, 'slide-002', 'Sáp công nghiệp cho mọi ứng dụng', 'Sáp chất lượng cao cho làm nến, mỹ phẩm và nhiều ứng dụng khác', 'Xem Khoảng Cách Sáp', '2026-02-08 15:48:42', '2026-02-09 17:05:19'),
(5, 'slide-003', 'Đối tác tin cậy của bạn cho các nhu cầu công nghiệp', 'Nhiều thập kỷ kinh nghiệm trong lĩnh vực dầu tự nhiên và sáp công nghiệp', 'Về chúng tôi', '2026-02-08 15:50:44', '2026-02-09 17:06:24');

--
-- Dumping data for table `hero_slides_zh`
--

INSERT INTO `hero_slides_zh` (`id`, `master_id`, `title`, `subtitle`, `cta_text`, `created_at`, `updated_at`) VALUES
(1, '29991d1d-087a-4b6e-be55-d74d0cc70cd8', 'RSPO SG（分离）和MB（质量平衡）棕榈衍生品', '可持续棕榈油加工：从果实到认证衍生品的RSPO分离和质量平衡模式', '查看产品', '2026-02-09 17:03:54', '2026-02-09 17:03:54'),
(2, 'b1a3a562-6f7a-47b5-9481-c6e3dc3bd104', '从农场到全球贸易', '充满生机的油菜、黄豆、向日葵田，以及获得RSPO认证的棕榈油种植园，为我们的供应链提供动力。', '关于我们', '2026-02-09 17:05:28', '2026-02-09 17:05:28'),
(3, 'slide-001', '来自大自然的最佳优质食用油', '大豆油、棕榈油、菜籽油、葵花籽油、橄榄油和椰子油，准备面向全球B2B市场。', '探索我们的油品', '2026-02-08 15:43:09', '2026-02-09 17:04:26'),
(4, 'slide-002', '适用于各种应用的工业蜡', '用于制造蜡烛、化妆品等的高性能蜡', '查看蜡范围', '2026-02-08 15:46:49', '2026-02-09 17:04:57'),
(5, 'slide-003', '您值得信赖的工业合作伙伴', '数十年的天然油和工业蜡专业知识', '关于我们', '2026-02-08 15:49:23', '2026-02-09 17:06:03');

--
-- Dumping data for table `job_applications`
--

INSERT INTO `job_applications` (`id`, `job_opening_id`, `full_name`, `email`, `phone`, `current_company`, `current_position`, `experience_years`, `linkedin_url`, `cover_letter`, `why_suitable`, `value_addition`, `cv_url`, `cv_filename`, `is_general_application`, `is_read`, `created_at`) VALUES
('app-001', 'job-001', 'James Wilson', 'james.wilson@email.com', '+44 7700 123456', 'ABC Chemicals Ltd', 'Senior Sales Executive', 7, 'https://linkedin.com/in/jameswilson', 'I am writing to express my strong interest in the Sales Manager position at Bio Green Wax Ltd.', 'My 7 years of experience in B2B chemical sales makes me an ideal candidate.', 'I can bring my extensive network of industry contacts and proven track record of exceeding sales targets.', NULL, NULL, 0, 0, '2026-02-05 21:03:49'),
('app-002', 'job-002', 'Sarah Thompson', 'sarah.t@email.com', '+44 7800 234567', 'Quality Labs UK', 'QC Analyst', 3, NULL, 'I am excited to apply for the Quality Control Technician role.', 'My chemistry degree and 3 years of QC experience have prepared me well.', 'I am ISO 9001 trained and have experience implementing quality improvement programs.', NULL, NULL, 0, 1, '2026-02-05 21:03:49'),
('app-003', 'job-003', 'Michael Brown', 'mbrown@email.com', '+44 7900 345678', NULL, NULL, 2, NULL, 'I would like to apply for the Warehouse Operative position.', 'I have previous warehouse experience and a valid forklift license.', 'I am reliable, hardworking, and enjoy being part of a team.', NULL, NULL, 0, 0, '2026-02-05 21:03:49'),
('app-004', NULL, 'Emily Roberts', 'emily.roberts@email.com', '+44 7600 456789', 'Self-employed', 'Freelance Writer', 5, 'https://linkedin.com/in/emilyroberts', 'I am submitting my CV for consideration for any suitable marketing or communications roles.', 'I have experience in content marketing for B2B companies.', 'My skills in SEO and content strategy could help grow your online presence.', NULL, NULL, 1, 0, '2026-02-05 21:03:49');

--
-- Dumping data for table `job_openings`
--

INSERT INTO `job_openings` (`id`, `title`, `department`, `location`, `type`, `employment_type`, `description`, `requirements`, `responsibilities`, `is_active`, `synchronized_data`, `display_order`, `created_at`) VALUES
('job-001', 'Sales Manager', 'Sales', 'London, UK', 'Full-time', 'Permanent', 'We are looking for an experienced Sales Manager to lead our UK sales team and drive business growth in the oils and waxes sector.', '[\"5+ years sales experience in B2B environment\", \"Experience in chemicals or commodities industry\", \"Strong negotiation and relationship-building skills\", \"Bachelor\'s degree in Business or related field\"]', 'Lead and manage the UK sales team, Develop and implement sales strategies, Build and maintain key client relationships, Meet quarterly and annual sales targets', 1, 1, 1, '2026-02-05 21:03:49'),
('job-002', 'Quality Control Technician', 'Operations', 'Manchester, UK', 'Full-time', 'Permanent', 'Join our quality team to ensure our products meet the highest standards of quality and compliance.', '[\"Degree in Chemistry or related field\", \"2+ years experience in QC laboratory\", \"Knowledge of GMP and ISO standards\", \"Attention to detail and analytical skills\"]', 'Perform quality testing on incoming materials and finished products, Maintain quality documentation and records, Implement and monitor quality control procedures', 1, 1, 2, '2026-02-05 21:03:49'),
('job-003', 'Warehouse Operative', 'Logistics', 'Birmingham, UK', 'Full-time', 'Permanent', 'We need a reliable Warehouse Operative to join our logistics team handling oils and wax products.', '[\"Previous warehouse experience preferred\", \"Forklift license advantageous\", \"Good physical fitness\", \"Ability to work in a team\"]', 'Pick and pack orders accurately, Receive and check incoming deliveries, Maintain clean and organized warehouse, Assist with stock counts', 1, 1, 3, '2026-02-05 21:03:49'),
('job-004', 'Marketing Coordinator', 'Marketing', 'Remote, UK', 'Part-time', 'Contract', 'Support our marketing team with digital campaigns and content creation for our growing business.', '[\"Experience with social media marketing\", \"Strong written communication skills\", \"Familiarity with B2B marketing\", \"Creative mindset\"]', 'Manage social media accounts, Create marketing content and collateral, Support trade show and event planning, Analyze marketing campaign performance', 1, 1, 4, '2026-02-05 21:03:49');

--
-- Dumping data for table `job_openings_ar`
--

INSERT INTO `job_openings_ar` (`id`, `master_id`, `title`, `description`, `requirements`, `responsibilities`, `created_at`, `updated_at`) VALUES
(1, 'job-001', 'مدير المبيعات', 'نبحث عن مدير مبيعات ذو خبرة لقيادة فريق المبيعات في المملكة المتحدة ودفع نمو الأعمال في قطاع الزيوت والشموع.', '[\"خبرة تزيد عن 5 سنوات في المبيعات في بيئة B2B\", \"خبرة في صناعة الكيماويات أو السلع الأساسية\", \"مهارات تفاوض وبناء علاقات قوية\", \"درجة البكالوريوس في إدارة الأعمال أو مجال ذي صلة\"]', 'قيادة وإدارة فريق المبيعات في المملكة المتحدة، تطوير وتنفيذ استراتيجيات المبيعات، بناء والحفاظ على علاقات العملاء الرئيسية، تحقيق أهداف المبيعات الفصلية والسنوية', '2026-02-06 05:36:26', '2026-02-09 04:25:34'),
(2, 'job-002', 'فني مراقبة الجودة', 'انضم إلى فريق الجودة لدينا لضمان تلبية منتجاتنا لأعلى معايير الجودة والامتثال.', '[\"درجة في الكيمياء أو مجال ذو صلة\", \"خبرة تزيد عن سنتين في مختبر مراقبة الجودة\", \"معرفة بمعايير GMP و ISO\", \"الاهتمام بالتفاصيل والمهارات التحليلية\"]', 'إجراء اختبارات الجودة على المواد الواردة والمنتجات النهائية، الحفاظ على وثائق وسجلات الجودة، تنفيذ ورصد إجراءات مراقبة الجودة', '2026-02-06 05:42:21', '2026-02-09 04:26:25'),
(3, 'job-003', 'عامل مستودع', 'نحن بحاجة إلى عامل مخزن موثوق للانضمام إلى فريق اللوجستيات لدينا الذي يهتم بمنتجات الزيوت والشمع.', '[\"يفضل خبرة سابقة في المخزن\", \"رخصة الرافعة الشوكية ميزة إضافية\", \"لياقة بدنية جيدة\", \"القدرة على العمل ضمن فريق\"]', 'اختيار وتعبئة الطلبات بدقة، استلام وفحص الشحنات الواردة، الحفاظ على نظافة وتنظيم المستودع، المساعدة في جرد المخزون', '2026-02-08 15:08:54', '2026-02-09 04:27:14'),
(4, 'job-004', 'منسق التسويق', 'دعم فريق التسويق لدينا في الحملات الرقمية وإنشاء المحتوى لنمو أعمالنا المستمر.', '[\"الخبرة في التسويق عبر وسائل التواصل الاجتماعي\"، \"مهارات قوية في الكتابة والتواصل\"، \"الاطلاع على التسويق بين الشركات (B2B)\", \"ذهنية إبداعية\"]', 'إدارة حسابات وسائل التواصل الاجتماعي، إنشاء محتوى ومواد تسويقية، دعم تنظيم المعارض التجارية والفعاليات، تحليل أداء الحملات التسويقية', '2026-02-08 15:13:16', '2026-02-09 04:28:03');

--
-- Dumping data for table `job_openings_de`
--

INSERT INTO `job_openings_de` (`id`, `master_id`, `title`, `description`, `requirements`, `responsibilities`, `created_at`, `updated_at`) VALUES
(1, 'job-001', 'Vertriebsleiter', 'Wir suchen einen erfahrenen Vertriebsleiter, um unser Verkaufsteam im Vereinigten Königreich zu leiten und das Geschäftswachstum im Bereich Öle und Wachs voranzutreiben.', '[\"Mehr als 5 Jahre Verkaufserfahrung im B2B-Umfeld\", \"Erfahrung in der Chemie- oder Rohstoffbranche\", \"Starke Verhandlungs- und Beziehungsfähigkeiten\", \"Bachelor-Abschluss in Betriebswirtschaft oder einem verwandten Bereich\"]', 'Führen und leiten Sie das Vertriebsteam im Vereinigten Königreich, Entwickeln und implementieren Sie Vertriebsstrategien, Bauen Sie wichtige Kundenbeziehungen auf und pflegen Sie diese, Erreichen Sie vierteljährliche und jährliche Verkaufsziele.', '2026-02-06 05:37:46', '2026-02-09 04:25:45'),
(2, 'job-002', 'Qualitätskontrolleur/-techniker', 'Schließen Sie sich unserem Qualitätsteam an, um sicherzustellen, dass unsere Produkte die höchsten Standards in Qualität und Einhaltung erfüllen.', '[\"Abschluss in Chemie oder einem verwandten Bereich\", \"Mehrjährige Erfahrung im QC-Labor (>2 Jahre)\", \"Kenntnisse der GMP- und ISO-Standards\", \"Sorgfalt und analytische Fähigkeiten\"]', 'Führen Sie Qualitätsprüfungen an eingehenden Materialien und Fertigprodukten durch, pflegen Sie Qualitätsdokumentationen und Aufzeichnungen, implementieren und überwachen Sie Qualitätskontrollverfahren', '2026-02-06 05:43:21', '2026-02-09 04:26:35'),
(3, 'job-003', 'Lagerarbeiter', 'Wir benötigen einen zuverlässigen Lagerarbeiter, der unser Logistikteam bei der Abwicklung von Ölen und Wachsprodukten unterstützt.', '[\"Vorherige Lagererfahrung bevorzugt\", \"Gabelstaplerschein von Vorteil\", \"Gute körperliche Verfassung\", \"Teamfähigkeit\"]', 'Bestellen und kommissionieren Sie Bestellungen genau, Empfangen und überprüfen Sie eingehende Lieferungen, Halten Sie das Lager sauber und ordentlich, Unterstützen Sie bei Bestandszählungen', '2026-02-08 15:09:48', '2026-02-09 04:27:27'),
(4, 'job-004', 'Marketing Koordinator', 'Unterstützen Sie unser Marketing-Team bei digitalen Kampagnen und der Erstellung von Inhalten für unser wachsendes Unternehmen.', '[\"Erfahrung im Social-Media-Marketing\", \"Ausgezeichnete schriftliche Kommunikationsfähigkeiten\", \"Vertrautheit mit B2B-Marketing\", \"Kreative Denkweise\"]', 'Verwalten Sie Social-Media-Konten, erstellen Sie Marketinginhalte und -materialien, unterstützen Sie bei der Planung von Messen und Veranstaltungen, analysieren Sie die Leistung von Marketingkampagnen', '2026-02-08 15:14:07', '2026-02-09 04:28:12');

--
-- Dumping data for table `job_openings_es`
--

INSERT INTO `job_openings_es` (`id`, `master_id`, `title`, `description`, `requirements`, `responsibilities`, `created_at`, `updated_at`) VALUES
(1, 'job-001', 'Gerente de Ventas', 'Estamos buscando un Director de Ventas con experiencia para liderar nuestro equipo de ventas en Reino Unido y promover el crecimiento del negocio en el sector de los aceites y ceras.', '[\"Más de 5 años de experiencia en ventas en entorno B2B\", \"Experiencia en la industria de químicos o commodities\", \"Fuertes habilidades de negociación y de construcción de relaciones\", \"Licenciatura en Negocios o campo relacionado\"]', 'Liderar y gestionar el equipo de ventas en el Reino Unido, desarrollar e implementar estrategias de ventas, construir y mantener relaciones con clientes clave, alcanzar los objetivos de ventas trimestrales y anuales.', '2026-02-06 05:35:42', '2026-02-09 04:25:27'),
(2, 'job-002', 'Técnico de Control de Calidad', 'Únete a nuestro equipo de calidad para garantizar que nuestros productos cumplan con los más altos estándares de calidad y cumplimiento.', '[\"Licenciatura en Química o campo relacionado\", \"Más de 2 años de experiencia en laboratorio de control de calidad\", \"Conocimiento de las normas GMP e ISO\", \"Atención a los detalles y habilidades analíticas\"]', 'Realizar pruebas de calidad en materiales entrantes y productos terminados, mantener la documentación y registros de calidad, implementar y monitorear los procedimientos de control de calidad', '2026-02-06 05:41:41', '2026-02-09 04:26:20'),
(3, 'job-003', 'Operario de almacén', 'Necesitamos un Operador de Almacén confiable para unirse a nuestro equipo de logística encargado de productos de aceites y cera.', '[\"Se prefiere experiencia previa en almacén\", \"Se valorará licencia de carretilla elevadora\", \"Buena condición física\", \"Capacidad para trabajar en equipo\"]', 'Seleccionar y preparar pedidos con precisión, recibir y verificar entregas entrantes, mantener el almacén limpio y organizado, asistir con los conteos de inventario.', '2026-02-08 15:08:18', '2026-02-09 04:27:08'),
(4, 'job-004', 'Coordinador de Marketing', 'Apoya a nuestro equipo de marketing con campañas digitales y creación de contenido para nuestro negocio en crecimiento.', '[\"Experiencia en marketing en redes sociales\", \"Habilidades sólidas de comunicación escrita\", \"Familiaridad con el marketing B2B\", \"Mentalidad creativa\"]', 'Gestionar cuentas de redes sociales, Crear contenido y material de marketing, Apoyar la planificación de ferias comerciales y eventos, Analizar el rendimiento de campañas de marketing', '2026-02-08 15:12:49', '2026-02-09 04:27:57');

--
-- Dumping data for table `job_openings_fr`
--

INSERT INTO `job_openings_fr` (`id`, `master_id`, `title`, `description`, `requirements`, `responsibilities`, `created_at`, `updated_at`) VALUES
(1, 'job-001', 'Responsable des Ventes', 'Nous recherchons un(e) manager des ventes expérimenté(e) pour diriger notre équipe de vente au Royaume-Uni et stimuler la croissance commerciale dans le secteur des huiles et cires.', '[\"Plus de 5 ans d\'expérience en vente dans un environnement B2B\", \"Expérience dans l\'industrie chimique ou des matières premières\", \"Solides compétences en négociation et en développement des relations\", \"Diplôme de licence en commerce ou dans un domaine connexe\"]', 'Diriger et gérer l\'équipe de vente au Royaume-Uni, développer et mettre en œuvre des stratégies de vente, établir et maintenir des relations avec les clients clés, atteindre les objectifs de vente trimestriels et annuels', '2026-02-06 05:36:07', '2026-02-09 04:25:30'),
(2, 'job-002', 'Technicien en Contrôle Qualité', 'Rejoignez notre équipe qualité pour garantir que nos produits répondent aux normes les plus élevées de qualité et de conformité.', '[\"Diplôme en chimie ou domaine connexe\", \"Plus de 2 ans d\'expérience en laboratoire de contrôle qualité\", \"Connaissance des normes GMP et ISO\", \"Souci du détail et compétences analytiques\"]', 'Effectuer des tests de qualité sur les matériaux entrants et les produits finis, Maintenir la documentation et les dossiers de qualité, Mettre en œuvre et suivre les procédures de contrôle qualité', '2026-02-06 05:42:04', '2026-02-09 04:26:22'),
(3, 'job-003', 'Opérateur d\'entrepôt', 'Nous avons besoin d\'un opérateur d\'entrepôt fiable pour rejoindre notre équipe logistique chargée de produits à base d\'huiles et de cires.', '[\"Expérience en entrepôt précédente appréciée\", \"Permis de chariot élévateur avantageux\", \"Bonne condition physique\", \"Capacité à travailler en équipe\"]', 'Préparer et emballer les commandes avec précision, réceptionner et vérifier les livraisons entrantes, maintenir un entrepôt propre et organisé, aider à l\'inventaire du stock', '2026-02-08 15:08:38', '2026-02-09 04:27:10'),
(4, 'job-004', 'Coordinateur(trice) Marketing', 'Soutenez notre équipe marketing avec des campagnes numériques et la création de contenu pour notre activité en pleine expansion.', '[\"Expérience en marketing sur les réseaux sociaux\", \"Excellentes compétences en communication écrite\", \"Connaissance du marketing B2B\", \"Esprit créatif\"]', 'Gérer les comptes de médias sociaux, Créer du contenu marketing et du matériel promotionnel, Soutenir la planification des salons professionnels et des événements, Analyser la performance des campagnes marketing', '2026-02-08 15:13:03', '2026-02-09 04:28:00');

--
-- Dumping data for table `job_openings_it`
--

INSERT INTO `job_openings_it` (`id`, `master_id`, `title`, `description`, `requirements`, `responsibilities`, `created_at`, `updated_at`) VALUES
(1, 'job-001', 'Direttore delle vendite', 'Siamo alla ricerca di un Sales Manager esperto per guidare il nostro team di vendita nel Regno Unito e stimolare la crescita del business nel settore degli oli e delle cere.', '[\"Oltre 5 anni di esperienza nelle vendite in ambiente B2B\", \"Esperienza nel settore chimico o delle commodities\", \"Spiccate capacità di negoziazione e di costruzione di rapporti\", \"Laurea in Economia o campo affine\"]', 'Guidare e gestire il team di vendita nel Regno Unito, sviluppare e attuare strategie di vendita, costruire e mantenere relazioni con clienti chiave, raggiungere gli obiettivi di vendita trimestrali e annuali', '2026-02-06 05:40:41', '2026-02-09 04:26:08'),
(2, 'job-002', 'Tecnico del Controllo Qualità', 'Unisciti al nostro team di qualità per garantire che i nostri prodotti rispettino i più alti standard di qualità e conformità.', '[\"Laurea in Chimica o in un campo correlato\", \"Oltre 2 anni di esperienza in laboratorio di CQ\", \"Conoscenza delle normative GMP e ISO\", \"Precisione e capacità analitiche\"]', 'Eseguire test di qualità sui materiali in ingresso e sui prodotti finiti, Mantenere la documentazione e i registri sulla qualità, Implementare e monitorare le procedure di controllo qualità', '2026-02-08 15:07:25', '2026-02-09 04:26:59'),
(3, 'job-003', 'Addetto al magazzino', 'Abbiamo bisogno di un Operatore di Magazzino affidabile per unirsi al nostro team di logistica che si occupa di oli e cere.', '[\"Esperienza precedente in magazzino preferita\", \"Patentino di carrello elevatore vantaggioso\", \"Buona forma fisica\", \"Capacità di lavorare in team\"]', 'Seleziona e imballa gli ordini con precisione, Ricevi e controlla le consegne in arrivo, Mantieni il magazzino pulito e ordinato, Assisti con le inventariamenti', '2026-02-08 15:12:01', '2026-02-09 04:27:50'),
(4, 'job-004', 'Coordinatore Marketing', 'Sostieni il nostro team di marketing con campagne digitali e creazione di contenuti per la nostra attività in crescita.', '[\"Anos di esperienza nel social media marketing\", \"Ottime capacità di comunicazione scritta\", \"Conoscenza del marketing B2B\", \"Mentalità creativa\"]', 'Gestisci account di social media, Crea contenuti e materiali di marketing, Supporta l\'organizzazione di fiere ed eventi, Analizza le prestazioni delle campagne di marketing', '2026-02-08 15:16:01', '2026-02-09 04:28:33');

--
-- Dumping data for table `job_openings_ja`
--

INSERT INTO `job_openings_ja` (`id`, `master_id`, `title`, `description`, `requirements`, `responsibilities`, `created_at`, `updated_at`) VALUES
(1, 'job-001', '営業マネージャー', '私たちは、UKの営業チームをリードし、オイルやワックス分野での事業拡大を推進する経験豊富なセールスマネージャーを募集しています。', '[\"B2B環境での営業経験5年以上\", \"化学品またはコモディティ業界での経験\", \"高度な交渉力と人間関係構築スキル\", \"ビジネスまたは関連分野の学士号\"]', '英国の営業チームをリードおよび管理し、販売戦略を策定・実行し、主要顧客との関係を構築・維持し、四半期および年間の販売目標を達成する。', '2026-02-06 05:38:11', '2026-02-09 04:25:48'),
(2, 'job-002', '品質管理技術者', '私たちの品質チームに参加して、私たちの製品が最高の品質とコンプライアンス基準を満たすようにしましょう。', '[\"化学または関連分野の学位\", \"QCラボでの2年以上の経験\", \"GMPおよびISO基準の知識\", \"細部に注意を払い、分析スキルに優れる\"]', '入荷材料および完成品の品質検査を実施し、品質に関するドキュメントと記録を維持します。品質管理手順を実施・監視します。', '2026-02-06 05:43:40', '2026-02-09 04:26:39'),
(3, 'job-003', '倉庫作業員', '油やワックス製品を取り扱う物流チームに加わる信頼できる倉庫作業員が必要です。', '[\"以前の倉庫経験 優遇\", \"フォークリフト免許優遇\", \"良好な体力\", \"チームで働く能力\"]', '正確にピック＆パックを行う、入荷した納品物の受け取りと検品を行う、倉庫を清潔かつ整頓された状態に保つ、在庫数のカウントをサポートする', '2026-02-08 15:10:08', '2026-02-09 04:27:30'),
(4, 'job-004', 'マーケティングコーディネーター', '私たちの成長している事業のために、マーケティングチームのデジタルキャンペーンおよびコンテンツ制作をサポートしてください。', '「ソーシャルメディアマーケティングの経験」「優れた書面コミュニケーション能力」「B2Bマーケティングに関する知識」「創造的な思考」', 'ソーシャルメディアアカウントの管理、マーケティングコンテンツおよび資料の作成、展示会やイベントの企画サポート、マーケティングキャンペーンのパフォーマンス分析', '2026-02-08 15:14:26', '2026-02-09 04:28:14');

--
-- Dumping data for table `job_openings_ko`
--

INSERT INTO `job_openings_ko` (`id`, `master_id`, `title`, `description`, `requirements`, `responsibilities`, `created_at`, `updated_at`) VALUES
(1, 'job-001', '영업 관리자', '우리는 영국 영업팀을 이끌 경험이 풍부한 영업 매니저를 찾고 있으며, 오일과 왁스 분야의 비즈니스 성장을 추진할 수 있는 분을 모집하고 있습니다.', '[\"B2B 환경에서 5년 이상 영업 경력\", \"화학 또는 상품 산업 경험\", \"강력한 협상 및 관계 구축 능력\", \"경영 또는 관련 분야 학사 학위\"]', 'UK 판매팀을 이끌고 관리하며, 판매 전략을 개발하고 실행한다. 주요 고객과의 관계를 구축하고 유지하며, 분기별 및 연간 판매 목표를 달성한다.', '2026-02-06 05:39:48', '2026-02-09 04:26:00'),
(2, 'job-002', '품질 관리 기술자', '우리의 품질 팀에 합류하여 우리의 제품이 최고의 품질과 규정 준수 기준을 충족하도록 하세요.', '[\"화학 또는 관련 분야 학위\", \"QC 실험실에서 2년 이상 경력\", \"GMP 및 ISO 표준 지식\", \"세심한 주의력과 분석 능력\"]', '들어오는 자재와 완제품에 대한 품질 테스트 수행, 품질 문서 및 기록 유지, 품질 관리 절차의 시행 및 모니터링', '2026-02-08 15:06:48', '2026-02-09 04:26:52'),
(3, 'job-003', '창고 작업원', '오일 및 왁스 제품을 취급하는 물류팀에 합류할 신뢰할 수 있는 창고 운영자를 찾고 있습니다.', '[\"이전 창고 경험 우대\", \"지게차 운전 면허증 소지자 우대\", \"좋은 체력\", \"팀으로 근무할 능력\"]', '주문을 정확하게 선택하고 포장하기, 배송물 수령 및 점검하기, 창고를 깨끗하게 정리하고 정돈하기, 재고 점검을 도와주기', '2026-02-08 15:11:27', '2026-02-09 04:27:44'),
(4, 'job-004', '마케팅 코디네이터', '성장하는 비즈니스를 위한 디지털 캠페인 및 콘텐츠 제작으로 우리 마케팅 팀을 지원하세요.', '[\"소셜 미디어 마케팅 경험\", \"강력한 서면 커뮤니케이션 능력\", \"B2B 마케팅에 대한 이해\", \"창의적인 사고방식\"]', '소셜 미디어 계정을 관리하고, 마케팅 콘텐츠 및 자료를 제작하며, 무역 박람회와 이벤트 기획을 지원하고, 마케팅 캠페인 성과를 분석합니다.', '2026-02-08 15:15:29', '2026-02-09 04:28:27');

--
-- Dumping data for table `job_openings_pl`
--

INSERT INTO `job_openings_pl` (`id`, `master_id`, `title`, `description`, `requirements`, `responsibilities`, `created_at`, `updated_at`) VALUES
(1, 'job-001', 'Kierownik Sprzedaży', 'Poszukujemy doświadczonego Menadżera Sprzedaży, który poprowadzi nasz zespół sprzedaży w Wielkiej Brytanii i napędzi rozwój biznesu w sektorze olejów i wosków.', '[\"Ponad 5 lat doświadczenia w sprzedaży w środowisku B2B\", \"Doświadczenie w branży chemicznej lub towarowej\", \"Silne umiejętności negocjacyjne i budowania relacji\", \"Tytuł licencjata w dziedzinie biznesu lub pokrewnej\"]', 'Prowadź i zarządzaj zespołem sprzedaży w Wielkiej Brytanii, Opracowuj i wdrażaj strategie sprzedażowe, Buduj i utrzymuj kluczowe relacje z klientami, Realizuj cele sprzedażowe kwartalne i roczne', '2026-02-06 05:41:06', '2026-02-09 04:26:13'),
(2, 'job-002', 'Technik Kontroli Jakości', 'Dołącz do naszego zespołu ds. jakości, aby zapewnić, że nasze produkty spełniają najwyższe standardy jakości i zgodności.', '[\"Dyplom z chemii lub pokrewnego kierunku\", \"ponad 2-letnie doświadczenie w laboratorium kontroli jakości\", \"Znajomość standardów GMP i ISO\", \"Dbałość o szczegóły i umiejętności analityczne\"]', 'Przeprowadzać testy jakości na przychodzących materiałach i wyrobach gotowych, Dbać o dokumentację i rejestry jakości, Wprowadzać i nadzorować procedury kontroli jakości', '2026-02-08 15:07:45', '2026-02-09 04:27:02'),
(3, 'job-003', 'Pracownik magazynu', 'Potrzebujemy niezawodnego Magazyniera, który dołączy do naszego zespołu logistyki obsługującego produkty olejowe i woski.', '[\"Wymagane doświadczenie w magazynie\", \"Prawo jazdy na wózek widłowy będzie atutem\", \"Dobra kondycja fizyczna\", \"Umiejętność pracy zespołowej\"]', 'Wybierz i spakuj zamówienia zgodnie z zamówieniem, Przyjmuj i sprawdzaj przychodzące dostawy, Utrzymuj czystość i porządek w magazynie, Pomagaj przy inwentaryzacjach stanów magazynowych', '2026-02-08 15:12:16', '2026-02-09 04:27:53'),
(4, 'job-004', 'Koordynator ds. Marketingu', 'Wesprzyj nasz zespół marketingowy, realizując kampanie cyfrowe i tworząc treści dla rozwijającego się biznesu.', '[\"Doświadczenie w marketingu w mediach społecznościowych\", \"Silne umiejętności komunikacji pisemnej\", \"Znajomość marketingu B2B\", \"Kreatywne myślenie\"]', 'Zarządzaj kontami w mediach społecznościowych, Twórz materiały marketingowe i collateral, Wspieraj planowanie targów i wydarzeń, Analizuj wyniki kampanii marketingowych', '2026-02-08 15:16:16', '2026-02-09 04:28:35');

--
-- Dumping data for table `job_openings_pt`
--

INSERT INTO `job_openings_pt` (`id`, `master_id`, `title`, `description`, `requirements`, `responsibilities`, `created_at`, `updated_at`) VALUES
(1, 'job-001', 'Gerente de Vendas', 'Estamos procurando um Gerente de Vendas experiente para liderar nossa equipe de vendas no Reino Unido e impulsionar o crescimento dos negócios no setor de óleos e ceras.', '[\"Mais de 5 anos de experiência em vendas em ambiente B2B\", \"Experiência na indústria de produtos químicos ou commodities\", \"Fortes habilidades de negociação e construção de relacionamentos\", \"Graduação em Administração de Empresas ou área relacionada\"]', 'Liderar e gerenciar a equipe de vendas do Reino Unido, Desenvolver e implementar estratégias de vendas, Construir e manter relacionamentos com clientes-chave, Alcançar metas de vendas trimestrais e anuais', '2026-02-06 05:36:47', '2026-02-09 04:25:37'),
(2, 'job-002', 'Técnico de Controle de Qualidade', 'Junte-se à nossa equipe de qualidade para garantir que nossos produtos atendam aos mais altos padrões de qualidade e conformidade.', '[\"Graduação em Química ou área relacionada\", \"Mais de 2 anos de experiência em laboratório de Controle de Qualidade\", \"Conhecimento das normas GMP e ISO\", \"Atenção aos detalhes e habilidades analíticas\"]', 'Realizar testes de qualidade em materiais recebidos e produtos acabados, Manter documentação e registros de qualidade, Implementar e monitorar procedimentos de controle de qualidade', '2026-02-06 05:42:40', '2026-02-09 04:26:28'),
(3, 'job-003', 'Operador de Armazém', 'Precisamos de um Operador de Armazém confiável para se juntar à nossa equipe de logística lidando com óleos e produtos à base de cera.', '[\"Experiência anterior em armazém desejável\", \"Carteira de motorista para forklift vantagem\", \"Boa condição física\", \"Capacidade de trabalhar em equipe\"]', 'Selecionar e embalar pedidos com precisão, receber e verificar entregas recebidas, manter o armazém limpo e organizado, ajudar com contagens de estoque', '2026-02-08 15:09:10', '2026-02-09 04:27:17'),
(4, 'job-004', 'Coordenador de Marketing', 'Apoie nossa equipe de marketing com campanhas digitais e criação de conteúdo para o nosso negócio em crescimento.', '[\"Experiência com marketing em redes sociais\", \"Fortes habilidades de comunicação escrita\", \"Familiaridade com marketing B2B\", \"Mentalidade criativa\"]', 'Gerencie contas de mídia social, crie conteúdo e materiais de marketing, apoie o planejamento de feiras e eventos, analise o desempenho das campanhas de marketing', '2026-02-08 15:13:30', '2026-02-09 04:28:06');

--
-- Dumping data for table `job_openings_ru`
--

INSERT INTO `job_openings_ru` (`id`, `master_id`, `title`, `description`, `requirements`, `responsibilities`, `created_at`, `updated_at`) VALUES
(1, 'job-001', 'Менеджер по продажам', 'Мы ищем опытного менеджера по продажам, чтобы возглавить нашу команду продаж в Великобритании и стимулировать развитие бизнеса в секторе масел и восков.', '[\"Более 5 лет опыта продаж в сфере B2B\", \"Опыт работы в химической или сырьевой промышленности\", \"Развитые навыки переговоров и построения отношений\", \"Бакалавр в области бизнеса или смежной дисциплины\"]', 'Руководить и управлять командой продаж в Великобритании, разрабатывать и реализовывать стратегии продаж, выстраивать и поддерживать ключевые отношения с клиентами, достигать квартальных и годовых планов по продажам', '2026-02-06 05:37:08', '2026-02-09 04:25:42'),
(2, 'job-002', 'Техник по контролю качества', 'Присоединяйтесь к нашей команде по качеству, чтобы гарантировать соответствие наших продуктов самым высоким стандартам качества и соблюдения требований.', '[\"Степень в области химии или смежной области\", \"более 2 лет опыта работы в лаборатории контроля качества\", \"знание стандартов GMP и ISO\", \"внимание к деталям и аналитические навыки\"]', 'Проведение проверки качества входных материалов и готовой продукции, ведение документации и записей о качестве, внедрение и контроль процедур управления качеством', '2026-02-06 05:43:01', '2026-02-09 04:26:32'),
(3, 'job-003', 'Складской работник', 'Нам нужен надежный работник склада для присоединения к нашей команде логистики, занимающейся маслами и восковыми продуктами.', '[\"Предпочтительный опыт работы на складе\", \"Преимущество наличия лицензии на погрузчик\", \"Хорошая физическая подготовка\", \"Умение работать в команде\"]', 'Точно отбирать и упаковывать заказы, принимать и проверять входящие поставки, поддерживать чистоту и порядок на складе, помогать с подсчётом запасов', '2026-02-08 15:09:30', '2026-02-09 04:27:20'),
(4, 'job-004', 'Координатор по маркетингу', 'Поддерживайте нашу маркетинговую команду в реализации цифровых кампаний и создании контента для нашего растущего бизнеса.', '[\"Опыт работы в маркетинге в социальных сетях\", \"Отличные навыки письменной коммуникации\", \"Знание маркетинга B2B\", \"Креативное мышление\"]', 'Управление аккаунтами в социальных сетях, создание маркетингового контента и материалов, поддержка планирования выставок и мероприятий, анализ эффективности маркетинговых кампаний', '2026-02-08 15:13:48', '2026-02-09 04:28:09');

--
-- Dumping data for table `job_openings_sw`
--

INSERT INTO `job_openings_sw` (`id`, `master_id`, `title`, `description`, `requirements`, `responsibilities`, `created_at`, `updated_at`) VALUES
(1, 'job-001', 'Meneja wa Mauzo', 'Tuna tafuta Meneja wa Mauzo mwenye uzoefu kuongoza timu yetu ya mauzo ya UK na kueneza ukuaji wa biashara katika sekta ya mafuta na wax.', '[\"Miaka zaidi ya 5 ya uzoefu wa uuzaji katika mazingira ya B2B\", \"Uzoefu katika sekta ya kemikali au bidhaa za msingi\", \"Ujuzi wa kuhakikisha makubaliano na ujenzi wa mahusiano imara\", \"Digrii ya shahada ya kwanza katika Biashara au uwanja unaoendana\"]', 'Kiongozi na simamia timu ya mauzo ya UK, Kukuza na kutekeleza mikakati ya mauzo, Jenga na dortia mahusiano muhimu na wateja, Kupata malengo ya mauzo ya robo mwaka na mwaka mzima', '2026-02-06 05:38:40', '2026-02-09 04:25:51'),
(2, 'job-002', 'Mtaalamu wa Udhibiti wa Ubora', 'Jiunge na timu yetu ya ubora ili kuhakikisha bidhaa zetu zinakidhi viwango vya juu vya ubora na ufanisi.', '[\" Shahada ya Kemia au uwanja unaohusiana\", \"Miaka 2+ ya uzoefu katika maabara ya QC\", \"Ujuzi wa viwango vya GMP na ISO\", \"Umakini kwa undani na ujuzi wa uchambuzi\"]', 'Fanya mtihani wa ubora kwa malighali yanayokuja na bidhaa zilizokamilika, Thibitisha nyaraka na rekodi za ubora, Tekeleza na kufuatilia taratibu za kudhibiti ubora', '2026-02-06 05:44:09', '2026-02-09 04:26:43'),
(3, 'job-003', 'Fanyakazi wa Ghala', 'Tunahitaji Mfanyakazi wa Ghala anayeaminika kujiunga na timu yetu ya usafirishaji inayoendesha mafuta na bidhaa za wax.', '[\"Uzoefu wa ghala wa awali unahitajika\", \"Leseni ya forklift ni faida\", \"Uzito mzuri wa mwili\", \"Uwezo wa kufanya kazi kwa timu\"]', 'Chagua na paka maagizo kwa usahihi, Pokea na angalia usafirishaji unaoingia, Dumisha ghala safi na imepangwa vizuri, Saidia na hesabu za mali inapatikana', '2026-02-08 15:10:35', '2026-02-09 04:27:35'),
(4, 'job-004', 'Mshauri wa Masoko', 'Saidia timu yetu ya uuzaji na kampeni za kidigitali pamoja na uundaji wa maudhui kwa ajili ya biashara yetu inayokua.', '[\"Uzoefu na masoko ya mitandao ya kijamii\", \"Ujuzi wenye nguvu wa kuwasiliana kwa maandishi\", \" Ufahamifu na masoko ya B2B\", \"Mtazamo wa ubunifu\"]', 'Simamia akaunti za mitandao ya kijamii, Tengeneza maudhui na nyenzo za masoko, Saidia kupanga maonyesho ya biashara na matukio, Chambua utendaji wa kampeni za masoko', '2026-02-08 15:14:43', '2026-02-09 04:28:18');

--
-- Dumping data for table `job_openings_th`
--

INSERT INTO `job_openings_th` (`id`, `master_id`, `title`, `description`, `requirements`, `responsibilities`, `created_at`, `updated_at`) VALUES
(1, 'job-001', 'ผู้จัดการฝ่ายขาย', 'เรากำลังมองหา Sales Manager ที่มีประสบการณ์เพื่อเป็นผู้นำทีมขายในสหราชอาณาจักรของเรา และขับเคลื่อนการเติบโตทางธุรกิจในกลุ่มผลิตภัณฑ์น้ำมันและแว็กซ์', '[\"มีประสบการณ์ด้านการขายกว่า 5 ปีในสภาพแวดล้อม B2B\", \"มีความรู้ด้านอุตสาหกรรมเคมีหรือสินค้าโภคภัณฑ์\", \"ทักษะการเจรจาต่อรองและสร้างความสัมพันธ์ที่แข็งแกร่ง\", \"วุฒิการศึกษาปริญญาตรีด้านธุรกิจหรือสาขาที่เกี่ยวข้อง\"]', 'นำและบริหารทีมขายในสหราชอาณาจักร พัฒนาและดำเนินกลยุทธ์การขาย สร้างและรักษาความสัมพันธ์กับลูกค้าหลัก ให้บรรลุเป้าหมายยอดขายรายไตรมาสและรายปี', '2026-02-06 05:40:11', '2026-02-09 04:26:05'),
(2, 'job-002', 'เจ้าหน้าที่ควบคุมคุณภาพ', 'เข้าร่วมทีมคุณภาพของเราเพื่อให้แน่ใจว่าผลิตภัณฑ์ของเราสอดคล้องกับมาตรฐานคุณภาพและความเป็นไปตามกฎระเบียบสูงสุด', '[\"ปริญญาทางเคมีหรือสาขาที่เกี่ยวข้อง\", \"มีประสบการณ์ด้านห้องปฏิบัติการควบคุมคุณภาพอย่างน้อย 2 ปี\", \"ความรู้เกี่ยวกับมาตรฐาน GMP และ ISO\", \"ความละเอียดรอบคอบและทักษะวิเคราะห์\"]', 'ดำเนินการทดสอบคุณภาพวัสดุที่เข้ามาและผลิตภัณฑ์สำเร็จรูป รวมทั้งรักษาเอกสารและบันทึกคุณภาพ ดำเนินการและตรวจสอบกระบวนการควบคุมคุณภาพ', '2026-02-08 15:07:08', '2026-02-09 04:26:56'),
(3, 'job-003', 'พนักงานคลังสินค้า', 'เราต้องการพนักงานคลังสินค้าที่เชื่อถือได้เพื่อร่วมทีมโลจิสติกส์ของเราในการจัดการผลิตภัณฑ์น้ำมันและข wax', '[\"มีประสบการณ์คลังสินค้าก่อนหน้านี้จะพิจารณาเป็นพิเศษ\", \"ใบอนุญาตรถโฟลค์ลิฟต์เป็นข้อได้เปรียบ\", \"ร่างกายแข็งแรงดี\", \"ความสามารถในการทำงานร่วมกับทีม\"]', 'เลือกและบรรจุคำสั่งซื้อให้ถูกต้อง, รับและตรวจสอบการจัดส่งสินค้าเข้า, รักษาคลังสินค้าให้สะอาดและเป็นระเบียบ, ช่วยในการนับสต็อก', '2026-02-08 15:11:44', '2026-02-09 04:27:46'),
(4, 'job-004', 'ผู้ประสานงานการตลาด', 'สนับสนุนทีมการตลาดของเราในการดำเนินแคมเปญดิจิทัลและการสร้างเนื้อหาเพื่อการเติบโตของธุรกิจของเรา', '[\"ประสบการณ์ด้านการตลาดผ่านโซเชียลมีเดีย\", \"ทักษะการเขียนที่แข็งแกร่ง\", \"คุ้นเคยกับการตลาด B2B\", \"แนวคิดสร้างสรรค์\"]', 'จัดการบัญชีโซเชียลมีเดีย, สร้างเนื้อหาและวัสดุการตลาด, สนับสนุนการวางแผนงานแสดงสินค้าและกิจกรรม, วิเคราะห์ผลการดำเนินแคมเปญการตลาด', '2026-02-08 15:15:48', '2026-02-09 04:28:30');

--
-- Dumping data for table `job_openings_tr`
--

INSERT INTO `job_openings_tr` (`id`, `master_id`, `title`, `description`, `requirements`, `responsibilities`, `created_at`, `updated_at`) VALUES
(1, 'job-001', 'Satış Müdürü', 'Birleşik Krallık satış ekibimizi yönetecek ve yağlar ile mumlar sektöründe iş büyütmeyi sağlayacak deneyimli bir Satış Müdürü arıyoruz.', '[\"B2B ortamında 5+ yıl satış deneyimi\", \"Kimya veya emtia sektöründe deneyim\", \"Güçlü müzakere ve ilişki kurma becerileri\", \"İşletme veya ilgili alanda lisans derecesi\"]', 'İngiltere satış ekibini liderlik ve yönetmek, satış stratejileri geliştirmek ve uygulamak, önemli müşteri ilişkileri kurmak ve sürdürmek, üç aylık ve yıllık satış hedeflerini karşılamak', '2026-02-06 05:39:02', '2026-02-09 04:25:54'),
(2, 'job-002', 'Kalite Kontrol Teknisyeni', 'Kalite ekibimize katılarak ürünlerimizin en yüksek kalite ve uyum standartlarına uygun olmasını sağlayın.', '[\"Kimya veya ilgili alanlarda lisans derecesi\", \"Kalite kontrol laboratuvarında 2+ yıl deneyim\", \"GMP ve ISO standartları bilgisi\", \"Detaylara dikkat ve analitik beceriler\"]', 'Gelen malzemeler ve bitmiş ürünler üzerinde kalite testi yapın, kalite dokümantasyonu ve kayıtlarını tutun, kalite kontrol prosedürlerini uygulayın ve izleyin', '2026-02-06 05:44:31', '2026-02-09 04:26:45'),
(3, 'job-003', 'Depo Operatörü', 'Yağlar ve mum ürünleriyle çalışan lojistik ekibimize katılacak güvenilir bir Depo Operatörü gerekiyor.', '[\"Önceki depolama deneyimi tercih edilir\", \"Forklift ehliyeti avantaj sağlar\", \"İyi fiziksel kondisyon\", \"Takım içinde çalışma yeteneği\"]', 'Siparişleri doğru şekilde seçip paketleyin, gelen teslimatları alın ve kontrol edin, depoyu temiz ve düzenli tutun, stok sayımlarına yardımcı olun', '2026-02-08 15:10:54', '2026-02-09 04:27:38'),
(4, 'job-004', 'Pazarlama Koordinatörü', 'Büyüyen işletmemiz için dijital kampanyalar ve içerik oluşturmayla pazarlama ekibimize destek olun.', '[\"Sosyal medya pazarlama deneyimi\", \"Güçlü yazılı iletişim becerileri\", \"B2B pazarlama konusunda aşinalık\", \"Yaratıcı düşünce yapısı\"]', 'Sosyal medya hesaplarını yönetin, pazarlama içerikleri ve malzemeleri oluşturun, ticaret fuarı ve etkinlik planlamasına destek olun, pazarlama kampanyası performansını analiz edin', '2026-02-08 15:14:57', '2026-02-09 04:28:21');

--
-- Dumping data for table `job_openings_vi`
--

INSERT INTO `job_openings_vi` (`id`, `master_id`, `title`, `description`, `requirements`, `responsibilities`, `created_at`, `updated_at`) VALUES
(1, 'job-001', 'Quản lý doanh số', 'Chúng tôi đang tìm kiếm một Quản lý Bán hàng có kinh nghiệm để lãnh đạo đội ngũ bán hàng tại Vương quốc Anh và thúc đẩy sự phát triển kinh doanh trong lĩnh vực dầu và sáp.', '[\"Hơn 5 năm kinh nghiệm bán hàng trong môi trường B2B\", \"Kinh nghiệm trong ngành công nghiệp hóa chất hoặc hàng hóa\", \"Kỹ năng đàm phán và xây dựng mối quan hệ vững chắc\", \"Bằng cử nhân Quản trị kinh doanh hoặc lĩnh vực liên quan\"]', 'Dẫn dắt và quản lý nhóm bán hàng tại Vương quốc Anh, Phát triển và thực hiện các chiến lược bán hàng, Xây dựng và duy trì các mối quan hệ khách hàng chính, Đạt các mục tiêu doanh số theo quý và hàng năm', '2026-02-06 05:39:27', '2026-02-09 04:25:57'),
(2, 'job-002', 'Kỹ thuật viên kiểm soát chất lượng', 'Tham gia đội ngũ chất lượng của chúng tôi để đảm bảo sản phẩm của chúng tôi đáp ứng các tiêu chuẩn cao nhất về chất lượng và sự tuân thủ.', '[\"Bằng Cử nhân Hóa học hoặc lĩnh vực liên quan\", \"Hơn 2 năm kinh nghiệm làm việc tại phòng thí nghiệm QC\", \"Hiểu biết về tiêu chuẩn GMP và ISO\", \"Chú ý đến từng chi tiết và kỹ năng phân tích\"]', 'Thực hiện kiểm tra chất lượng vật liệu đầu vào và thành phẩm, Duy trì hồ sơ và tài liệu về chất lượng, Thực hiện và giám sát các quy trình kiểm soát chất lượng', '2026-02-08 15:06:33', '2026-02-09 04:26:49'),
(3, 'job-003', 'Nhân viên kho', 'Chúng tôi cần một Nhân viên Kho hàng đáng tin cậy gia nhập đội ngũ logistics của chúng tôi để xử lý các sản phẩm dầu và sáp.', '[\"Ưu tiên có kinh nghiệm kho trước đó\", \"Có chứng chỉ vận hành xe nâng là lợi thế\", \"Sức khỏe tốt\", \"Khả năng làm việc nhóm\"]', 'Chọn và đóng gói đơn hàng chính xác, Nhận và kiểm tra các lô hàng nhập, Duy trì kho hàng sạch sẽ và ngăn nắp, Hỗ trợ kiểm kê kho hàng', '2026-02-08 15:11:09', '2026-02-09 04:27:41'),
(4, 'job-004', 'Điều phối viên Marketing', 'Hỗ trợ nhóm tiếp thị của chúng tôi trong các chiến dịch kỹ thuật số và tạo nội dung cho doanh nghiệp đang phát triển của chúng tôi.', '[\"Kinh nghiệm về marketing trên mạng xã hội\", \"Kỹ năng viết lách tốt\", \"Quen thuộc với marketing B2B\", \"Tư duy sáng tạo\"]', 'Quản lý các tài khoản mạng xã hội, Tạo nội dung và tài liệu marketing, Hỗ trợ lập kế hoạch hội chợ thương mại và sự kiện, Phân tích hiệu quả chiến dịch marketing', '2026-02-08 15:15:13', '2026-02-09 04:28:24');

--
-- Dumping data for table `job_openings_zh`
--

INSERT INTO `job_openings_zh` (`id`, `master_id`, `title`, `description`, `requirements`, `responsibilities`, `created_at`, `updated_at`) VALUES
(1, 'job-001', '销售经理', '我们正在寻找一位具有丰富经验的销售经理，领导我们的英国销售团队，推动油品和蜡类行业的业务增长。', '[\"在B2B环境中具有5年以上销售经验\", \"化工或大宗商品行业经验\", \"优秀的谈判和关系建立能力\", \"商业或相关专业学士学位\"]', '领导并管理英国销售团队，制定并执行销售策略，建立并维护重要客户关系，达成季度和年度销售目标', '2026-02-06 05:35:18', '2026-02-09 04:25:23'),
(2, 'job-002', '质量控制技术员', '加入我们的质量团队，确保我们的产品达到最高的质量和合规标准。', '[化学或相关专业学士学位，2年以上QC实验室工作经验，熟悉GMP和ISO标准，注重细节与分析能力]', '对进货材料和成品进行质量检测，维护质量文件和记录，实施并监控质量控制程序', '2026-02-06 05:41:19', '2026-02-09 04:26:16'),
(3, 'job-003', '仓库操作员', '我们需要一名可靠的仓库操作员加入我们的物流团队，负责油类和蜡类产品的处理。', '[\"具有仓库经验者优先\", \"持叉车证者优先\", \"身体健康良好\", \"具备团队合作能力\"]', '准确挑选和打包订单，接收并检查到货，保持仓库整洁有序，协助盘点库存', '2026-02-08 15:08:00', '2026-02-09 04:27:05'),
(4, 'job-004', '市场营销协调员', '协助我们的营销团队进行数字营销活动和内容创作，以支持我们不断增长的业务。', '[\"社交媒体营销经验\", \"出色的书面沟通能力\", \"熟悉B2B营销\", \"富有创造力的思维\"]', '管理社交媒体账号，创建市场营销内容和宣传资料，支持展会和活动策划，分析市场推广活动的效果', '2026-02-08 15:12:34', '2026-02-09 04:27:55');

--
-- Dumping data for table `newsletter_subscribers`
--

INSERT INTO `newsletter_subscribers` (`id`, `email`, `subscribed_at`, `ip_address`, `source`) VALUES
('57108f6e-ba31-4372-97af-76fa9f38a4cf', 'test@example.com', '2026-02-09 18:04:36', '127.0.0.1', 'website_footer'),
('e45772a4-59ce-4f68-be84-34f134c4dc65', 'test2@biogreenwax.com', '2026-02-09 18:04:42', '127.0.0.1', 'website_footer');

--
-- Dumping data for table `news_articles`
--

INSERT INTO `news_articles` (`id`, `title`, `slug`, `excerpt`, `content`, `image_url`, `is_published`, `synchronized_data`, `published_at`, `created_at`) VALUES
('news-001', 'Bio Green Wax Expands Product Range', 'bio-green-wax-expands-product-range', 'We are excited to announce the expansion of our natural oils and waxes product range.', 'Bio Green Wax Ltd is pleased to announce a significant expansion of our product portfolio. Following customer demand and market research, we have added several new natural oils and specialty waxes to our catalogue in 2026. These new products cater to the growing cosmetics and candle-making industries, offering superior quality and competitive pricing. Contact our sales team for more information about our expanded range.', NULL, 1, 1, '2026-02-11 17:55:44', '2026-02-05 21:03:49'),
('news-002', 'New RSPO Certification Achieved', 'new-rspo-certification-achieved', 'Bio Green Wax is proud to announce our RSPO Mass Balance certification for sustainable palm oil products.', 'We are delighted to announce that Bio Green Wax Ltd has achieved RSPO Mass Balance certification for our palm wax and palm oil products. This certification demonstrates our commitment to sustainable sourcing and responsible supply chain management. The Roundtable on Sustainable Palm Oil (RSPO) is the leading global certification scheme for sustainable palm oil. Our customers can now be confident that our palm-derived products meet the highest standards of sustainability.', NULL, 1, 1, '2026-01-29 21:03:49', '2026-02-05 21:03:49'),
('news-003', 'Trade Show Success at UK Candle Expo', 'trade-show-success-uk-candle-expo', 'Thank you to everyone who visited our stand at the UK Candle Expo 2026. It was great to meet so many candle makers!', 'The Bio Green Wax team had a fantastic time at the UK Candle Expo 2026 held in Birmingham last week. We showcased our complete range of candle waxes including our popular palm wax, soy wax, and paraffin wax products. It was wonderful to meet both existing customers and new faces in the candle making community. We received excellent feedback on our new crystallized palm wax range, which creates stunning visual effects in candles. If you missed us at the show, please get in touch to request samples.', NULL, 1, 1, '2026-01-22 21:03:49', '2026-02-05 21:03:49'),
('news-004', 'Introducing Our New Wax Blend Range', 'introducing-new-wax-blend-range', 'We are excited to launch our new range of custom wax blends designed for specific candle making applications.', 'After extensive research and development, Bio Green Wax is proud to introduce our new range of wax blends. These carefully formulated blends combine the best properties of different wax types to achieve optimal performance for specific applications. The new range includes blends optimized for container candles, pillar candles, and wax melts. Each blend has been tested extensively to ensure excellent scent throw, clean burning, and easy demoulding. Contact our sales team for samples and technical specifications.', NULL, 1, 1, '2026-01-15 21:03:49', '2026-02-05 21:03:49'),
('news-005', 'Sustainability Report 2025 Published', 'sustainability-report-2025', 'Our annual sustainability report highlights our progress towards carbon neutrality and sustainable sourcing goals.', 'Bio Green Wax Ltd has published our 2025 Sustainability Report, outlining our environmental initiatives and progress towards our 2030 sustainability goals. Key highlights include a 15% reduction in carbon emissions compared to 2024, 100% renewable electricity at our main warehouse, and increased sourcing of RSPO certified palm products. We remain committed to transparency and continuous improvement in our environmental performance. The full report is available on request from our customer service team.', NULL, 0, 1, NULL, '2026-02-05 21:03:49');

--
-- Dumping data for table `news_articles_ar`
--

INSERT INTO `news_articles_ar` (`id`, `master_id`, `title`, `excerpt`, `content`, `created_at`, `updated_at`) VALUES
(1, 'news-001', 'شركة Bio Green Wax توسع مجموعة منتجاتها', 'نحن متحمسون للإعلان عن توسيع مجموعة منتجاتنا من الزيوت الطبيعية والشموع.', 'تتشرف شركة Bio Green Wax Ltd بالإعلان عن توسعة كبيرة لمحفظة منتجاتنا. استجابةً لطلبات العملاء وبحث السوق، أضفنا العديد من الزيوت الطبيعية والشموع الخاصة إلى كتالوجنا لعام 2026. تلبي هذه المنتجات الجديدة احتياجات صناعة مستحضرات التجميل وإنتاج الشموع المتزايدة، مع تقديم جودة فائقة وأسعار تنافسية. تواصل مع فريق المبيعات لدينا لمزيد من المعلومات حول تشكيلتنا الموسعة.', '2026-02-06 05:08:02', '2026-02-11 18:17:59'),
(2, 'news-002', 'تم الحصول على شهادة RSPO جديدة', 'تفتخر Bio Green Wax بالإعلان عن حصولها على شهادة RSPO Mass Balance لمنتجات زيت النخيل المستدامة.', 'يسعدنا أن نعلن أن شركة Bio Green Wax Ltd حصدت شهادة تعادل الكتلة لمجموعة RSPO لمنتجات شمع النخيل وزيت النخيل الخاصة بنا. تُظهر هذه الشهادة التزامنا بتوريد مستدام وإدارة سلسلة التوريد بمسؤولية. تُعد الجمعية المستديرة بشأن زيت النخيل المستدام (RSPO) البرنامج العالمي الرائد لشهادات زيت النخيل المستدام. يمكن لعملائنا الآن أن يكونوا واثقين من أن منتجاتنا المستخرجة من النخيل تلبي أعلى معايير الاستدامة.', '2026-02-06 05:13:07', '2026-02-09 04:29:44'),
(3, 'news-003', 'نجاح معرض التجارة في معرض الشموع البريطاني', 'شكرًا لكل من زار جناحنا في معرض الشموع في المملكة المتحدة 2026. كان من الرائع مقابلة العديد من صانعي الشموع!', 'قام فريق Bio Green Wax بوقت رائع في معرض الشموع في المملكة المتحدة 2026 الذي أقيم في برمنغهام الأسبوع الماضي. عرضنا مجموعتنا الكاملة من شمع الشموع بما في ذلك شمع النخيل الشائع، وشمع الصويا، وشمع البارافين. كان من الرائع لقاء العملاء الحاليين ووجوه جديدة في مجتمع صناعة الشموع. تلقينا تعليقات ممتازة على مجموعة شمع النخيل البلوري الجديدة، التي تخلق تأثيرات بصرية مذهلة في الشموع. إذا فاتك لقاؤنا في المعرض، يرجى التواصل معنا لطلب عينات.', '2026-02-06 05:19:11', '2026-02-09 04:30:20'),
(4, 'news-004', 'تقديم مجموعتنا الجديدة من مزيج الشموع', 'نحن متحمسون لإطلاق مجموعتنا الجديدة من خلطات الشموع المخصصة المصممة لتطبيقات صنع الشموع المحددة.', 'بعد بحث وتطوير موسعين، تفخر Bio Green Wax بتقديم مجموعتنا الجديدة من خلائط الشموع الشمعية. تجمع هذه الخلائط المصممة بعناية بين أفضل خصائص أنواع الشمع المختلفة لتحقيق الأداء الأمثل للاستخدامات المحددة. تتضمن المجموعة الجديدة خلائط محسّنة لشموع الحاويات، والشموع الأعمدة، وقطرات الشمع. لقد تم اختبار كل خلطة بشكل مكثف لضمان انتشار الرائحة بشكل ممتاز، واحتراق نظيف، وسهولة إخراج الشمع من القالب. تواصل مع فريق المبيعات لدينا للحصول على عينات والمواصفات التقنية.', '2026-02-06 05:24:54', '2026-02-09 04:30:59'),
(5, 'news-005', 'تم نشر تقرير الاستدامة لعام 2025', 'تسلط تقريرنا السنوي حول الاستدامة الضوء على تقدمنا نحو الحياد الكربوني وأهداف التوريد المستدام.', 'شركة Bio Green Wax المحدودة نشرت تقرير الاستدامة لعام 2025، موضحة مبادراتها البيئية وتقدمها نحو أهداف الاستدامة لعام 2030. تتضمن النقاط الرئيسية تقليل انبعاثات الكربون بنسبة 15% مقارنة بعام 2024، واستخدام الكهرباء المتجددة بنسبة 100% في مستودعنا الرئيسي، وزيادة مصادر منتجات نخيل شجرة زيت النخيل المعتمدة من RSPO. نلتزم بالشفافية والتحسين المستمر في أدائنا البيئي. التقرير الكامل متاح عند الطلب من فريق خدمة العملاء لدينا.', '2026-02-06 05:31:02', '2026-02-09 04:31:39');

--
-- Dumping data for table `news_articles_de`
--

INSERT INTO `news_articles_de` (`id`, `master_id`, `title`, `excerpt`, `content`, `created_at`, `updated_at`) VALUES
(1, 'news-001', 'Bio Green Wax erweitert sein Produktangebot', 'Wir freuen uns, die Erweiterung unserer Produktpalette an natürlichen Ölen und Wachsen bekannt zu geben.', 'Bio Green Wax Ltd freut sich, eine bedeutende Erweiterung unseres Produktportfolios bekannt zu geben. Im Zuge der Kundennachfrage und Marktanalyse haben wir im Jahr 2026 mehrere neue natürlichen Öle und Spezialwachse in unseren Katalog aufgenommen. Diese neuen Produkte richten sich an die wachsenden Kosmetik- und Kerzenherstellungsindustrien und bieten erstklassige Qualität zu wettbewerbsfähigen Preisen. Kontaktieren Sie unser Vertriebsteam für weitere Informationen über unser erweitertes Angebot.', '2026-02-06 05:08:53', '2026-02-11 18:18:08'),
(2, 'news-002', 'Neue RSPO-Zertifizierung erreicht', 'Bio Green Wax freut sich, unsere RSPO-Massenbilanz-Zertifizierung für nachhaltige Palmölprodukte bekannt zu geben.', 'Wir freuen uns, bekannt geben zu können, dass Bio Green Wax Ltd die RSPO-Mass Balance-Zertifizierung für unsere Palmenwachs- und Palmölprodukte erhalten hat. Diese Zertifizierung zeigt unser Engagement für nachhaltige Beschaffung und verantwortungsbewusstes Lieferkettenmanagement. Die Roundtable on Sustainable Palm Oil (RSPO) ist das weltweit führende Zertifizierungssystem für nachhaltiges Palmöl. Unsere Kunden können nun sicher sein, dass unsere palmabgeleiteten Produkte die höchsten Nachhaltigkeitsstandards erfüllen.', '2026-02-06 05:14:12', '2026-02-09 04:29:51'),
(3, 'news-003', 'Erfolg bei der Messe auf dem UK Candle Expo', 'Vielen Dank an alle, die unseren Stand auf der UK Candle Expo 2026 besucht haben. Es war großartig, so viele Kerzenhersteller kennenzulernen!', 'Das Bio Green Wax Team hatte eine großartige Zeit auf der UK Candle Expo 2026, die letzte Woche in Birmingham stattfand. Wir präsentierten unser gesamtes Sortiment an Kerzenwachsen, darunter unser beliebtes Palmenwachs, Sojawachs und Paraffinwachs. Es war wunderbar, sowohl bestehende Kunden als auch neue Gesichter in der Kerzenmanufaktur-Community kennenzulernen. Wir erhielten hervorragendes Feedback zu unserer neuen kristallisierten Palmenwachs-Reihe, die atemberaubende visuelle Effekte in Kerzen erzeugt. Wenn Sie uns auf der Messe verpasst haben, nehmen Sie bitte Kontakt auf, um Muster anzufordern.', '2026-02-06 05:20:14', '2026-02-09 04:30:28'),
(4, 'news-004', 'Einführung unserer neuen Wachsmischungslinie', 'Wir freuen uns, unsere neue Reihe maßgeschneiderter Wachsblends vorzustellen, die speziell für bestimmte Kerzenherstellungsanwendungen entwickelt wurden.', 'Nach umfangreicher Forschung und Entwicklung ist Bio Green Wax stolz darauf, unsere neue Produktlinie von Wachsmischungen vorzustellen. Diese sorgfältig formulierten Mischungen vereinen die besten Eigenschaften verschiedener Wachsarten, um eine optimale Leistung für spezifische Anwendungen zu erzielen. Die neue Reihe umfasst Mischungen, die für Containerkerzen, Säulenkerzen und Wachsziele optimiert sind. Jede Mischung wurde umfassend getestet, um eine ausgezeichnete Duftabstrahlung, sauberes Brennen und einfaches Entformen zu gewährleisten. Kontaktieren Sie unser Verkaufsteam für Muster und technische Spezifikationen.', '2026-02-06 05:26:04', '2026-02-09 04:31:07'),
(5, 'news-005', 'Veröffentlichung des Nachhaltigkeitsberichts 2025', 'Unser jährlicher Nachhaltigkeitsbericht hebt unsere Fortschritte bei der Erreichung von Kohlenstoffneutralität und nachhaltigen Beschaffungszielen hervor.', 'Bio Green Wax Ltd hat unseren Nachhaltigkeitsbericht 2025 veröffentlicht, in dem unsere Umweltinitiativen und der Fortschritt bei der Erreichung unserer Nachhaltigkeitsziele für 2030 dargestellt sind. Zu den wichtigsten Highlights gehören eine 15%ige Reduzierung der CO₂-Emissionen im Vergleich zu 2024, 100% erneuerbarer Strom in unserem Hauptlager und eine verstärkte Beschaffung von RSPO-zertifizierten Palmprodukten. Wir bleiben unserem Engagement für Transparenz und kontinuierliche Verbesserung unserer Umweltbilanz treu. Der vollständige Bericht ist auf Anfrage bei unserem Kundenservice-Team erhältlich.', '2026-02-06 05:32:03', '2026-02-09 04:31:46');

--
-- Dumping data for table `news_articles_es`
--

INSERT INTO `news_articles_es` (`id`, `master_id`, `title`, `excerpt`, `content`, `created_at`, `updated_at`) VALUES
(1, 'news-001', 'Bio Green Wax amplía su gama de productos', 'Estamos emocionados de anunciar la ampliación de nuestra gama de productos de aceites y ceras naturales.', 'Bio Green Wax Ltd se complace en anunciar una expansión significativa de nuestro portafolio de productos. Siguiendo la demanda de los clientes y la investigación de mercado, hemos añadido varios aceites naturales y ceras especiales a nuestro catálogo en 2026. Estos nuevos productos atienden a las crecientes industrias de cosméticos y fabricación de velas, ofreciendo calidad superior y precios competitivos. Contacte a nuestro equipo de ventas para obtener más información sobre nuestra gama ampliada.', '2026-02-06 05:07:23', '2026-02-11 18:17:52'),
(2, 'news-002', 'Nueva certificación RSPO lograda', 'Bio Green Wax se enorgullece en anunciar nuestra certificación RSPO de Balance en Masa para productos de aceite de palma sostenibles.', 'Estamos encantados de anunciar que Bio Green Wax Ltd ha obtenido la certificación RSPO Mass Balance para nuestros productos de cera de palma y aceite de palma. Esta certificación demuestra nuestro compromiso con una obtención sostenible y una gestión responsable de la cadena de suministro. La Mesa Redonda sobre Aceite de Palma Sostenible (RSPO) es el principal esquema de certificación global para el aceite de palma sostenible. Nuestros clientes pueden estar ahora seguros de que nuestros productos derivados de la palma cumplen con los más altos estándares de sostenibilidad.', '2026-02-06 05:12:19', '2026-02-09 04:29:39'),
(3, 'news-003', 'Éxito en ferias comerciales en UK Candle Expo', '¡Gracias a todos los que visitaron nuestro stand en la UK Candle Expo 2026. ¡Fue genial conocer a tantos fabricantes de velas!', 'El equipo de Bio Green Wax disfrutó muchísimo en la UK Candle Expo 2026 celebrada en Birmingham la semana pasada. Mostramos nuestra gama completa de ceras para velas, incluyendo nuestro popular cera de palma, cera de soja y cera de parafina. Fue maravilloso conocer tanto a clientes existentes como a nuevas caras en la comunidad de fabricación de velas. Recibimos excelentes comentarios sobre nuestra nueva gama de cera de palma cristalizada, que crea impresionantes efectos visuales en las velas. Si te perdiste nuestro stand en la feria, no dudes en ponerte en contacto con nosotros para solicitar muestras.', '2026-02-06 05:18:33', '2026-02-09 04:30:16'),
(4, 'news-004', 'Presentamos nuestra nueva gama de mezclas de cera', 'Estamos emocionados de lanzar nuestra nueva gama de mezclas de cera personalizadas diseñadas para aplicaciones específicas de fabricación de velas.', 'Después de una extensa investigación y desarrollo, Bio Green Wax se enorgullece en presentar nuestra nueva gama de mezclas de cera. Estas mezclas cuidadosamente formuladas combinan las mejores propiedades de diferentes tipos de cera para lograr un rendimiento óptimo en aplicaciones específicas. La nueva gama incluye mezclas optimizadas para velas en recipiente, velas de pilar y melts de cera. Cada mezcla ha sido sometida a pruebas exhaustivas para garantizar una excelente proyección de aroma, una combustión limpia y un desmoldeo fácil. Póngase en contacto con nuestro equipo de ventas para obtener muestras y especificaciones técnicas.', '2026-02-06 05:24:01', '2026-02-09 04:30:53'),
(5, 'news-005', 'Informe de Sostenibilidad 2025 Publicado', 'Nuestro informe anual de sostenibilidad destaca nuestro progreso hacia la neutralidad de carbono y los objetivos de abastecimiento sostenible.', 'Bio Green Wax Ltd ha publicado nuestro Informe de Sostenibilidad 2025, que detalla nuestras iniciativas medioambientales y los avances hacia nuestras metas de sostenibilidad para 2030. Los aspectos más destacados incluyen una reducción del 15% en las emisiones de carbono en comparación con 2024, electricidad 100% renovable en nuestro almacén principal y un aumento en la adquisición de productos de palma certificados por RSPO. Continuamos comprometidos con la transparencia y la mejora continua en nuestro desempeño ambiental. El informe completo está disponible a solicitud de nuestro equipo de atención al cliente.', '2026-02-06 05:30:19', '2026-02-09 04:31:34');

--
-- Dumping data for table `news_articles_fr`
--

INSERT INTO `news_articles_fr` (`id`, `master_id`, `title`, `excerpt`, `content`, `created_at`, `updated_at`) VALUES
(1, 'news-001', 'Bio Green Wax Élargit sa Gamme de Produits', 'Nous sommes ravis d\'annoncer l\'élargissement de notre gamme de produits d\'huiles naturelles et de cires.', 'Bio Green Wax Ltd a le plaisir d\'annoncer une expansion majeure de notre portefeuille de produits. Suite à la demande des clients et à des études de marché, nous avons ajouté plusieurs nouvelles huiles naturelles et cires spéciales à notre catalogue en 2026. Ces nouveaux produits répondent aux industries croissantes des cosmétiques et de la fabrication de bougies, offrant une qualité supérieure et des prix compétitifs. Contactez notre équipe commerciale pour plus d\'informations sur notre gamme élargie.', '2026-02-06 05:07:33', '2026-02-11 18:17:55'),
(2, 'news-002', 'Certification RSPO nouvelle obtenue', 'Bio Green Wax est fier d\'annoncer notre certification RSPO Mass Balance pour des produits d\'huile de palme durables.', 'Nous sommes ravis d\'annoncer que Bio Green Wax Ltd a obtenu la certification RSPO Mass Balance pour nos produits en cire de palme et en huile de palme. Cette certification témoigne de notre engagement en faveur d\'une approvisionnement durable et d\'une gestion responsable de la chaîne d\'approvisionnement. La Roundtable on Sustainable Palm Oil (RSPO) est le principal référentiel mondial pour la certification de l\'huile de palme durable. Nos clients peuvent désormais être assurés que nos produits dérivés de la palme respectent les normes les plus strictes en matière de durabilité.', '2026-02-06 05:12:43', '2026-02-09 04:29:41'),
(3, 'news-003', 'Réussite lors du salon professionnel au UK Candle Expo', 'Merci à tous ceux qui ont visité notre stand lors du UK Candle Expo 2026. Ce fut un plaisir de rencontrer autant de fabricants de bougies !', 'L\'équipe Bio Green Wax a passé un moment fantastique lors de l\'UK Candle Expo 2026 qui s\'est tenu à Birmingham la semaine dernière. Nous avons présenté notre gamme complète de cires pour bougies, y compris notre populaire cire de palme, cire de soja et cire de paraffine. Ce fut un plaisir de rencontrer à la fois nos clients fidèles et de nouvelles personnes dans la communauté de la fabrication de bougies. Nous avons reçu d\'excellents retours concernant notre nouvelle gamme de cire de palme cristallisée, qui crée des effets visuels spectaculaires dans les bougies. Si vous nous avez manqué lors du salon, n\'hésitez pas à nous contacter pour demander des échantillons.', '2026-02-06 05:18:51', '2026-02-09 04:30:18'),
(4, 'news-004', 'Présentation de notre nouvelle gamme de mélanges de cires', 'Nous sommes ravis de lancer notre nouvelle gamme de mélanges de cires personnalisés conçus pour des applications spécifiques de fabrication de bougies.', 'Après de vastes recherches et développements, Bio Green Wax a le plaisir de présenter sa nouvelle gamme de mélanges de cires. Ces mélanges soigneusement formulés combinent les meilleures propriétés de différents types de cire pour atteindre des performances optimales pour des applications spécifiques. La nouvelle gamme comprend des mélanges optimisés pour bougies en verre, bougies de type pillar, et cires à faire fondre. Chaque mélange a été testé de manière approfondie pour garantir une excellente diffusion du parfum, une combustion propre et un démoulage facile. Contactez notre équipe commerciale pour des échantillons et des spécifications techniques.', '2026-02-06 05:24:26', '2026-02-09 04:30:56'),
(5, 'news-005', 'Rapport sur la durabilité 2025 publié', 'Notre rapport annuel sur la durabilité met en lumière nos progrès vers la neutralité carbone et nos objectifs d\'approvisionnement durable.', 'Bio Green Wax Ltd a publié notre Rapport de Durabilité 2025, décrivant nos initiatives environnementales et nos progrès vers nos objectifs de durabilité pour 2030. Parmi les points clés, une réduction de 15 % des émissions de carbone par rapport à 2024, 100 % d\'électricité renouvelable dans notre entrepôt principal, et une augmentation de l\'approvisionnement en produits de palme certifiés RSPO. Nous restons engagés en faveur de la transparence et de l\'amélioration continue de notre performance environnementale. Le rapport complet est disponible sur demande auprès de notre service client.', '2026-02-06 05:30:43', '2026-02-09 04:31:36');

--
-- Dumping data for table `news_articles_it`
--

INSERT INTO `news_articles_it` (`id`, `master_id`, `title`, `excerpt`, `content`, `created_at`, `updated_at`) VALUES
(1, 'news-001', 'Bio Green Wax amplia la gamma di prodotti', 'Siamo entusiasti di annunciare l’espansione della nostra gamma di oli naturali e cere.', 'Bio Green Wax Ltd è lieta di annunciare una significativa espansione del nostro portafoglio prodotti. In seguito alla domanda dei clienti e alle ricerche di mercato, nel 2026 abbiamo aggiunto diversi nuovi oli naturali e cere speciali al nostro catalogo. Questi nuovi prodotti soddisfano le esigenze crescenti delle industrie cosmetiche e della produzione di candele, offrendo qualità superiore e prezzi competitivi. Contatta il nostro team commerciale per ulteriori informazioni sulla nostra gamma ampliata.', '2026-02-06 05:11:27', '2026-02-11 18:18:31'),
(2, 'news-002', 'Nuova Certificazione RSPO Raggiunta', 'Bio Green Wax è orgogliosa di annunciare la nostra certificazione RSPO Mass Balance per prodotti di olio di palma sostenibile.', 'Siamo lieti di annunciare che Bio Green Wax Ltd ha ottenuto la certificazione RSPO Mass Balance per i nostri prodotti a base di cera di palma e olio di palma. Questa certificazione dimostra il nostro impegno per un sourcing sostenibile e una gestione responsabile della catena di approvvigionamento. La Roundtable on Sustainable Palm Oil (RSPO) è il principale schema di certificazione globale per l\'olio di palma sostenibile. I nostri clienti possono ora essere certi che i nostri prodotti derivati dalla palma rispettano i più alti standard di sostenibilità.', '2026-02-06 05:17:15', '2026-02-09 04:30:08'),
(3, 'news-003', 'Successo alla fiera al UK Candle Expo', 'Grazie a tutti coloro che sono passati al nostro stand al UK Candle Expo 2026. È stato fantastico conoscere così tanti produttori di candele!', 'Il team di Bio Green Wax ha trascorso un periodo fantastico al UK Candle Expo 2026, tenutosi a Birmingham la settimana scorsa. Abbiamo presentato la nostra gamma completa di cere per candele, tra cui i nostri popolari cera di palma, cera di soia e cera di paraffina. È stato meraviglioso incontrare sia clienti già affermati sia nuove persone nella comunità degli artigiani delle candele. Abbiamo ricevuto feedback eccellenti sulla nostra nuova linea di cera di palma cristallizzata, che crea effetti visivi sorprendenti nelle candele. Se non sei riuscito a trovarci alla fiera, contattaci pure per richiedere dei campioni.', '2026-02-06 05:22:55', '2026-02-09 04:30:46'),
(4, 'news-004', 'Presentiamo la nostra nuova gamma di miscele di cera', 'Siamo entusiasti di lanciare la nostra nuova gamma di miscele di cera personalizzate, progettate per applicazioni specifiche nella produzione di candele.', 'Dopo approfondite ricerche e sviluppo, Bio Green Wax è orgogliosa di presentare la nostra nuova gamma di miscele di cere. Queste miscele accuratamente formulate combinano le migliori proprietà di diversi tipi di cere per garantire prestazioni ottimali per applicazioni specifiche. La nuova gamma include miscele ottimizzate per candele in vasca, candele a colonna e cera per melt. Ogni miscela è stata sottoposta a test approfonditi per garantire un\'eccellente diffusione della fragranza, una combustione pulita e una facile estrazione dallo stampo. Contatta il nostro team commerciale per campioni e schede tecniche.', '2026-02-06 05:29:10', '2026-02-09 04:31:26'),
(5, 'news-005', 'Rapporto sulla Sostenibilità 2025 pubblicato', 'Il nostro rapporto annuale sulla sostenibilità evidenzia i nostri progressi verso gli obiettivi di neutralità carbonica e approvvigionamento sostenibile.', 'Bio Green Wax Ltd ha pubblicato il nostro Rapporto sulla Sostenibilità 2025, che illustra le nostre iniziative ambientali e i progressi verso i obiettivi di sostenibilità del 2030. I punti salienti includono una riduzione del 15% delle emissioni di carbonio rispetto al 2024, il 100% di energia elettrica rinnovabile nel nostro magazzino principale e un aumento dell\'approvvigionamento di prodotti di palma certificati RSPO. Rimaniamo impegnati alla trasparenza e al miglioramento continuo delle nostre performance ambientali. Il rapporto completo è disponibile su richiesta dal nostro team di assistenza clienti.', '2026-02-06 05:34:34', '2026-02-09 04:32:05');

--
-- Dumping data for table `news_articles_ja`
--

INSERT INTO `news_articles_ja` (`id`, `master_id`, `title`, `excerpt`, `content`, `created_at`, `updated_at`) VALUES
(1, 'news-001', 'バイオグリーンワックスが商品ラインナップを拡大', '私たちは、自然オイルとワックスの製品ラインナップの拡大をお知らせできることを嬉しく思います。', 'Bio Green Wax Ltdは、商品ラインナップの大幅な拡充を喜んでお知らせいたします。お客様のご要望と市場調査に基づき、2026年にいくつかの新しい天然オイルと特殊ワックスをカタログに追加しました。これらの新製品は、成長著しい化粧品およびキャンドル製造業界に対応し、優れた品質と競争力のある価格を提供します。拡大したラインナップについての詳細は、弊社の営業チームまでお問い合わせください。', '2026-02-06 05:09:18', '2026-02-11 18:18:11'),
(2, 'news-002', '新しいRSPO認証を取得しました', 'Bio Green Waxは、持続可能なパーム油製品のためのRSPOマスバランス認証取得を誇りに思います。', '私たちは、Bio Green Wax Ltdがパームワックスおよびパーム油製品でRSPOマスマBalance認証を取得したことをお知らせできることを大変嬉しく思います。この認証は、持続可能な調達と責任あるサプライチェーン管理へのコミットメントを示しています。持続可能なパーム油に関する円卓会議（RSPO）は、持続可能なパーム油の世界的な認証スキームのリーダーです。お客様は、私たちのパーム由来製品が最高水準のサステナビリティ基準を満たしていると安心してお選びいただけます。', '2026-02-06 05:14:38', '2026-02-09 04:29:53'),
(3, 'news-003', 'UKキャンドルエキスポでのトレードショー成功', 'UKキャンドルエキスポ2026で当ブースにお越しくださった皆さま、ありがとうございました。たくさんのキャンドルメーカーの方々にお会いできて、とても楽しかったです！', 'Bio Green Waxチームは、先週バーミンガムで開催されたUK Candle Expo 2026で素晴らしい時間を過ごしました。私たちは、人気のパームワックス、ソイワックス、パラフィンワックス製品を含む、全ラインナップのキャンドルワックスを紹介しました。既存のお客様や新たなキャンドル製作コミュニティの皆さまとお会いできたことは素晴らしい経験でした。特に、新しい結晶化パームワックスのシリーズについては、キャンドルに驚くべき視覚効果を生み出すと好評を博しました。もし展示会でお会いできなかった方がいらっしゃいましたら、サンプルのリクエストについてお気軽にご連絡ください。', '2026-02-06 05:20:36', '2026-02-09 04:30:31'),
(4, 'news-004', '新しいワックスブレンドシリーズのご紹介', '私たちは、特定のキャンドル作りの用途に合わせて設計された新しいカスタムワックスブレンドのラインナップを発表できることにわくわくしています。', '長年の研究開発を経て、Bio Green Waxは新しいワックスブレンドのラインナップを誇らしげにご紹介します。これらの丁寧に調合されたブレンドは、異なるワックスタイプの優れた特性を組み合わせて、特定の用途に最適な性能を実現します。新ラインナップには、コンテナキャンドル、ピラーキャンドル、ワックスメルト用に最適化されたブレンドが含まれています。各ブレンドは、優れた香りの広がり、クリーンな燃焼、そして取り外しやすさを確実にするために徹底的にテストされています。サンプルや技術仕様については、弊社の営業チームまでお問い合わせください。', '2026-02-06 05:26:33', '2026-02-09 04:31:10'),
(5, 'news-005', 'サステナビリティレポート2025を公開しました', '私たちの年間サステナビリティレポートは、カーボンニュートラルと持続可能な調達目標に向けた進展を強調しています。', 'Bio Green Wax Ltdは、2025年サステナビリティレポートを発表しました。これには、私たちの環境への取り組みと、2030年のサステナビリティ目標に向けた進捗状況が記載されています。主なハイライトは、2024年と比較して炭素排出量を15％削減したこと、主要倉庫での電力100％再生可能エネルギーの使用、そしてRSPO認証のパーム製品の調達拡大です。私たちは透明性を重視し、環境パフォーマンスの継続的な改善に引き続き努めてまいります。全文は、カスタマーサービスチームにご連絡いただくことでご請求いただけます。', '2026-02-06 05:32:30', '2026-02-09 04:31:49');

--
-- Dumping data for table `news_articles_ko`
--

INSERT INTO `news_articles_ko` (`id`, `master_id`, `title`, `excerpt`, `content`, `created_at`, `updated_at`) VALUES
(1, 'news-001', '바이오 그린 왁스, 제품군 확대', '우리는 자연유 및 왁스 제품군의 확장을 발표하게 되어 매우 기쁩니다.', 'Bio Green Wax Ltd는 제품 포트폴리오의 대대적 확장을 기쁘게 발표합니다. 고객의 수요와 시장 조사에 따라 2026년에 여러 가지 새로운 천연 오일과 전문 왁스를 저희 카탈로그에 추가하였습니다. 이 신제품들은 성장하는 화장품 및 캔들 제작 산업을 타겟으로 하여 우수한 품질과 경쟁력 있는 가격을 제공합니다. 저희 확장된 제품군에 대한 자세한 정보를 원하시면 영업팀에 문의해 주시기 바랍니다.', '2026-02-06 05:10:51', '2026-02-11 18:18:23'),
(2, 'news-002', '새로운 RSPO 인증 획득', 'Bio Green Wax는 지속 가능한 팜유 제품에 대해 RSPO Mass Balance 인증을 받았음을 자랑스럽게 발표합니다.', 'Bio Green Wax Ltd가 우리의 팜 왁스와 팜 오일 제품에 대해 RSPO Mass Balance 인증을 획득했다는 소식을 기쁘게 전합니다. 이 인증은 지속 가능한 원료 조달과 책임 있는 공급망 관리에 대한 우리의 의지를 보여줍니다. 지속 가능한 팜유에 관한 원탁회의(RSPO)는 전 세계에서 가장 선도적인 지속 가능 팜유 인증 제도입니다. 이제 우리의 고객들은 당사의 팜 유래 제품이 최고 수준의 지속 가능성 기준을 충족한다는 것을 안심하고 신뢰하실 수 있습니다.', '2026-02-06 05:16:31', '2026-02-09 04:30:03'),
(3, 'news-003', 'UK Candle Expo에서의 무역 박람회 성공', 'UK Candle Expo 2026에서 저희 부스를 방문해 주신 모든 분들께 감사드립니다. 많은 캔들 제작자 분들과 만나게 되어 정말 좋았습니다!', 'Bio Green Wax 팀은 지난주 버밍햄에서 열린 UK Candle Expo 2026에서 정말 즐거운 시간을 보냈습니다. 저희는 인기 있는 팜 왁스, 소이 왁스, 파라핀 왁스를 포함한 전체 캔들 왁스 제품군을 선보였습니다. 기존 고객과 새로운 캔들 제작 커뮤니티의 분들을 만날 수 있어 매우 뜻깊은 시간이었습니다. 특히 새롭게 선보인 크리스털라이즈드 팜 왁스 제품이 캔들에 놀라운 시각 효과를 만들어내는 것에 대해 아주 긍정적인 피드백을 받았습니다. 저희를 행사장에서 만나지 못하셨다면, 언제든지 샘플 요청을 위해 연락 주세요.', '2026-02-06 05:22:06', '2026-02-09 04:30:41'),
(4, 'news-004', '우리의 새로운 왁스 블렌드 라인업을 소개합니다', '우리는 특정 양초 제작 애플리케이션을 위해 설계된 맞춤형 왁스 블렌드 신제품 라인을 출시하게 되어 기대됩니다.', '오랜 연구 개발 끝에, Bio Green Wax는 새로운 왁스 블렌드 라인을 자랑스럽게 선보입니다. 이 정성스럽게 조제된 블렌드들은 다양한 왁스 종류의 최고의 특성을 결합하여 특정 용도에 맞는 최적의 성능을 발휘할 수 있도록 제작되었습니다. 새 라인에는 용기 초, 기둥 초, 왁스 멜트에 최적화된 블렌드가 포함되어 있습니다. 각 블렌드는 뛰어난 향기 전달력, 깨끗한 연소, 그리고 쉽게 분리되는 덤프를 보장하기 위해 광범위하게 테스트되었습니다. 샘플 및 기술 사양에 관해서는 저희 영업팀에 문의하시기 바랍니다.', '2026-02-06 05:28:19', '2026-02-09 04:31:22'),
(5, 'news-005', '2025 지속 가능성 보고서 발행', '우리의 연례 지속 가능성 보고서는 탄소 중립 및 지속 가능한 조달 목표를 향한 우리의 발전 상황을 강조합니다.', 'Bio Green Wax Ltd는 2025년 지속 가능성 보고서를 공개했으며, 이 보고서에서는 우리의 환경 이니셔티브와 2030년 지속 가능성 목표를 향한 진척 상황을 자세히 설명하고 있습니다. 주요 하이라이트는 2024년 대비 탄소 배출량이 15% 감소한 것, 주 창고에서 100% 재생 가능 전력을 사용하고 있는 것, 그리고 RSPO 인증 팜 제품의 구매를 늘린 것을 포함합니다. 우리는 투명성과 지속적인 환경 성과 향상에 대한 약속을 계속 지켜나가고 있습니다. 전체 보고서는 고객 서비스팀에 요청하시면 제공해 드립니다.', '2026-02-06 05:34:02', '2026-02-09 04:31:59');

--
-- Dumping data for table `news_articles_pl`
--

INSERT INTO `news_articles_pl` (`id`, `master_id`, `title`, `excerpt`, `content`, `created_at`, `updated_at`) VALUES
(1, 'news-001', 'Bio Green Wax Rozszerza swoją gamę produktów', 'Z niecierpliwością ogłaszamy rozszerzenie naszej gamy produktów naturalnych olejów i wosków.', 'Bio Green Wax Ltd z przyjemnością ogłasza znaczące rozszerzenie naszego portfolio produktów. W odpowiedzi na zapotrzebowanie klientów oraz badania rynkowe, w 2026 roku dodaliśmy do naszego katalogu kilka nowych naturalnych olejów i wosków specjalistycznych. Te nowe produkty odpowiadają rosnącemu zapotrzebowaniu przemysłów kosmetycznych i produkcji świec, oferując wysoką jakość i konkurencyjne ceny. Skontaktuj się z naszym zespołem sprzedaży, aby uzyskać więcej informacji o naszej poszerzonej ofercie.', '2026-02-06 05:11:46', '2026-02-11 18:18:34'),
(2, 'news-002', 'Nowe certyfikaty RSPO osiągnięte', 'Bio Green Wax z dumą ogłasza posiadanie certyfikatu RSPO Mass Balance dla produktów zrównoważonego oleju palmowego.', 'Z radością informujemy, że Bio Green Wax Ltd uzyskała certyfikat RSPO Mass Balance dla naszych produktów z wosku palmowego i oleju palmowego. Certyfikat ten potwierdza nasze zobowiązanie do zrównoważonego sourcingu i odpowiedzialnego zarządzania łańcuchem dostaw. Rada Zrównoważonego Oleju Palmowego (RSPO) jest wiodącym globalnym systemem certyfikacji dla zrównoważonego oleju palmowego. Nasi klienci mogą teraz być pewni, że nasze produkty pochodzące z palmy spełniają najwyższe standardy zrównoważonego rozwoju.', '2026-02-06 05:17:38', '2026-02-09 04:30:11'),
(3, 'news-003', 'Sukces na targach na UK Candle Expo', 'Dziękujemy wszystkim, którzy odwiedzili nasze stoisko na UK Candle Expo 2026. To było wspaniałe spotkać tylu producentów świec!', 'Zespół Bio Green Wax świetnie bawił się na UK Candle Expo 2026, które odbyło się w Birmingham w zeszłym tygodniu. Zaprezentowaliśmy nasz pełny asortyment wosków do świec, w tym nasze popularne woski palmowe, sojowe i parafinowe. To było wspaniałe spotkać zarówno obecnych klientów, jak i nowe twarze w społeczności miłośników tworzenia świec. Otrzymaliśmy świetne opinie na temat naszej nowej, krystalizowanej serii wosków palmowych, która tworzy oszałamiające efekty wizualne w świecach. Jeśli nie udało się wam nas odwiedzić na targach, prosimy o kontakt, aby zamówić próbki.', '2026-02-06 05:23:18', '2026-02-09 04:30:49'),
(4, 'news-004', 'Przedstawiamy naszą nową linię mieszanek wosków', 'Z niecierpliwością wprowadzamy naszą nową gamę niestandardowych mieszanek wosków przeznaczonych do konkretnych zastosowań w produkcji świec.', 'Po długotrwałych badaniach i rozwoju, Bio Green Wax z dumą prezentuje naszą nową gamę mieszanek woskowych. Te starannie opracowane mieszanki łączą najlepsze cechy różnych rodzajów wosku, aby osiągnąć optymalną wydajność w określonych zastosowaniach. Nowa gama obejmuje mieszanki zoptymalizowane do świec w słoikach, świec stożkowych oraz wosków do topienia. Każda mieszanka była poddana intensywnym testom, aby zapewnić doskonały rozproszenie zapachu, czyste spalanie oraz łatwe wyjmowanie zeformowanej świecy. Skontaktuj się z naszym zespołem sprzedaży w celu uzyskania próbek i specyfikacji technicznych.', '2026-02-06 05:29:39', '2026-02-09 04:31:29'),
(5, 'news-005', 'Raport zrównoważonego rozwoju 2025 opublikowany', 'Nasz coroczny raport dotyczący zrównoważonego rozwoju podkreśla nasze postępy w dążeniu do neutralności węglowej i celów zrównoważonych źródeł zaopatrzenia.', 'Bio Green Wax Ltd opublikowało nasz Raport Zrównoważonego Rozwoju na 2025 rok, który przedstawia nasze inicjatywy środowiskowe oraz postępy w realizacji celów zrównoważonego rozwoju na 2030 rok. Kluczowe punkty obejmują 15% redukcję emisji dwutlenku węgla w porównaniu z 2024 rokiem, 100% odnawialnej energii elektrycznej w naszym głównym magazynie oraz zwiększenie pozyskiwania produktów palmowych certyfikowanych przez RSPO. Pozostajemy zaangażowani w transparentność i ciągłe doskonalenie naszego wpływu na środowisko. Pełny raport jest dostępny na życzenie od naszego zespołu obsługi klienta.', '2026-02-06 05:35:00', '2026-02-09 04:32:08');

--
-- Dumping data for table `news_articles_pt`
--

INSERT INTO `news_articles_pt` (`id`, `master_id`, `title`, `excerpt`, `content`, `created_at`, `updated_at`) VALUES
(1, 'news-001', 'Bio Green Wax Expande sua Linha de Produtos', 'Estamos entusiasmados em anunciar a ampliação da nossa linha de óleos naturais e ceras.', 'A Bio Green Wax Ltd tem o prazer de anunciar uma expansão significativa do nosso portfólio de produtos. Após a demanda dos clientes e pesquisas de mercado, adicionamos várias novas óleos naturais e ceras especiais ao nosso catálogo em 2026. Estes novos produtos atendem às indústrias de cosméticos e velas em crescimento, oferecendo qualidade superior e preços competitivos. Entre em contato com nossa equipe de vendas para mais informações sobre nossa linha ampliada.', '2026-02-06 05:08:21', '2026-02-11 18:18:01'),
(2, 'news-002', 'Nova Certificação RSPO Conquistada', 'A Bio Green Wax tem orgulho de anunciar nossa certificação RSPO Mass Balance para produtos de óleo de palma sustentável.', 'Temos o prazer de anunciar que a Bio Green Wax Ltd obteve a certificação RSPO Mass Balance para nossos produtos de cera de palma e óleo de palma. Essa certificação demonstra nosso compromisso com a obtenção sustentável e a gestão responsável da cadeia de suprimentos. A Mesa-redonda de Óleo de Palma Sustentável (RSPO) é o principal esquema de certificação global para óleo de palma sustentável. Nossos clientes agora podem confiar que nossos produtos derivados de palma atendem aos mais altos padrões de sustentabilidade.', '2026-02-06 05:13:29', '2026-02-09 04:29:46'),
(3, 'news-003', 'Sucesso na Feira de Comércio na Expo de Velas do Reino Unido', 'Obrigado a todos que visitaram nosso estande na UK Candle Expo 2026. Foi ótimo conhecer tantos fabricantes de velas!', 'A equipe da Bio Green Wax teve um momento incrível na UK Candle Expo 2026 realizada em Birmingham na semana passada. Mostrámos nossa linha completa de ceras para velas, incluindo nossos populares produtos de cera de palma, cera de soja e cera de parafina. Foi maravilhoso conhecer tanto clientes já existentes quanto novos talentos na comunidade de fabricação de velas. Recebemos feedbacks excelentes sobre nossa nova linha de cera de palma cristalizada, que cria efeitos visuais impressionantes nas velas. Se você perdeu nossa participação no evento, entre em contato conosco para solicitar amostras.', '2026-02-06 05:19:39', '2026-02-09 04:30:23'),
(4, 'news-004', 'Apresentando nossa nova linha de Blend de Ceras', 'Estamos animados em lançar nossa nova linha de combinações de cera personalizadas, desenvolvidas para aplicações específicas na fabricação de velas.', 'Após extensa pesquisa e desenvolvimento, a Bio Green Wax tem orgulho de apresentar nossa nova linha de misturas de cera. Essas misturas cuidadosamente formuladas combinam as melhores propriedades de diferentes tipos de cera para alcançar o desempenho ideal para aplicações específicas. A nova linha inclui misturas otimizadas para velas de recipiente, velas de coluna e melts de cera. Cada mistura foi testada de forma abrangente para garantir ótima difusão do aroma, queima limpa e desmoldagem fácil. Entre em contato com nossa equipe de vendas para amostras e especificações técnicas.', '2026-02-06 05:25:18', '2026-02-09 04:31:02'),
(5, 'news-005', 'Relatório de Sustentabilidade 2025 Publicado', 'Nosso relatório anual de sustentabilidade destaca nosso progresso em direção à neutralidade de carbono e às metas de aquisição sustentável.', 'A Bio Green Wax Ltd publicou o nosso Relatório de Sustentabilidade de 2025, destacando nossas iniciativas ambientais e o progresso em direção às nossas metas de sustentabilidade para 2030. Os principais destaques incluem uma redução de 15% nas emissões de carbono em comparação com 2024, 100% de eletricidade renovável em nosso depósito principal e aumento na origem de produtos de palma certificados pela RSPO. Permanecemos comprometidos com a transparência e a melhoria contínua em nosso desempenho ambiental. O relatório completo está disponível mediante solicitação à nossa equipe de atendimento ao cliente.', '2026-02-06 05:31:25', '2026-02-09 04:31:42');

--
-- Dumping data for table `news_articles_ru`
--

INSERT INTO `news_articles_ru` (`id`, `master_id`, `title`, `excerpt`, `content`, `created_at`, `updated_at`) VALUES
(1, 'news-001', 'Bio Green Wax расширяет ассортимент продукции', 'Мы рады сообщить о расширении нашего ассортимента натуральных масел и восков.', 'Компания Bio Green Wax Ltd с удовольствием объявляет о значительном расширении нашего ассортимента продукции. В ответ на потребности клиентов и результаты маркетинговых исследований, в 2026 году мы добавили в наш каталог несколько новых натуральных масел и специальных восков. Эти новые продукты предназначены для растущих индустрий косметики и изготовления свечей, предлагая превосходное качество и конкурентоспособные цены. Свяжитесь с нашей командой продаж для получения дополнительной информации о расширенном ассортименте.', '2026-02-06 05:08:37', '2026-02-11 18:18:05'),
(2, 'news-002', 'Достигнута новая сертификация RSPO', 'Bio Green Wax гордится тем, что получил сертификат RSPO Mass Balance на продукцию из устойчивого пальмового масла.', 'Мы рады сообщить, что Bio Green Wax Ltd получила сертификат RSPO Mass Balance на нашу пальмовую воск и пальмовое масло. Этот сертификат подтверждает нашу приверженность устойчивому снабжению и ответственному управлению цепочками поставок. Рабочий круг по устойчивому маслу из пальм (RSPO) — это ведущая мировая схема сертификации устойчивого пальмового масла. Наши клиенты теперь могут быть уверены, что наши продукты на основе пальм обладают высочайшими стандартами экологической ответственности.', '2026-02-06 05:13:46', '2026-02-09 04:29:48'),
(3, 'news-003', 'Успех на торговой выставке на UK Candle Expo', 'Благодарим всех, кто посетил наш стенд на UK Candle Expo 2026. Было приятно познакомиться с таким количеством производителей свечей!', 'Команда Bio Green Wax прекрасно провела время на UK Candle Expo 2026, которая прошла на прошлой неделе в Бирмингеме. Мы продемонстрировали весь наш ассортимент candle wax, включая популярные продукты из пальмового воска, соевого воска и парафиновый воск. Было замечательно встретить как существующих клиентов, так и новых участников сообщества производителей свечей. Мы получили отличные отзывы о нашей новой серии кристализированного пальмового воска, которая создает потрясающие визуальные эффекты в свечах. Если вы пропустили нас на выставке, пожалуйста, свяжитесь с нами, чтобы запросить образцы.', '2026-02-06 05:19:52', '2026-02-09 04:30:25'),
(4, 'news-004', 'Представляем нашу новую линейку восковых смесей', 'Мы с радостью представляем нашу новую линейку индивидуальных восковых смесей, разработанных для конкретных целей при изготовлении свечей.', 'После обширных исследований и разработок компания Bio Green Wax с гордостью представляет новую линейку восковых смесей. Эти тщательно разработанные смеси объединяют лучшие свойства различных видов воска для достижения оптимальной производительности в конкретных сферах применения. Новая линейка включает смеси, оптимизированные для изготовления контейнерных свечей, столбиковых свечей и восковых расплавов. Каждая смесь прошла многочисленные тесты для обеспечения отличного распространения аромата, чистого горения и легкого извлечения из форм. Свяжитесь с нашей командой продаж для получения образцов и технических характеристик.', '2026-02-06 05:25:42', '2026-02-09 04:31:04'),
(5, 'news-005', 'Опубликован Отчет по устойчивому развитию 2025', 'Наш годовой отчет по устойчивому развитию подчеркивает наш прогресс в достижении целей по углеродной нейтральности и устойчивому приобретению ресурсов.', 'Bio Green Wax Ltd опубликовала наш отчет о устойчивом развитии за 2025 год, в котором представлены наши экологические инициативы и прогресс в достижении целей устойчивого развития к 2030 году. Основные моменты включают сокращение выбросов углерода на 15% по сравнению с 2024 годом, использование 100% возобновляемой электроэнергии на нашем основном складе и увеличение закупок продукции из пальмовых масел, сертифицированных RSPO. Мы остаемся приверженными прозрачности и постоянному улучшению нашего экологического показателя. Полный отчет доступен по запросу у нашей службы поддержки клиентов.', '2026-02-06 05:31:43', '2026-02-09 04:31:44');

--
-- Dumping data for table `news_articles_sw`
--

INSERT INTO `news_articles_sw` (`id`, `master_id`, `title`, `excerpt`, `content`, `created_at`, `updated_at`) VALUES
(1, 'news-001', 'Bio Green Wax Yanafungua Mahitaji Mapya ya Bidhaa', 'Tuna furahi kutangazha upanuzi wa mseto wa mafuta ya asili na waxes yetu.', 'Bio Green Wax Ltd inafurahi kutangaza upanuzi mkubwa wa orodha yetu ya bidhaa. Kufuatia mahitaji ya wateja na utafiti wa soko, tumeongeza mafuta mapya ya asili na wax maalum kwenye katalogi yetu mwaka wa 2026. Bidhaa hizi mpya zinatoa huduma kwa sekta zinazokua za urembo na utengenezaji wa mishumaa, zikitoa ubora bora na bei za ushindani. Wasiliana na timu yetu ya mauzo kwa habari zaidi kuhusu mseto wetu uliopanuliwa.', '2026-02-06 05:09:48', '2026-02-11 18:18:14'),
(2, 'news-002', 'Uthibitisho Mpya wa RSPO Umepatikana', 'Bio Green Wax inajivunia kutangaza uthibitisho wetu wa RSPO Mass Balance kwa bidhaa za mafuta ya nazi ambazo ni endelevu.', 'Tuna furaha kutangaza kuwa Bio Green Wax Ltd imepata vyeti vya RSPO Mass Balance kwa bidhaa zetu za nta ya palm and mafuta ya palm. Vyeti hivi vinaonyesha kujitolea kwetu kwa usambazaji endelevu na usimamizi wa mnyororo wa usambazaji wa kuwajibika. The Roundtable on Sustainable Palm Oil (RSPO) ni mpango wa vyeti wa kimataifa unaoongoza kwa usambazaji wa mafuta ya palm yanayostahili. Wateja wetu sasa wanaweza kuwa na uhakika kuwa bidhaa zetu zinazotokana na palm zinakidhi kiwango cha juu zaidi cha uendelevu.', '2026-02-06 05:15:18', '2026-02-09 04:29:56'),
(3, 'news-003', 'Mafanikio ya Maonyesho ya Biashara katika UK Candle Expo', 'Asante kwa kila mtu aliye tembelea banda letu kwenye UK Candle Expo 2026. Ilikuwa furaha kukutana na wengie wa watengenezaji wa mishumaa!', 'Tim Bio Green Wax alifurahia sana kwenye UK Candle Expo 2026 iliyofanyika Birmingham wiki iliyopita. Tulionyesha anuwai yetu kamili ya wax za mishumaa ikiwa ni pamoja na wax yetu maarufu ya palm wax, soy wax, na paraffin wax. Ilikuwa jambo zuri kukutana na wateja wa zamani na nyuso mpya katika jamii ya kutengeneza mishumaa. Tulipata maoni mazuri kuhusu anuwai yetu mpya ya crystallized palm wax, ambayo huunda athari za kuangalia za kuvutia kwenye mishumaa. Ikiwa umekosa kujua kuhusu sisi kwenye maonyesho, tafadhali wasiliana nasi ili kuomba sampuli.', '2026-02-06 05:20:58', '2026-02-09 04:30:33'),
(4, 'news-004', 'Tunawasilisha Mfululizo Wetu Mpya wa Mchanganyiko wa ParAff', 'Tunafurahi kutangaza aina mpya ya mchanganyiko wa wax iliyobinafsishwa iliyoundwa kwa matumizi maalum ya kutengeneza mishumaa.', 'Baada ya utafiti na maendeleo makubwa, Bio Green Wax inajivunia kuwasilisha mlolongo wetu mpya wa mchanganyiko wa nta. Mchanganyiko huu ulioundwa kwa makini huvunja sifa bora za aina tofauti za nta ili kufanikisha utendaji bora kwa matumizi maalum. Mfululizo mpya unajumuisha mchanganyiko ulioboreshwa kwa mishumaa ya chupa, mishumaa ya nguzo, na wax melts. Kila mchanganyiko umethibitishwa kwa kina ili kuhakikisha utoaji mzuri wa harufu, kuwaka safi, na urahisi wa kutoa kutoka kwenye mold. Wasiliana na timu yetu ya mauzo kwa sampuli na maelezo ya kiufundi.', '2026-02-06 05:27:10', '2026-02-09 04:31:13'),
(5, 'news-005', 'Ripoti ya Uendelevu 2025 Imachapishwa', 'Ripoti letu la mwaka kuhusu uendelevu linaonyesha maendeleo yetu kuelekea kuwa na kaboni sifuri na malengo ya ununuzi wa kudumu.', 'Bio Green Wax Ltd imachapisha Mipango Yetu ya Uendelevu 2025, inayotaja mipango yetu ya mazingira na maendeleo kuelekea malengo yetu ya uendelevu ya 2030. Mambo muhimu yanajumuisha kupunguka kwa 15% kwa utoaji wa kaboni ikilinganishwa na mwaka wa 2024, umeme safi wa 100% wa nishati mbadala kwenye ghala letu kuu, na kuongezeka kwa usambazaji wa bidhaa za michungwa zilizothibitishwa na RSPO. Tunaendelea kuonyesha uwazi na kuboresha mara kwa mara utendaji wetu wa mazingira. Ripoti kamili inapatikana kwa ombi kutoka kwa timu yetu ya huduma kwa wateja.', '2026-02-06 05:32:58', '2026-02-09 04:31:51');

--
-- Dumping data for table `news_articles_th`
--

INSERT INTO `news_articles_th` (`id`, `master_id`, `title`, `excerpt`, `content`, `created_at`, `updated_at`) VALUES
(1, 'news-001', 'Bio Green Wax ขยายช่วงผลิตภัณฑ์', 'เราตื่นเต้นที่จะประกาศการขยายช่วงผลิตภัณฑ์น้ำมันจากธรรมชาติและแว็กซ์ของเรา', 'Bio Green Wax Ltd มีความยินดีที่จะประกาศความขยายตัวอย่างมากในกลุ่มสินค้าของเรา ตามความต้องการของลูกค้าและการวิจัยตลาด เรายินดีที่จะนำเข้า <strong>น้ำมันธรรมชาติ</strong> และ <strong>แว็กซ์พิเศษ</strong> ใหม่หลายรายการสู่แคตตาล็อกในปี 2026 สินค้าใหม่นี้รองรับอุตสาหกรรมเครื่องสำอางและเทียนไขที่เติบโตขึ้นอย่างต่อเนื่อง พร้อมคุณภาพที่ยอดเยี่ยมและราคาที่แข่งขันได้ ติดต่อทีมขายของเราเพื่อข้อมูลเพิ่มเติมเกี่ยวกับกลุ่มสินค้าที่ขยายตัวของเรา', '2026-02-06 05:11:09', '2026-02-11 18:18:27'),
(2, 'news-002', 'ได้รับการรับรอง RSPO ใหม่เรียบร้อยแล้ว', 'Bio Green Wax ภูมิใจที่จะแจ้งให้ทราบว่าเราได้รับรองมาตรฐาน RSPO Mass Balance สำหรับผลิตภัณฑ์น้ำมันปาล์มที่ยั่งยืน', 'เรามีความยินดีที่จะประกาศว่า Bio Green Wax Ltd ได้รับการรับรอง RSPO Mass Balance สำหรับผลิตภัณฑ์ขี้ผึ้งปาล์มและน้ำมันปาล์มของเรา การรับรองนี้แสดงให้เห็นถึงความมุ่งมั่นของเราในการจัดหาที่ยั่งยืนและการบริหารจัดการห่วงโซ่อุปทานอย่างรับผิดชอบ กลุ่มสนทนาเรื่องน้ำมันปาล์ยั่งยืน (RSPO) เป็นโครงการรับรองระดับโลกชั้นนำสำหรับน้ำมันปาล์มที่ยั่งยืน ลูกค้าของเราจึงสามารถมั่นใจได้ว่าผลิตภัณฑ์ที่ได้จากปาล์มของเราเป็นไปตามมาตรฐานความยั่งยืนสูงสุด', '2026-02-06 05:16:57', '2026-02-09 04:30:06'),
(3, 'news-003', 'ความสำเร็จในงานแสดงสินค้าที่ UK Candle Expo', 'ขอขอบคุณทุกคนที่แวะเยี่ยมชมบูธของเราในงาน UK Candle Expo 2026 ยินดีที่ได้พบกับนักทำเทียนหลายท่าน!', 'ทีม Bio Green Wax มีช่วงเวลาที่ยอดเยี่ยมที่งาน UK Candle Expo 2026 ซึ่งจัดขึ้นที่เบอร์มิงแฮมเมื่อสัปดาห์ที่ผ่านมา เราได้แสดงสินค้าเทียนต่างๆ ของเราอย่างครบถ้วน รวมถึงเทียนปาล์มเทียนซอย และเทียนพาราฟิน ซึ่งเป็นที่นิยม การได้พบปะทั้งลูกค้าเก่าและหน้าใหม่ในชุมชนการทำเทียนเป็นเรื่องน่าประทับใจมาก เรายินดีที่ได้รับคำติชมดีเยี่ยมเกี่ยวกับกลุ่มเทียนปาล์มคริสตัลใหม่ของเรา ซึ่งสร้างเอฟเฟกต์ภาพที่น่าทึ่งในเทียน หากคุณพลาดโอกาสเจอเราที่งาน กรุณาติดต่อเพื่อขอรับตัวอย่างได้เลย', '2026-02-06 05:22:31', '2026-02-09 04:30:44'),
(4, 'news-004', 'แนะนำกลุ่มผลิตภัณฑ์เทียนผสมใหม่ของเรา', 'เราตื่นเต้นที่จะเปิดตัวชุดผสมเทียนชนิดใหม่ของเรา ซึ่งออกแบบมาเพื่อการใช้งานในการทำเทียนโดยเฉพาะ', 'หลังจากการวิจัยและพัฒนาที่กว้างขวาง Bio Green Wax ภูมิใจนำเสนอผลิตภัณฑ์ใหม่ในกลุ่มของผสมเทียนขี้ผึ้ง กลุ่มผสมที่ได้รับการคัดสรรอย่างพิถีพิถันนี้รวมคุณสมบัติที่ดีที่สุดของชนิดเทียนขี้ผึ้งต่างๆ เพื่อให้ได้ประสิทธิภาพสูงสุดสำหรับการใช้งานเฉพาะด้าน กลุ่มผลิตภัณฑ์ใหม่รวมถึงผสมที่ปรับให้เหมาะสำหรับเทียนใส่กล่อง เทียนเสา และเทียนละลายแต่ละสูตรได้รับการทดสอบอย่างเข้มงวดเพื่อให้แน่ใจว่ามีการปล่อยกลิ่นที่ดี การเผาไหม้ที่สะอาด และการถอดแบบง่าย ติดต่อทีมขายของเราเพื่อขอรับตัวอย่างและข้อมูลทางเทคนิค', '2026-02-06 05:28:46', '2026-02-09 04:31:24'),
(5, 'news-005', 'รายงานความยั่งยืน 2025 เผยแพร่แล้ว', 'รายงานความยั่งยืนประจำปีของเราชี้ให้เห็นความคืบหน้าของเราในการบรรลุเป้าหมายความเป็นกลางทางคาร์บอนและการจัดหาอย่างยั่งยืน', 'Bio Green Wax Ltd ได้เผยแพร่รายงานความยั่งยืนปี 2025 ของเรา ซึ่งสรุ่นโครงการและความก้าวหน้าทางสิ่งแวดล้อมของเราในการบรรลุเป้าหมายความยั่งยืนปี 2030 จุดเด่นสำคัญได้แก่ การลดการปล่อยก๊าซคาร์บอนลง 15% เมื่อเทียบกับปี 2024, พลังงานไฟฟ้าทั้งหมดมาจากแหล่งหมุนเวียน 100% ที่คลังสินค้าหลักของเรา, และการเพิ่มการจัดหาผลิตภัณฑ์ปาล์มที่ได้รับการรับรองจาก RSPO เรายังคงมุ่งมั่นในความโปร่งใสและการปรับปรุงด้านสิ่งแวดล้อมอย่างต่อเนื่อง รายงานฉบับเต็มสามารถขอรับได้จากฝ่ายบริการลูกค้าของเรา', '2026-02-06 05:34:19', '2026-02-09 04:32:03');

--
-- Dumping data for table `news_articles_tr`
--

INSERT INTO `news_articles_tr` (`id`, `master_id`, `title`, `excerpt`, `content`, `created_at`, `updated_at`) VALUES
(1, 'news-001', 'Bio Green Wax Ürün Yelpazesini Genişletiyor', 'Doğal yağlar ve mumlar ürün yelpazemizi genişletmenin heyecanını yaşıyoruz.', 'Bio Green Wax Ltd, ürün portföyümüzde önemli bir genişleme duyurmaktan memnuniyet duyar. Müşteri talebi ve piyasa araştırmaları doğrultusunda, 2026 yılında kataloğumuza birkaç yeni doğal yağ ve özel muma ekledik. Bu yeni ürünler, büyüyen kozmetik ve mum yapımı sektörlerine hitap ederek üstün kalite ve rekabetçi fiyatlar sunmaktadır. Genişletilmiş ürün yelpazemiz hakkında daha fazla bilgi almak için satış ekibimizle iletişime geçiniz.', '2026-02-06 05:10:12', '2026-02-11 18:18:17'),
(2, 'news-002', 'Yeni RSPO Sertifikası Başarıyla Alındı', 'Bio Green Wax, sürdürülebilir palm yağı ürünleri için RSPO Mass Balance sertifikasını almış olmaktan gurur duyuyor.', 'Bio Green Wax Ltd olarak, palm mumlarımız ve palm yağı ürünlerimiz için RSPO Mass Balance sertifikası almış olmaktan büyük mutluluk duyuyoruz. Bu sertifika, sürdürülebilir tedarik ve sorumlu tedarik zinciri yönetimine olan bağlılığımızı göstermektedir. Sürdürülebilir Palm Yağı Çalışma Grubu (RSPO), sürdürülebilir palm yağı için dünya çapında önde gelen sertifika programıdır. Müşterilerimiz artık palm bazlı ürünlerimizin en yüksek sürdürülebilirlik standartlarına uygun olduğunu güvenle bilebilirler.', '2026-02-06 05:15:49', '2026-02-09 04:29:58'),
(3, 'news-003', 'İngiltere Mum Fuarı\'nda Ticaret Gösterisi Başarısı', 'UK Candle Expo 2026\'da standımızı ziyaret eden herkese teşekkür ederiz. Bu kadar çok mum yapımcısıyla tanışmak harikaydı!', 'Bio Green Wax ekibi, geçen hafta Birmingham\'da düzenlenen UK Candle Expo 2026\'da harika vakit geçirdi. Popüler palm wax, soya wax ve paraffin wax ürünlerimizi içeren tam serimizi sergiledik. Hem mevcut müşterilerimizle hem de mum yapım topluluğundaki yeni yüzlerle tanışmak çok güzel oldu. Yeni kristalleştirilmiş palm wax serimiz hakkında mükemmel geri dönüşler aldık; bu ürünler mumlarda göz alıcı görsel efektler yaratıyor. Bizi fuarda kaçırdıysanız, lütfen numune talebinde bulunmak için bizimle iletişime geçin.', '2026-02-06 05:21:21', '2026-02-09 04:30:36'),
(4, 'news-004', 'Yeni Mum Karışımı Serimizi Tanıtıyoruz', 'Özel mum yapım uygulamaları için tasarlanmış yeni özel balmumu karışımlarımızı tanıtmaktan heyecan duyuyoruz.', 'Kapsamlı araştırma ve geliştirme çalışmalarının ardından, Bio Green Wax yeni wax karışımlarımızı gururla tanıtmaktadır. Bu özenle formüle edilmiş karışımlar, farklı wax türlerinin en iyi özelliklerini bir araya getirerek belirli uygulamalar için en uygun performansı sağlar. Yeni seri, kap mühürleri, fitilli mumlar ve wax meltler için optimize edilmiş karışımları içermektedir. Her bir karışım, mükemmel koku yayılımı, temiz yanma ve kolay kalıbından çıkarma sağlamak amacıyla kapsamlı testlerden geçmiştir. Numune ve teknik özellikler için satış ekibimizle iletişime geçiniz.', '2026-02-06 05:27:40', '2026-02-09 04:31:16'),
(5, 'news-005', 'Sürdürülebilirlik Raporu 2025 Yayınlandı', 'Yıllık sürdürülebilirlik raporumuz, karbon nötrlüğü ve sürdürülebilir tedarik hedeflerimize doğru ilerlememizi vurgulamaktadır.', 'Bio Green Wax Ltd, 2025 Sürdürülebilirlik Raporu\'nu yayımladı ve çevresel girişimlerimizi ile 2030 sürdürülebilirlik hedeflerimize doğru ilerlememizi özetledi. Başlıca önemli noktalar arasında, 2024\'e kıyasla karbon emisyonlarında %15 azalma, ana depomuzda %100 yenilenebilir elektrik kullanımı ve RSPO sertifikalı palm ürünlerin tedarikinde artış bulunmaktadır. Şeffaflık ve çevresel performansımızda sürekli iyileştirmeye bağlılığımız devam ediyor. Tam rapora, müşteri hizmetleri ekibimizden talep edilerek ulaşabilirsiniz.', '2026-02-06 05:33:17', '2026-02-09 04:31:54');

--
-- Dumping data for table `news_articles_vi`
--

INSERT INTO `news_articles_vi` (`id`, `master_id`, `title`, `excerpt`, `content`, `created_at`, `updated_at`) VALUES
(1, 'news-001', 'Bio Green Wax Mở Rộng Dòng Sản Phẩm', 'Chúng tôi vô cùng phấn khích thông báo về việc mở rộng dòng sản phẩm dầu tự nhiên và sáp của chúng tôi.', 'Bio Green Wax Ltd vui mừng thông báo về việc mở rộng đáng kể danh mục sản phẩm của chúng tôi. Dựa trên nhu cầu của khách hàng và nghiên cứu thị trường, chúng tôi đã bổ sung một số loại dầu tự nhiên và sáp đặc biệt mới vào danh mục trong năm 2026. Những sản phẩm mới này phục vụ cho ngành mỹ phẩm và làm nến ngày càng phát triển, cung cấp chất lượng vượt trội và giá cả cạnh tranh. Liên hệ với đội ngũ bán hàng của chúng tôi để biết thêm thông tin về phạm vi sản phẩm mở rộng.', '2026-02-06 05:10:32', '2026-02-11 18:18:20'),
(2, 'news-002', 'Chứng nhận RSPO mới đã được cấp', 'Bio Green Wax tự hào thông báo chứng nhận RSPO Mass Balance cho các sản phẩm dầu cọ bền vững của chúng tôi.', 'Chúng tôi vui mừng thông báo rằng Bio Green Wax Ltd đã đạt chứng nhận RSPO Mass Balance cho các sản phẩm sáp cọ và dầu cọ của mình. Chứng nhận này thể hiện cam kết của chúng tôi về nguồn cung ứng bền vững và quản lý chuỗi cung ứng có trách nhiệm. Hội đồng về Dầu cọ Bền vững (RSPO) là hệ thống chứng nhận hàng đầu toàn cầu dành cho dầu cọ bền vững. Khách hàng của chúng tôi giờ đây có thể yên tâm rằng các sản phẩm từ cọ của chúng tôi đáp ứng các tiêu chuẩn cao nhất về tính bền vững.', '2026-02-06 05:16:11', '2026-02-09 04:30:00'),
(3, 'news-003', 'Thành công tại Triển lãm Sự kiện Thương mại UK Candle Expo', 'Cảm ơn tất cả mọi người đã ghé thăm gian hàng của chúng tôi tại UK Candle Expo 2026. Thật tuyệt vời khi được gặp gỡ nhiều nhà làm nến!', 'Nhóm Bio Green Wax đã có một khoảng thời gian tuyệt vời tại UK Candle Expo 2026 diễn ra ở Birmingham vào tuần trước. Chúng tôi giới thiệu toàn bộ các dòng sáp nến của mình bao gồm sáp dừa phổ biến, sáp đậu nành và sáp paraffin. Thật tuyệt vời khi được gặp gỡ cả khách hàng hiện tại lẫn những gương mặt mới trong cộng đồng làm nến. Chúng tôi nhận được phản hồi tích cực về dòng sáp dừa crystallized mới của mình, giúp tạo ra những hiệu ứng thị giác gây ấn tượng trong nến. Nếu bạn bỏ lỡ chúng tôi tại triển lãm, vui lòng liên hệ để yêu cầu mẫu thử.', '2026-02-06 05:21:39', '2026-02-09 04:30:38'),
(4, 'news-004', 'Giới thiệu dòng sản phẩm Hỗn hợp sáp mới của chúng tôi', 'Chúng tôi rất háo hức giới thiệu dòng sản phẩm mới của chúng tôi - các hỗn hợp sáp tùy chỉnh được thiết kế dành riêng cho các ứng dụng làm nến khác nhau.', 'Sau nhiều nghiên cứu và phát triển, Bio Green Wax tự hào giới thiệu dòng sản phẩm hỗn hợp sáp mới của chúng tôi. Các hỗn hợp được phối chế cẩn thận này kết hợp các đặc tính tốt nhất của các loại sáp khác nhau để đạt hiệu suất tối ưu cho các ứng dụng cụ thể. Dòng sản phẩm mới này bao gồm các hỗn hợp tối ưu hóa cho nến đựng, nến cột và nến sáp nóng chảy. Mỗi hỗn hợp đã được thử nghiệm kỹ lưỡng để đảm bảo khả năng tỏa hương tốt, cháy sạch và dễ dàng tháo khuôn. Liên hệ với đội ngũ bán hàng của chúng tôi để lấy mẫu và thông số kỹ thuật.', '2026-02-06 05:27:59', '2026-02-09 04:31:19'),
(5, 'news-005', 'Báo cáo Bền vững 2025 đã được phát hành', 'Báo cáo bền vững hàng năm của chúng tôi nhấn mạnh tiến trình hướng tới trung hòa carbon và các mục tiêu cung ứng bền vững.', 'Bio Green Wax Ltd đã công bố Báo cáo Bền vững năm 2025 của chúng tôi, trình bày các sáng kiến môi trường và tiến trình đạt được hướng tới các mục tiêu bền vững năm 2030. Những điểm nổi bật chính gồm giảm 15% lượng phát thải carbon so với năm 2024, 100% điện năng tái tạo tại kho chính của chúng tôi, và tăng cường nguồn cung các sản phẩm từ dầu cọ được chứng nhận RSPO. Chúng tôi vẫn cam kết minh bạch và không ngừng cải thiện hiệu quả môi trường của mình. Toàn bộ báo cáo có sẵn theo yêu cầu từ đội ngũ dịch vụ khách hàng của chúng tôi.', '2026-02-06 05:33:41', '2026-02-09 04:31:57');

--
-- Dumping data for table `news_articles_zh`
--

INSERT INTO `news_articles_zh` (`id`, `master_id`, `title`, `excerpt`, `content`, `created_at`, `updated_at`) VALUES
(1, 'news-001', 'Bio Green Wax 扩展产品系列', '我们很高兴宣布我们的天然油脂和蜡类产品系列将不断扩展。', 'Bio Green Wax Ltd 很高兴宣布我们产品线的重大扩展。根据客户需求和市场调研，我们在2026年新增了多种天然油和特色蜡到我们的目录中。 这些新产品满足日益增长的化妆品和蜡烛制造行业的需求，提供优质的品质和具有竞争力的价格。有关我们扩展产品范围的更多信息，请联系销售团队。', '2026-02-06 05:07:06', '2026-02-11 18:17:49'),
(2, 'news-002', '获得新的RSPO认证', 'Bio Green Wax 自豪地宣布我们获得了RSPO大众平衡认证，以生产可持续的棕榈油产品。', '我们很高兴宣布，Bio Green Wax Ltd 已获得RSPO质量平衡认证，用于我们的棕榈蜡和棕榈油产品。这项认证彰显了我们对可持续采购和负责任供应链管理的承诺。可持续棕榈油圆桌会议（RSPO）是全球领先的可持续棕榈油认证体系。我们的客户现在可以放心，我们的棕榈提取产品符合最高的可持续性标准。', '2026-02-06 05:12:05', '2026-02-09 04:29:36'),
(3, 'news-003', '在英国蜡烛博览会取得交易会成功', '感谢所有到访我们在英国蜡烛博览会2026展台的朋友们。很高兴能与如此多的蜡烛制造商相见！', 'Bio Green Wax团队上周在伯明翰举行的英国蜡烛博览会2026期间收获满满。我们展示了全系列的蜡烛蜡产品，包括受到欢迎的棕榈蜡、豆蜡和石蜡产品。很高兴与现有客户以及新认识的蜡烛制造社区成员们见面。我们收到了关于新款结晶棕榈蜡系列的极佳反馈，该系列在蜡烛中创造出令人惊艳的视觉效果。如果您错过了我们的展会，欢迎与我们联系索取样品。', '2026-02-06 05:18:08', '2026-02-09 04:30:13'),
(4, 'news-004', '介绍我们的新蜡混合系列', '我们很高兴推出我们为特定蜡烛制作应用而设计的全新定制蜡混合系列。', '经过大量的研究与开发，Bio Green Wax自豪地推出我们的新系列蜡混合物。这些精心配制的混合物结合了不同蜡类型的最佳特性，以实现特定应用的最佳性能。新系列包括为容器蜡烛、柱状蜡烛和蜡片优化的混合物。每一种混合物都经过 extensive 测试，确保出香效果优良、燃烧清洁、易于脱模。请联系我们的销售团队索取样品和技术规格。', '2026-02-06 05:23:41', '2026-02-09 04:30:51'),
(5, 'news-005', '《2025年可持续发展报告》已发布', '我们的年度可持续发展报告突出了我们在实现碳中和和可持续采购目标方面的进展。', 'Bio Green Wax Ltd 已公布我们的2025年可持续发展报告，概述了我们的环保举措及实现2030年可持续发展目标的进展。主要亮点包括与2024年相比碳排放减少15%，我们主要仓库使用100%的可再生电力，以及增加RSPO认证棕榈产品的采购。我们将继续致力于透明度和持续改善环境表现。如需查阅完整报告，请联系客户服务团队索取。', '2026-02-06 05:29:55', '2026-02-09 04:31:31');

--
-- Dumping data for table `page_views`
--

INSERT INTO `page_views` (`id`, `session_id`, `page_path`, `page_title`, `time_on_page`, `scroll_depth`, `viewed_at`) VALUES
(1, '04a905b2-ce14-4a6c-bc0b-45463830d011', '/products', 'Our Products - Edible Oils & Industrial Waxes | Bio Green Wax Ltd', 2, 0, '2026-02-11 03:26:24'),
(2, '04a905b2-ce14-4a6c-bc0b-45463830d011', '/products', 'Bio Green Wax Ltd | Premium Edible Oils & Industrial Waxes UK', 0, 0, '2026-02-11 03:26:23'),
(3, '0a2a0ef0-1627-48e9-91b9-67c95558879f', '/', 'Premium Edible Oils & Industrial Waxes Supplier | Bio Green Wax Ltd', 3, 0, '2026-02-10 15:47:12'),
(4, '0a2a0ef0-1627-48e9-91b9-67c95558879f', '/', 'Bio Green Wax Ltd | Premium Edible Oils & Industrial Waxes UK', 0, 0, '2026-02-10 15:47:11'),
(5, '0c0495ea-5dc5-42be-896f-1cd35fca652b', '/', 'Premium Edible Oils & Industrial Waxes Supplier | Bio Green Wax Ltd', 2, 0, '2026-02-09 02:22:50'),
(6, '0c0495ea-5dc5-42be-896f-1cd35fca652b', '/', 'Bio Green Wax Ltd | Premium Edible Oils & Industrial Waxes UK', 0, 0, '2026-02-09 02:22:48'),
(7, '0c620a6c-e34e-477a-b034-985fce2d2f31', '/products/sunflower-oil', 'Bio Green Wax Ltd | Premium Edible Oils & Industrial Waxes UK', 0, 0, '2026-02-10 10:04:29'),
(8, '0c620a6c-e34e-477a-b034-985fce2d2f31', '/products/sunflower-oil', 'Sunflower Oil | Bio Green Wax Ltd', 2, 0, '2026-02-10 10:04:31'),
(9, '0ccae9c5-7c1b-4911-88e5-9612577067c7', '/', 'Bio Green Wax Ltd | Premium Edible Oils & Industrial Waxes UK', 0, 0, '2026-02-09 02:02:04'),
(10, '0ccae9c5-7c1b-4911-88e5-9612577067c7', '/', 'Premium Edible Oils & Industrial Waxes Supplier | Bio Green Wax Ltd', 2, 0, '2026-02-09 02:02:05'),
(11, '0f561143-4164-4599-93d1-fc6221293755', '/sectors/paper-printing', 'Pharmaceuticals - Industries We Serve | Bio Green Wax Ltd', 0, 0, '2026-02-11 17:03:05'),
(12, '0f561143-4164-4599-93d1-fc6221293755', '/', 'Bio Green Wax Ltd for Edible Oils, fats & Industrial Waxes | Bio Green Wax Ltd', 246, 57, '2026-02-11 18:26:59'),
(13, '0f561143-4164-4599-93d1-fc6221293755', '/sectors/pharmaceuticals', 'Pharmaceuticals - Industries We Serve | Bio Green Wax Ltd', 8, 0, '2026-02-11 17:03:05'),
(14, '0f561143-4164-4599-93d1-fc6221293755', '/sectors/pharmaceuticals', 'Our Products - Edible Oils & Industrial Waxes | Bio Green Wax Ltd', 0, 0, '2026-02-11 17:02:56'),
(15, '0f561143-4164-4599-93d1-fc6221293755', '/', 'Bio Green Wax Ltd for Edible Oils, fats & Industrial Waxes | Bio Green Wax Ltd', 246, 57, '2026-02-11 18:26:59'),
(16, '0f561143-4164-4599-93d1-fc6221293755', '/', 'Bio Green Wax Ltd for Edible Oils, fats & Industrial Waxes | Bio Green Wax Ltd', 246, 57, '2026-02-11 18:26:57'),
(17, '0f561143-4164-4599-93d1-fc6221293755', '/products/palm-paraffin-blended-wax-jarcandles', 'Palm-Paraffin blended wax for jar candles | Bio Green Wax Ltd', 36, 22, '2026-02-11 07:57:57'),
(18, '0f561143-4164-4599-93d1-fc6221293755', '/products/palm-paraffin-blended-wax-jarcandles', 'Our Products - Edible Oils & Industrial Waxes | Bio Green Wax Ltd', 0, 0, '2026-02-11 07:57:23'),
(19, '0f561143-4164-4599-93d1-fc6221293755', '/products', 'Our Products - Edible Oils & Industrial Waxes | Bio Green Wax Ltd', 12, 25, '2026-02-11 07:57:20'),
(20, '0f561143-4164-4599-93d1-fc6221293755', '/products', 'Premium Edible Oils & Industrial Waxes Supplier | Bio Green Wax Ltd', 0, 0, '2026-02-11 07:57:09'),
(21, '0f561143-4164-4599-93d1-fc6221293755', '/', 'Premium Edible Oils & Industrial Waxes Supplier | Bio Green Wax Ltd', 3, 0, '2026-02-11 07:57:08'),
(22, '0f561143-4164-4599-93d1-fc6221293755', '/', 'Bio Green Wax Ltd | Premium Edible Oils & Industrial Waxes UK', 0, 0, '2026-02-11 07:57:06'),
(23, '0f561143-4164-4599-93d1-fc6221293755', '/', 'Bio Green Wax Ltd | Premium Edible Oils & Industrial Waxes UK', 0, 0, '2026-02-11 18:22:52'),
(24, '0f561143-4164-4599-93d1-fc6221293755', '/contact', 'Contact Bio Green Wax Ltd | Request Quotes & Samples | Bio Green Wax Ltd', 12, 0, '2026-02-11 18:16:44'),
(25, '0f561143-4164-4599-93d1-fc6221293755', '/products/palm-paraffin-blended-wax-jarcandles', 'Palm-Paraffin blended wax for jar candles | Bio Green Wax Ltd', 38, 39, '2026-02-11 07:56:12'),
(26, '0f561143-4164-4599-93d1-fc6221293755', '/products/palm-paraffin-blended-wax-jarcandles', 'Palm-Paraffin blended wax for jar candles | Bio Green Wax Ltd', 37, 39, '2026-02-11 07:56:12'),
(27, '0f561143-4164-4599-93d1-fc6221293755', '/products', 'Our Products - Edible Oils & Industrial Waxes | Bio Green Wax Ltd', 111, 95, '2026-02-11 17:02:56'),
(28, '0f561143-4164-4599-93d1-fc6221293755', '/products', 'About Us | Bio Green Wax Ltd', 0, 0, '2026-02-11 17:01:05'),
(29, '0f561143-4164-4599-93d1-fc6221293755', '/about', 'About Us | Bio Green Wax Ltd', 25, 56, '2026-02-11 17:01:05'),
(30, '0f561143-4164-4599-93d1-fc6221293755', '/contact', 'Contact Bio Green Wax Ltd | Request Quotes & Samples | Bio Green Wax Ltd', 11, 0, '2026-02-11 18:16:43'),
(31, '0f561143-4164-4599-93d1-fc6221293755', '/contact', 'Contact Us | Bio Green Wax Ltd', 0, 0, '2026-02-11 18:16:32'),
(32, '0f561143-4164-4599-93d1-fc6221293755', '/about', 'Bio Green Wax Ltd | Premium Edible Oils & Industrial Waxes UK', 0, 0, '2026-02-11 17:00:35'),
(33, '0f561143-4164-4599-93d1-fc6221293755', '/about', 'About Us | Bio Green Wax Ltd', 693, 24, '2026-02-11 17:00:26'),
(34, '0f561143-4164-4599-93d1-fc6221293755', '/', 'Bio Green Wax Ltd for Edible Oils, fats & Industrial Waxes | Bio Green Wax Ltd', 44, 100, '2026-02-11 18:16:32'),
(35, '0f561143-4164-4599-93d1-fc6221293755', '/zh/', 'Bio Green Wax Ltd for Edible Oils, fats & Industrial Waxes | Bio Green Wax Ltd', 17, 100, '2026-02-11 18:04:43'),
(36, '0f561143-4164-4599-93d1-fc6221293755', '/', 'Bio Green Wax Ltd | Premium Edible Oils & Industrial Waxes UK', 0, 0, '2026-02-11 18:15:48'),
(37, '0f561143-4164-4599-93d1-fc6221293755', '/about', 'About Us | Bio Green Wax Ltd', 692, 24, '2026-02-11 17:00:26'),
(38, '0f561143-4164-4599-93d1-fc6221293755', '/', 'Bio Green Wax Ltd for Edible Oils, fats & Industrial Waxes | Bio Green Wax Ltd', 136, 0, '2026-02-11 18:15:38'),
(39, '0f561143-4164-4599-93d1-fc6221293755', '/about', 'About Us | Bio Green Wax Ltd', 17, 24, '2026-02-11 16:49:11'),
(40, '0f561143-4164-4599-93d1-fc6221293755', '/about', 'About Us | Bio Green Wax Ltd', 0, 0, '2026-02-11 16:48:53'),
(41, '0f561143-4164-4599-93d1-fc6221293755', '/', 'Premium Edible Oils & Industrial Waxes Supplier | Bio Green Wax Ltd', 54, 94, '2026-02-11 16:48:53'),
(42, '0f561143-4164-4599-93d1-fc6221293755', '/', 'Bio Green Wax Ltd | Premium Edible Oils & Industrial Waxes UK', 0, 0, '2026-02-11 18:13:23'),
(43, '0f561143-4164-4599-93d1-fc6221293755', '/contact', 'Contact Bio Green Wax Ltd | Request Quotes & Samples | Bio Green Wax Ltd', 110, 100, '2026-02-11 18:12:06'),
(44, '0f561143-4164-4599-93d1-fc6221293755', '/contact', 'Contact Bio Green Wax Ltd | Request Quotes & Samples | Bio Green Wax Ltd', 110, 100, '2026-02-11 18:12:06'),
(45, '0f561143-4164-4599-93d1-fc6221293755', '/', 'Premium Edible Oils & Industrial Waxes Supplier | Bio Green Wax Ltd', 0, 0, '2026-02-11 16:47:59'),
(46, '0f561143-4164-4599-93d1-fc6221293755', '/products', 'Our Products - Edible Oils & Industrial Waxes | Bio Green Wax Ltd', 56, 95, '2026-02-11 16:47:59'),
(47, '0f561143-4164-4599-93d1-fc6221293755', '/contact', 'Contact Us | Bio Green Wax Ltd', 0, 0, '2026-02-11 18:10:16'),
(48, '0f561143-4164-4599-93d1-fc6221293755', '/products/palm-paraffin-blended-wax-jarcandles', 'Our Products - Edible Oils & Industrial Waxes | Bio Green Wax Ltd', 0, 0, '2026-02-11 07:55:34'),
(49, '0f561143-4164-4599-93d1-fc6221293755', '/products', 'Our Products - Edible Oils & Industrial Waxes | Bio Green Wax Ltd', 4, 23, '2026-02-11 07:55:34'),
(50, '0f561143-4164-4599-93d1-fc6221293755', '/', 'Bio Green Wax Ltd for Edible Oils, fats & Industrial Waxes | Bio Green Wax Ltd', 5, 0, '2026-02-11 18:10:16'),
(51, '0f561143-4164-4599-93d1-fc6221293755', '/', 'Bio Green Wax Ltd | Premium Edible Oils & Industrial Waxes UK', 0, 0, '2026-02-11 18:10:11'),
(52, '0f561143-4164-4599-93d1-fc6221293755', '/en/contact', 'Contact Bio Green Wax Ltd | Request Quotes & Samples | Bio Green Wax Ltd', 108, 26, '2026-02-11 18:10:01'),
(53, '0f561143-4164-4599-93d1-fc6221293755', '/en/contact', 'Contact Bio Green Wax Ltd | Request Quotes & Samples | Bio Green Wax Ltd', 108, 26, '2026-02-11 18:10:01'),
(54, '0f561143-4164-4599-93d1-fc6221293755', '/products', 'Premium Edible Oils & Industrial Waxes Supplier | Bio Green Wax Ltd', 0, 0, '2026-02-11 16:47:08'),
(55, '0f561143-4164-4599-93d1-fc6221293755', '/', 'Premium Edible Oils & Industrial Waxes Supplier | Bio Green Wax Ltd', 7, 0, '2026-02-11 16:47:03'),
(56, '0f561143-4164-4599-93d1-fc6221293755', '/en/contact', 'Contact Bio Green Wax Ltd | Request Quotes & Samples | Bio Green Wax Ltd', 108, 26, '2026-02-11 18:10:01'),
(57, '0f561143-4164-4599-93d1-fc6221293755', '/en/contact', 'Contact Bio Green Wax Ltd | Request Quotes & Samples | Bio Green Wax Ltd', 108, 26, '2026-02-11 18:10:01'),
(58, '0f561143-4164-4599-93d1-fc6221293755', '/en/contact', 'Contact Bio Green Wax Ltd | Request Quotes & Samples | Bio Green Wax Ltd', 0, 0, '2026-02-11 18:08:13'),
(59, '0f561143-4164-4599-93d1-fc6221293755', '/', 'Bio Green Wax Ltd | Premium Edible Oils & Industrial Waxes UK', 0, 0, '2026-02-11 16:46:57'),
(60, '0f561143-4164-4599-93d1-fc6221293755', '/products', 'Our Products - Edible Oils & Industrial Waxes | Bio Green Wax Ltd', 153, 100, '2026-02-11 12:00:29'),
(61, '0f561143-4164-4599-93d1-fc6221293755', '/zh/contact', 'Contact Bio Green Wax Ltd | Request Quotes & Samples | Bio Green Wax Ltd', 26, 27, '2026-02-11 18:08:12'),
(62, '0f561143-4164-4599-93d1-fc6221293755', '/products', 'Our Products - Edible Oils & Industrial Waxes | Bio Green Wax Ltd', 0, 0, '2026-02-11 07:55:30'),
(63, '0f561143-4164-4599-93d1-fc6221293755', '/products/paraffin-wax', 'Fully Refined Paraffin Wax (50-68°C) | Bio Green Wax Ltd', 29, 100, '2026-02-11 07:55:30'),
(64, '0f561143-4164-4599-93d1-fc6221293755', '/products/paraffin-wax', 'Our Products - Edible Oils & Industrial Waxes | Bio Green Wax Ltd', 0, 0, '2026-02-11 07:54:59'),
(65, '0f561143-4164-4599-93d1-fc6221293755', '/products', 'Our Products - Edible Oils & Industrial Waxes | Bio Green Wax Ltd', 3, 35, '2026-02-11 07:54:58'),
(66, '0f561143-4164-4599-93d1-fc6221293755', '/products', 'Our Products - Edible Oils & Industrial Waxes | Bio Green Wax Ltd', 0, 0, '2026-02-11 07:54:57'),
(67, '0f561143-4164-4599-93d1-fc6221293755', '/products/microcrystalline-wax', 'Microcrystalline Wax | Bio Green Wax Ltd', 19, 76, '2026-02-11 07:54:55'),
(68, '0f561143-4164-4599-93d1-fc6221293755', '/zh/contact', 'Contact Bio Green Wax Ltd | Request Quotes & Samples | Bio Green Wax Ltd', 0, 0, '2026-02-11 18:07:47'),
(69, '0f561143-4164-4599-93d1-fc6221293755', '/products/microcrystalline-wax', 'Our Products - Edible Oils & Industrial Waxes | Bio Green Wax Ltd', 0, 0, '2026-02-11 07:54:36'),
(70, '0f561143-4164-4599-93d1-fc6221293755', '/products', 'Our Products - Edible Oils & Industrial Waxes | Bio Green Wax Ltd', 40, 64, '2026-02-11 07:54:35'),
(71, '0f561143-4164-4599-93d1-fc6221293755', '/products', 'Premium Edible Oils & Industrial Waxes Supplier | Bio Green Wax Ltd', 0, 0, '2026-02-11 07:53:56'),
(72, '0f561143-4164-4599-93d1-fc6221293755', '/', 'Premium Edible Oils & Industrial Waxes Supplier | Bio Green Wax Ltd', 3225, 98, '2026-02-11 07:53:54'),
(73, '0f561143-4164-4599-93d1-fc6221293755', '/', 'Premium Edible Oils & Industrial Waxes Supplier | Bio Green Wax Ltd', 1949, 98, '2026-02-11 07:32:39'),
(74, '0f561143-4164-4599-93d1-fc6221293755', '/', 'Premium Edible Oils & Industrial Waxes Supplier | Bio Green Wax Ltd', 1896, 98, '2026-02-11 07:31:46'),
(75, '0f561143-4164-4599-93d1-fc6221293755', '/zh/careers', 'Careers at Bio Green Wax Ltd | Join Our Team | Bio Green Wax Ltd', 17, 100, '2026-02-11 18:07:46'),
(76, '0f561143-4164-4599-93d1-fc6221293755', '/', 'Bio Green Wax Ltd | Premium Edible Oils & Industrial Waxes UK', 0, 0, '2026-02-11 10:17:17'),
(77, '0f561143-4164-4599-93d1-fc6221293755', '/', 'Premium Edible Oils & Industrial Waxes Supplier | Bio Green Wax Ltd', 12, 0, '2026-02-11 09:13:12'),
(78, '0f561143-4164-4599-93d1-fc6221293755', '/', 'Bio Green Wax Ltd for Edible Oils, fats & Industrial Waxes | Bio Green Wax Ltd', 69, 0, '2026-02-11 18:29:12'),
(79, '0f561143-4164-4599-93d1-fc6221293755', '/news', 'News & Updates | Bio Green Wax Ltd', 5, 100, '2026-02-11 17:03:40'),
(80, '0f561143-4164-4599-93d1-fc6221293755', '/news', 'News & Updates | Bio Green Wax Ltd', 0, 0, '2026-02-11 17:03:35'),
(81, '0f561143-4164-4599-93d1-fc6221293755', '/', 'Bio Green Wax Ltd for Edible Oils, fats & Industrial Waxes | Bio Green Wax Ltd', 42, 0, '2026-02-11 18:27:50'),
(82, '0f561143-4164-4599-93d1-fc6221293755', '/', 'Bio Green Wax Ltd for Edible Oils, fats & Industrial Waxes | Bio Green Wax Ltd', 41, 0, '2026-02-11 18:27:49'),
(83, '0f561143-4164-4599-93d1-fc6221293755', '/', 'Bio Green Wax Ltd | Premium Edible Oils & Industrial Waxes UK', 0, 0, '2026-02-11 18:27:09'),
(84, '0f561143-4164-4599-93d1-fc6221293755', '/sectors/food', 'Food & Beverage - Industries We Serve | Bio Green Wax Ltd', 8, 0, '2026-02-11 17:03:35'),
(85, '0f561143-4164-4599-93d1-fc6221293755', '/sectors/food', 'Paper & Printing - Industries We Serve | Bio Green Wax Ltd', 0, 0, '2026-02-11 17:03:27'),
(86, '0f561143-4164-4599-93d1-fc6221293755', '/', 'Bio Green Wax Ltd for Edible Oils, fats & Industrial Waxes | Bio Green Wax Ltd', 246, 57, '2026-02-11 18:26:59'),
(87, '0f561143-4164-4599-93d1-fc6221293755', '/sectors/paper-printing', 'Paper & Printing - Industries We Serve | Bio Green Wax Ltd', 21, 40, '2026-02-11 17:03:26'),
(88, '0f561143-4164-4599-93d1-fc6221293755', '/', 'Bio Green Wax Ltd | Premium Edible Oils & Industrial Waxes UK', 0, 0, '2026-02-11 11:57:49'),
(89, '0f561143-4164-4599-93d1-fc6221293755', '/products', 'Our Products - Edible Oils & Industrial Waxes | Bio Green Wax Ltd', 303, 94, '2026-02-11 10:22:29'),
(90, '0f561143-4164-4599-93d1-fc6221293755', '/products', 'Our Products - Edible Oils & Industrial Waxes | Bio Green Wax Ltd', 147, 94, '2026-02-11 10:19:52'),
(91, '0f561143-4164-4599-93d1-fc6221293755', '/products', 'Premium Edible Oils & Industrial Waxes Supplier | Bio Green Wax Ltd', 0, 0, '2026-02-11 10:17:25'),
(92, '0f561143-4164-4599-93d1-fc6221293755', '/', 'Premium Edible Oils & Industrial Waxes Supplier | Bio Green Wax Ltd', 4, 0, '2026-02-11 10:17:25'),
(93, '0f561143-4164-4599-93d1-fc6221293755', '/careers', 'Careers | Bio Green Wax Ltd', 0, 0, '2026-02-11 17:03:48'),
(94, '0f561143-4164-4599-93d1-fc6221293755', '/', 'Bio Green Wax Ltd for Edible Oils, fats & Industrial Waxes | Bio Green Wax Ltd', 37, 0, '2026-02-11 18:30:00'),
(95, '0f561143-4164-4599-93d1-fc6221293755', '/certifications', 'Certifications & Quality Standards | Bio Green Wax Ltd', 7, 42, '2026-02-11 17:03:48'),
(96, '0f561143-4164-4599-93d1-fc6221293755', '/certifications', 'Certifications & Quality Standards | Bio Green Wax Ltd', 0, 0, '2026-02-11 17:03:41'),
(97, '0f561143-4164-4599-93d1-fc6221293755', '/', 'Bio Green Wax Ltd | Premium Edible Oils & Industrial Waxes UK', 0, 0, '2026-02-11 18:29:23'),
(98, '0f561143-4164-4599-93d1-fc6221293755', '/', 'Bio Green Wax Ltd | Premium Edible Oils & Industrial Waxes UK', 0, 0, '2026-02-11 18:28:04'),
(99, '0f561143-4164-4599-93d1-fc6221293755', '/zh/', 'Bio Green Wax Ltd for Edible Oils, fats & Industrial Waxes | Bio Green Wax Ltd', 0, 0, '2026-02-11 18:04:26'),
(100, '0f561143-4164-4599-93d1-fc6221293755', '/', 'Bio Green Wax Ltd for Edible Oils, fats & Industrial Waxes | Bio Green Wax Ltd', 7, 0, '2026-02-11 18:04:26'),
(101, '0f561143-4164-4599-93d1-fc6221293755', '/', 'Bio Green Wax Ltd | Premium Edible Oils & Industrial Waxes UK', 0, 0, '2026-02-11 18:04:20'),
(102, '0f561143-4164-4599-93d1-fc6221293755', '/', 'Bio Green Wax Ltd for Edible Oils, fats & Industrial Waxes | Bio Green Wax Ltd', 8, 0, '2026-02-11 17:37:39'),
(103, '0f561143-4164-4599-93d1-fc6221293755', '/', 'Bio Green Wax Ltd for Edible Oils, fats & Industrial Waxes | Bio Green Wax Ltd', 7, 0, '2026-02-11 17:37:39'),
(104, '0f561143-4164-4599-93d1-fc6221293755', '/', 'Bio Green Wax Ltd | Premium Edible Oils & Industrial Waxes UK', 0, 0, '2026-02-11 17:37:32'),
(105, '0f561143-4164-4599-93d1-fc6221293755', '/zh/careers', 'Careers at Bio Green Wax Ltd | Join Our Team | Bio Green Wax Ltd', 0, 0, '2026-02-11 18:07:29'),
(106, '0f561143-4164-4599-93d1-fc6221293755', '/zh/news', 'News & Industry Updates | Bio Green Wax Ltd | Bio Green Wax Ltd', 10, 100, '2026-02-11 18:07:28'),
(107, '0f561143-4164-4599-93d1-fc6221293755', '/', 'Bio Green Wax | Natural Oils & Waxes Supplier UK | Bio Green Wax Ltd', 19, 0, '2026-02-11 17:18:03'),
(108, '0f561143-4164-4599-93d1-fc6221293755', '/', 'Bio Green Wax | Natural Oils & Waxes Supplier UK | Bio Green Wax Ltd', 19, 0, '2026-02-11 17:18:03'),
(109, '0f561143-4164-4599-93d1-fc6221293755', '/', 'Premium Edible Oils & Industrial Waxes Supplier | Bio Green Wax Ltd', 12, 0, '2026-02-11 09:13:12'),
(110, '0f561143-4164-4599-93d1-fc6221293755', '/', 'Bio Green Wax Ltd | Premium Edible Oils & Industrial Waxes UK', 0, 0, '2026-02-11 09:13:00'),
(111, '0f561143-4164-4599-93d1-fc6221293755', '/products/palm-paraffin-blended-wax-jarcandles', 'Palm-Paraffin blended wax for jar candles | Bio Green Wax Ltd', 1690, 22, '2026-02-11 08:25:30'),
(112, '0f561143-4164-4599-93d1-fc6221293755', '/products/palm-paraffin-blended-wax-jarcandles', 'Palm-Paraffin blended wax for jar candles | Bio Green Wax Ltd', 1690, 22, '2026-02-11 08:25:30'),
(113, '0f561143-4164-4599-93d1-fc6221293755', '/products/palm-paraffin-blended-wax-jarcandles', 'Palm-Paraffin blended wax for jar candles | Bio Green Wax Ltd', 1018, 22, '2026-02-11 08:14:18'),
(114, '0f561143-4164-4599-93d1-fc6221293755', '/products/palm-paraffin-blended-wax-jarcandles', 'Palm-Paraffin blended wax for jar candles | Bio Green Wax Ltd', 585, 22, '2026-02-11 08:07:05'),
(115, '0f561143-4164-4599-93d1-fc6221293755', '/zh/news', 'News & Updates | Bio Green Wax Ltd', 0, 0, '2026-02-11 18:07:18'),
(116, '0f561143-4164-4599-93d1-fc6221293755', '/zh/sectors/candle-making', '蜡烛制作 - Industries We Serve | Bio Green Wax Ltd', 11, 0, '2026-02-11 18:07:18'),
(117, '0f561143-4164-4599-93d1-fc6221293755', '/', 'Bio Green Wax Ltd | Premium Edible Oils & Industrial Waxes UK', 0, 0, '2026-02-11 17:17:45'),
(118, '0f561143-4164-4599-93d1-fc6221293755', '/', 'Bio Green Wax Ltd | Premium Edible Oils & Industrial Waxes UK', 0, 0, '2026-02-10 07:53:57'),
(119, '0f561143-4164-4599-93d1-fc6221293755', '/', 'Premium Edible Oils & Industrial Waxes Supplier | Bio Green Wax Ltd', 315, 0, '2026-02-10 07:59:12'),
(120, '0f561143-4164-4599-93d1-fc6221293755', '/', 'Premium Edible Oils & Industrial Waxes Supplier | Bio Green Wax Ltd', 555, 0, '2026-02-10 08:03:13'),
(121, '0f561143-4164-4599-93d1-fc6221293755', '/', 'Premium Edible Oils & Industrial Waxes Supplier | Bio Green Wax Ltd', 672, 0, '2026-02-10 08:05:09'),
(122, '0f561143-4164-4599-93d1-fc6221293755', '/', 'Premium Edible Oils & Industrial Waxes Supplier | Bio Green Wax Ltd', 767, 0, '2026-02-10 08:06:44'),
(123, '0f561143-4164-4599-93d1-fc6221293755', '/', 'Premium Edible Oils & Industrial Waxes Supplier | Bio Green Wax Ltd', 778, 0, '2026-02-10 08:06:55'),
(124, '0f561143-4164-4599-93d1-fc6221293755', '/about', 'About Us | Bio Green Wax Ltd', 0, 0, '2026-02-10 08:06:55'),
(125, '0f561143-4164-4599-93d1-fc6221293755', '/about', 'About Us | Bio Green Wax Ltd', 4, 20, '2026-02-10 08:06:59'),
(126, '0f561143-4164-4599-93d1-fc6221293755', '/', 'Premium Edible Oils & Industrial Waxes Supplier | Bio Green Wax Ltd', 0, 0, '2026-02-10 08:07:00'),
(127, '0f561143-4164-4599-93d1-fc6221293755', '/', 'Premium Edible Oils & Industrial Waxes Supplier | Bio Green Wax Ltd', 21, 24, '2026-02-10 08:07:21'),
(128, '0f561143-4164-4599-93d1-fc6221293755', '/', 'Premium Edible Oils & Industrial Waxes Supplier | Bio Green Wax Ltd', 532, 24, '2026-02-10 08:15:52'),
(129, '0f561143-4164-4599-93d1-fc6221293755', '/', 'Premium Edible Oils & Industrial Waxes Supplier | Bio Green Wax Ltd', 557, 24, '2026-02-10 08:16:16'),
(130, '0f561143-4164-4599-93d1-fc6221293755', '/', 'Premium Edible Oils & Industrial Waxes Supplier | Bio Green Wax Ltd', 598, 24, '2026-02-10 08:16:57'),
(131, '0f561143-4164-4599-93d1-fc6221293755', '/', 'Premium Edible Oils & Industrial Waxes Supplier | Bio Green Wax Ltd', 599, 24, '2026-02-10 08:16:59'),
(132, '0f561143-4164-4599-93d1-fc6221293755', '/', 'Premium Edible Oils & Industrial Waxes Supplier | Bio Green Wax Ltd', 1008, 24, '2026-02-10 08:23:48'),
(133, '0f561143-4164-4599-93d1-fc6221293755', '/', 'Premium Edible Oils & Industrial Waxes Supplier | Bio Green Wax Ltd', 2037, 24, '2026-02-10 08:40:57'),
(134, '0f561143-4164-4599-93d1-fc6221293755', '/', 'Premium Edible Oils & Industrial Waxes Supplier | Bio Green Wax Ltd', 2044, 24, '2026-02-10 08:41:04'),
(135, '0f561143-4164-4599-93d1-fc6221293755', '/', 'Premium Edible Oils & Industrial Waxes Supplier | Bio Green Wax Ltd', 2205, 24, '2026-02-10 08:43:44'),
(136, '0f561143-4164-4599-93d1-fc6221293755', '/', 'Premium Edible Oils & Industrial Waxes Supplier | Bio Green Wax Ltd', 0, 0, '2026-02-10 08:45:04'),
(137, '0f561143-4164-4599-93d1-fc6221293755', '/', 'Premium Edible Oils & Industrial Waxes Supplier | Bio Green Wax Ltd', 0, 0, '2026-02-10 08:49:26'),
(138, '0f561143-4164-4599-93d1-fc6221293755', '/', 'Premium Edible Oils & Industrial Waxes Supplier | Bio Green Wax Ltd', 106, 71, '2026-02-10 08:51:11'),
(139, '0f561143-4164-4599-93d1-fc6221293755', '/', 'Premium Edible Oils & Industrial Waxes Supplier | Bio Green Wax Ltd', 134, 98, '2026-02-11 07:02:24'),
(140, '0f561143-4164-4599-93d1-fc6221293755', '/', 'Premium Edible Oils & Industrial Waxes Supplier | Bio Green Wax Ltd', 0, 0, '2026-02-11 07:00:10'),
(141, '0f561143-4164-4599-93d1-fc6221293755', '/', 'Bio Green Wax Ltd | Premium Edible Oils & Industrial Waxes UK', 0, 0, '2026-02-10 08:51:21'),
(142, '0f561143-4164-4599-93d1-fc6221293755', '/products', 'Our Products - Edible Oils & Industrial Waxes | Bio Green Wax Ltd', 4227, 90, '2026-02-11 07:00:09'),
(143, '0f561143-4164-4599-93d1-fc6221293755', '/products', 'Our Products - Edible Oils & Industrial Waxes | Bio Green Wax Ltd', 4153, 90, '2026-02-11 06:58:57'),
(144, '0f561143-4164-4599-93d1-fc6221293755', '/', 'Premium Edible Oils & Industrial Waxes Supplier | Bio Green Wax Ltd', 88, 100, '2026-02-10 08:52:49'),
(145, '0f561143-4164-4599-93d1-fc6221293755', '/', 'Premium Edible Oils & Industrial Waxes Supplier | Bio Green Wax Ltd', 88, 100, '2026-02-10 08:52:49'),
(146, '0f561143-4164-4599-93d1-fc6221293755', '/', 'Bio Green Wax Ltd | Premium Edible Oils & Industrial Waxes UK', 0, 0, '2026-02-10 08:54:35'),
(147, '0f561143-4164-4599-93d1-fc6221293755', '/', 'Premium Edible Oils & Industrial Waxes Supplier | Bio Green Wax Ltd', 19, 4, '2026-02-10 08:54:53'),
(148, '0f561143-4164-4599-93d1-fc6221293755', '/about', 'About Us | Bio Green Wax Ltd', 0, 0, '2026-02-10 08:54:53'),
(149, '0f561143-4164-4599-93d1-fc6221293755', '/about', 'About Us | Bio Green Wax Ltd', 6, 26, '2026-02-10 08:55:00'),
(150, '0f561143-4164-4599-93d1-fc6221293755', '/products', 'About Us | Bio Green Wax Ltd', 0, 0, '2026-02-10 08:55:00'),
(151, '0f561143-4164-4599-93d1-fc6221293755', '/products', 'Our Products - Edible Oils & Industrial Waxes | Bio Green Wax Ltd', 20, 42, '2026-02-10 08:55:20'),
(152, '0f561143-4164-4599-93d1-fc6221293755', '/products', 'Our Products - Edible Oils & Industrial Waxes | Bio Green Wax Ltd', 73, 42, '2026-02-10 08:56:13'),
(153, '0f561143-4164-4599-93d1-fc6221293755', '/products', 'Our Products - Edible Oils & Industrial Waxes | Bio Green Wax Ltd', 415, 90, '2026-02-11 05:56:37'),
(154, '0f561143-4164-4599-93d1-fc6221293755', '/products', 'Our Products - Edible Oils & Industrial Waxes | Bio Green Wax Ltd', 394, 90, '2026-02-11 05:56:16'),
(155, '0f561143-4164-4599-93d1-fc6221293755', '/products', 'Our Products - Edible Oils & Industrial Waxes | Bio Green Wax Ltd', 118, 49, '2026-02-11 05:51:39'),
(156, '0f561143-4164-4599-93d1-fc6221293755', '/products', 'Premium Edible Oils & Industrial Waxes Supplier | Bio Green Wax Ltd', 0, 0, '2026-02-11 05:49:44'),
(157, '0f561143-4164-4599-93d1-fc6221293755', '/', 'Premium Edible Oils & Industrial Waxes Supplier | Bio Green Wax Ltd', 7, 0, '2026-02-11 05:49:42'),
(158, '0f561143-4164-4599-93d1-fc6221293755', '/', 'Bio Green Wax Ltd | Premium Edible Oils & Industrial Waxes UK', 0, 0, '2026-02-11 05:49:35'),
(159, '0f561143-4164-4599-93d1-fc6221293755', '/', 'Premium Edible Oils & Industrial Waxes Supplier | Bio Green Wax Ltd', 3, 0, '2026-02-11 05:13:06'),
(160, '0f561143-4164-4599-93d1-fc6221293755', '/', 'Premium Edible Oils & Industrial Waxes Supplier | Bio Green Wax Ltd', 3, 0, '2026-02-11 05:13:05'),
(161, '0f561143-4164-4599-93d1-fc6221293755', '/', 'Premium Edible Oils & Industrial Waxes Supplier | Bio Green Wax Ltd', 0, 0, '2026-02-11 05:13:03'),
(162, '0f561143-4164-4599-93d1-fc6221293755', '/products', 'Our Products - Edible Oils & Industrial Waxes | Bio Green Wax Ltd', 3946, 42, '2026-02-10 10:00:46'),
(163, '0f561143-4164-4599-93d1-fc6221293755', '/', 'Premium Edible Oils & Industrial Waxes Supplier | Bio Green Wax Ltd', 0, 0, '2026-02-10 10:00:47'),
(164, '0f561143-4164-4599-93d1-fc6221293755', '/', 'Premium Edible Oils & Industrial Waxes Supplier | Bio Green Wax Ltd', 4, 0, '2026-02-10 10:00:50'),
(165, '0f561143-4164-4599-93d1-fc6221293755', '/products', 'Our Products - Edible Oils & Industrial Waxes | Bio Green Wax Ltd', 0, 0, '2026-02-10 10:00:51'),
(166, '0f561143-4164-4599-93d1-fc6221293755', '/products', 'Our Products - Edible Oils & Industrial Waxes | Bio Green Wax Ltd', 19, 33, '2026-02-10 10:01:10'),
(167, '0f561143-4164-4599-93d1-fc6221293755', '/products/olive-oil', 'Our Products - Edible Oils & Industrial Waxes | Bio Green Wax Ltd', 0, 0, '2026-02-10 10:01:10'),
(168, '0f561143-4164-4599-93d1-fc6221293755', '/', 'Bio Green Wax Ltd | Premium Edible Oils & Industrial Waxes UK', 0, 0, '2026-02-10 10:02:14'),
(169, '0f561143-4164-4599-93d1-fc6221293755', '/', 'Premium Edible Oils & Industrial Waxes Supplier | Bio Green Wax Ltd', 16, 0, '2026-02-10 10:02:30'),
(170, '0f561143-4164-4599-93d1-fc6221293755', '/products', 'Premium Edible Oils & Industrial Waxes Supplier | Bio Green Wax Ltd', 0, 0, '2026-02-10 10:02:30'),
(171, '0f561143-4164-4599-93d1-fc6221293755', '/products', 'Our Products - Edible Oils & Industrial Waxes | Bio Green Wax Ltd', 4, 33, '2026-02-10 10:02:34'),
(172, '0f561143-4164-4599-93d1-fc6221293755', '/products/rapeseed-oil', 'Our Products - Edible Oils & Industrial Waxes | Bio Green Wax Ltd', 0, 0, '2026-02-10 10:02:35'),
(173, '0f561143-4164-4599-93d1-fc6221293755', '/products/rapeseed-oil', 'Rapeseed Oil | Bio Green Wax Ltd', 65, 68, '2026-02-10 10:03:39'),
(174, '0f561143-4164-4599-93d1-fc6221293755', '/products/rapeseed-oil', 'Rapeseed Oil | Bio Green Wax Ltd', 100, 68, '2026-02-10 10:04:14'),
(175, '0f561143-4164-4599-93d1-fc6221293755', '/products/rapeseed-oil', 'Rapeseed Oil | Bio Green Wax Ltd', 100, 68, '2026-02-10 10:04:15'),
(176, '0f561143-4164-4599-93d1-fc6221293755', '/products/rapeseed-oil', 'Rapeseed Oil | Bio Green Wax Ltd', 100, 68, '2026-02-10 10:04:15'),
(177, '0f561143-4164-4599-93d1-fc6221293755', '/products/rapeseed-oil', 'Rapeseed Oil | Bio Green Wax Ltd', 100, 68, '2026-02-10 10:04:15'),
(178, '0f561143-4164-4599-93d1-fc6221293755', '/products', 'Our Products - Edible Oils & Industrial Waxes | Bio Green Wax Ltd', 1454, 56, '2026-02-11 05:13:02'),
(179, '0f561143-4164-4599-93d1-fc6221293755', '/products', 'Our Products - Edible Oils & Industrial Waxes | Bio Green Wax Ltd', 1123, 56, '2026-02-11 05:07:31'),
(180, '0f561143-4164-4599-93d1-fc6221293755', '/', 'Bio Green Wax Ltd | Premium Edible Oils & Industrial Waxes UK', 0, 0, '2026-02-10 10:04:25'),
(181, '0f561143-4164-4599-93d1-fc6221293755', '/', 'Premium Edible Oils & Industrial Waxes Supplier | Bio Green Wax Ltd', 4, 0, '2026-02-10 10:04:28'),
(182, '0f561143-4164-4599-93d1-fc6221293755', '/products', 'Premium Edible Oils & Industrial Waxes Supplier | Bio Green Wax Ltd', 0, 0, '2026-02-10 10:04:29'),
(183, '0f561143-4164-4599-93d1-fc6221293755', '/products', 'Our Products - Edible Oils & Industrial Waxes | Bio Green Wax Ltd', 7, 67, '2026-02-10 10:04:36'),
(184, '0f561143-4164-4599-93d1-fc6221293755', '/products/rapeseed-oil', 'Our Products - Edible Oils & Industrial Waxes | Bio Green Wax Ltd', 0, 0, '2026-02-10 10:04:36'),
(185, '0f561143-4164-4599-93d1-fc6221293755', '/products/rapeseed-oil', 'Rapeseed Oil | Bio Green Wax Ltd', 34, 56, '2026-02-10 10:05:10'),
(186, '0f561143-4164-4599-93d1-fc6221293755', '/', 'Premium Edible Oils & Industrial Waxes Supplier | Bio Green Wax Ltd', 0, 0, '2026-02-10 10:05:11'),
(187, '0f561143-4164-4599-93d1-fc6221293755', '/', 'Premium Edible Oils & Industrial Waxes Supplier | Bio Green Wax Ltd', 10, 38, '2026-02-10 10:05:21'),
(188, '0f561143-4164-4599-93d1-fc6221293755', '/products/olive-oil', 'Premium Edible Oils & Industrial Waxes Supplier | Bio Green Wax Ltd', 0, 0, '2026-02-10 10:05:21'),
(189, '0f561143-4164-4599-93d1-fc6221293755', '/products/olive-oil', 'Premium Edible Oils & Industrial Waxes Supplier | Bio Green Wax Ltd', 0, 0, '2026-02-10 10:07:10'),
(190, '0f561143-4164-4599-93d1-fc6221293755', '/products/olive-oil', 'Olive Oil | Bio Green Wax Ltd', 3, 0, '2026-02-10 10:07:13'),
(191, '0f561143-4164-4599-93d1-fc6221293755', '/products', 'Our Products - Edible Oils & Industrial Waxes | Bio Green Wax Ltd', 1021, 56, '2026-02-11 05:05:49'),
(192, '0f561143-4164-4599-93d1-fc6221293755', '/products', 'Our Products - Edible Oils & Industrial Waxes | Bio Green Wax Ltd', 888, 56, '2026-02-11 05:03:36'),
(193, '0f561143-4164-4599-93d1-fc6221293755', '/', 'Bio Green Wax Ltd | Premium Edible Oils & Industrial Waxes UK', 0, 0, '2026-02-10 10:07:23'),
(194, '0f561143-4164-4599-93d1-fc6221293755', '/', 'Premium Edible Oils & Industrial Waxes Supplier | Bio Green Wax Ltd', 38, 38, '2026-02-10 10:08:00'),
(195, '0f561143-4164-4599-93d1-fc6221293755', '/products/olive-oil', 'Olive Oil | Bio Green Wax Ltd', 0, 0, '2026-02-10 10:08:01'),
(196, '0f561143-4164-4599-93d1-fc6221293755', '/products/olive-oil', 'Olive Oil | Bio Green Wax Ltd', 16, 35, '2026-02-10 10:08:17'),
(197, '0f561143-4164-4599-93d1-fc6221293755', '/products', 'Our Products - Edible Oils & Industrial Waxes | Bio Green Wax Ltd', 0, 0, '2026-02-10 10:08:17'),
(198, '0f561143-4164-4599-93d1-fc6221293755', '/products', 'Our Products - Edible Oils & Industrial Waxes | Bio Green Wax Ltd', 2, 13, '2026-02-10 10:08:19'),
(199, '0f561143-4164-4599-93d1-fc6221293755', '/products/coconut-oil', 'Our Products - Edible Oils & Industrial Waxes | Bio Green Wax Ltd', 0, 0, '2026-02-10 10:08:19'),
(200, '0f561143-4164-4599-93d1-fc6221293755', '/products/coconut-oil', 'Coconut Oil | Bio Green Wax Ltd', 13, 37, '2026-02-10 10:08:32'),
(201, '0f561143-4164-4599-93d1-fc6221293755', '/products', 'Our Products - Edible Oils & Industrial Waxes | Bio Green Wax Ltd', 0, 0, '2026-02-10 10:08:33'),
(202, '0f561143-4164-4599-93d1-fc6221293755', '/products', 'Our Products - Edible Oils & Industrial Waxes | Bio Green Wax Ltd', 20, 73, '2026-02-10 10:08:53'),
(203, '0f561143-4164-4599-93d1-fc6221293755', '/products', 'Our Products - Edible Oils & Industrial Waxes | Bio Green Wax Ltd', 97, 93, '2026-02-10 10:10:10'),
(204, '0f561143-4164-4599-93d1-fc6221293755', '/products', 'Our Products - Edible Oils & Industrial Waxes | Bio Green Wax Ltd', 252, 93, '2026-02-10 10:12:45'),
(205, '0f561143-4164-4599-93d1-fc6221293755', '/products', 'Our Products - Edible Oils & Industrial Waxes | Bio Green Wax Ltd', 252, 93, '2026-02-10 10:12:45'),
(206, '0f561143-4164-4599-93d1-fc6221293755', '/', 'Bio Green Wax Ltd | Premium Edible Oils & Industrial Waxes UK', 0, 0, '2026-02-10 10:15:46'),
(207, '0f561143-4164-4599-93d1-fc6221293755', '/', 'Premium Edible Oils & Industrial Waxes Supplier | Bio Green Wax Ltd', 21, 0, '2026-02-10 10:16:06'),
(208, '0f561143-4164-4599-93d1-fc6221293755', '/', 'Premium Edible Oils & Industrial Waxes Supplier | Bio Green Wax Ltd', 29, 0, '2026-02-10 10:16:15'),
(209, '0f561143-4164-4599-93d1-fc6221293755', '/', 'Premium Edible Oils & Industrial Waxes Supplier | Bio Green Wax Ltd', 30, 0, '2026-02-10 10:16:15'),
(210, '0f561143-4164-4599-93d1-fc6221293755', '/', 'Bio Green Wax Ltd | Premium Edible Oils & Industrial Waxes UK', 0, 0, '2026-02-10 11:14:57'),
(211, '0f561143-4164-4599-93d1-fc6221293755', '/', 'Premium Edible Oils & Industrial Waxes Supplier | Bio Green Wax Ltd', 31, 4, '2026-02-10 11:15:28'),
(212, '0f561143-4164-4599-93d1-fc6221293755', '/products', 'Premium Edible Oils & Industrial Waxes Supplier | Bio Green Wax Ltd', 0, 0, '2026-02-10 11:15:29'),
(213, '0f561143-4164-4599-93d1-fc6221293755', '/products', 'Our Products - Edible Oils & Industrial Waxes | Bio Green Wax Ltd', 105, 100, '2026-02-10 11:17:14'),
(214, '0f561143-4164-4599-93d1-fc6221293755', '/sectors/candle-making', 'Our Products - Edible Oils & Industrial Waxes | Bio Green Wax Ltd', 0, 0, '2026-02-10 11:17:14'),
(215, '0f561143-4164-4599-93d1-fc6221293755', '/sectors/candle-making', 'Candle Making - Industries We Serve | Bio Green Wax Ltd', 9, 22, '2026-02-10 11:17:23'),
(216, '0f561143-4164-4599-93d1-fc6221293755', '/sectors/candle-making', 'Candle Making - Industries We Serve | Bio Green Wax Ltd', 218, 22, '2026-02-10 11:20:52'),
(217, '0f561143-4164-4599-93d1-fc6221293755', '/sectors/candle-making', 'Candle Making - Industries We Serve | Bio Green Wax Ltd', 218, 22, '2026-02-10 11:20:52'),
(218, '0f561143-4164-4599-93d1-fc6221293755', '/', 'Bio Green Wax Ltd | Premium Edible Oils & Industrial Waxes UK', 0, 0, '2026-02-10 14:14:35'),
(219, '0f561143-4164-4599-93d1-fc6221293755', '/', 'Premium Edible Oils & Industrial Waxes Supplier | Bio Green Wax Ltd', 5, 0, '2026-02-10 14:14:39'),
(220, '0f561143-4164-4599-93d1-fc6221293755', '/sectors/paper-printing', 'Premium Edible Oils & Industrial Waxes Supplier | Bio Green Wax Ltd', 0, 0, '2026-02-10 14:14:39'),
(221, '0f561143-4164-4599-93d1-fc6221293755', '/sectors/paper-printing', 'Paper & Printing - Industries We Serve | Bio Green Wax Ltd', 37, 22, '2026-02-10 14:15:16'),
(222, '0f561143-4164-4599-93d1-fc6221293755', '/sectors/candle-making', 'Paper & Printing - Industries We Serve | Bio Green Wax Ltd', 0, 0, '2026-02-10 14:15:17'),
(223, '0f561143-4164-4599-93d1-fc6221293755', '/sectors/candle-making', 'Candle Making - Industries We Serve | Bio Green Wax Ltd', 22, 0, '2026-02-10 14:15:39'),
(224, '0f561143-4164-4599-93d1-fc6221293755', '/sectors/cosmetics', 'Candle Making - Industries We Serve | Bio Green Wax Ltd', 0, 0, '2026-02-10 14:15:39'),
(225, '0f561143-4164-4599-93d1-fc6221293755', '/sectors/cosmetics', 'Cosmetics - Industries We Serve | Bio Green Wax Ltd', 24, 47, '2026-02-10 14:16:03'),
(226, '0f561143-4164-4599-93d1-fc6221293755', '/sectors/food', 'Cosmetics - Industries We Serve | Bio Green Wax Ltd', 0, 0, '2026-02-10 14:16:04'),
(227, '0f561143-4164-4599-93d1-fc6221293755', '/sectors/food', 'Food & Beverage - Industries We Serve | Bio Green Wax Ltd', 24, 57, '2026-02-10 14:16:28'),
(228, '0f561143-4164-4599-93d1-fc6221293755', '/sectors/pharmaceuticals', 'Food & Beverage - Industries We Serve | Bio Green Wax Ltd', 0, 0, '2026-02-10 14:16:28'),
(229, '0f561143-4164-4599-93d1-fc6221293755', '/sectors/pharmaceuticals', 'Pharmaceuticals - Industries We Serve | Bio Green Wax Ltd', 13, 8, '2026-02-10 14:16:41'),
(230, '0f561143-4164-4599-93d1-fc6221293755', '/sectors/textiles', 'Pharmaceuticals - Industries We Serve | Bio Green Wax Ltd', 0, 0, '2026-02-10 14:16:42'),
(231, '0f561143-4164-4599-93d1-fc6221293755', '/sectors/textiles', 'Textiles & Leather - Industries We Serve | Bio Green Wax Ltd', 8, 26, '2026-02-10 14:16:50'),
(232, '0f561143-4164-4599-93d1-fc6221293755', '/sectors/rubber-plastics', 'Textiles & Leather - Industries We Serve | Bio Green Wax Ltd', 0, 0, '2026-02-10 14:16:50'),
(233, '0f561143-4164-4599-93d1-fc6221293755', '/sectors/rubber-plastics', 'Rubber & Plastics - Industries We Serve | Bio Green Wax Ltd', 21, 52, '2026-02-10 14:17:11'),
(234, '0f561143-4164-4599-93d1-fc6221293755', '/sectors/packaging', 'Rubber & Plastics - Industries We Serve | Bio Green Wax Ltd', 0, 0, '2026-02-10 14:17:12'),
(235, '0f561143-4164-4599-93d1-fc6221293755', '/sectors/packaging', 'Packaging - Industries We Serve | Bio Green Wax Ltd', 20, 25, '2026-02-10 14:17:31'),
(236, '0f561143-4164-4599-93d1-fc6221293755', '/sectors/adhesives', 'Packaging - Industries We Serve | Bio Green Wax Ltd', 0, 0, '2026-02-10 14:17:32'),
(237, '0f561143-4164-4599-93d1-fc6221293755', '/sectors/adhesives', 'Adhesives - Industries We Serve | Bio Green Wax Ltd', 113, 49, '2026-02-10 14:19:25'),
(238, '0f561143-4164-4599-93d1-fc6221293755', '/sectors/polishes-coatings', 'Adhesives - Industries We Serve | Bio Green Wax Ltd', 0, 0, '2026-02-10 14:19:25'),
(239, '0f561143-4164-4599-93d1-fc6221293755', '/sectors/polishes-coatings', 'Polishes & Coatings - Industries We Serve | Bio Green Wax Ltd', 33, 44, '2026-02-10 14:19:59'),
(240, '0f561143-4164-4599-93d1-fc6221293755', '/', 'Premium Edible Oils & Industrial Waxes Supplier | Bio Green Wax Ltd', 0, 0, '2026-02-10 14:20:00'),
(241, '0f561143-4164-4599-93d1-fc6221293755', '/', 'Premium Edible Oils & Industrial Waxes Supplier | Bio Green Wax Ltd', 2, 0, '2026-02-10 14:20:02'),
(242, '0f561143-4164-4599-93d1-fc6221293755', '/news', 'News & Updates | Bio Green Wax Ltd', 0, 0, '2026-02-10 14:20:02'),
(243, '0f561143-4164-4599-93d1-fc6221293755', '/news', 'News & Updates | Bio Green Wax Ltd', 5, 100, '2026-02-10 14:20:08'),
(244, '0f561143-4164-4599-93d1-fc6221293755', '/', 'Premium Edible Oils & Industrial Waxes Supplier | Bio Green Wax Ltd', 0, 0, '2026-02-10 14:20:08'),
(245, '0f561143-4164-4599-93d1-fc6221293755', '/', 'Premium Edible Oils & Industrial Waxes Supplier | Bio Green Wax Ltd', 51, 4, '2026-02-10 14:20:59'),
(246, '0f561143-4164-4599-93d1-fc6221293755', '/products', 'Premium Edible Oils & Industrial Waxes Supplier | Bio Green Wax Ltd', 0, 0, '2026-02-10 14:20:59'),
(247, '0f561143-4164-4599-93d1-fc6221293755', '/products', 'Our Products - Edible Oils & Industrial Waxes | Bio Green Wax Ltd', 150, 100, '2026-02-10 14:23:30'),
(248, '0f561143-4164-4599-93d1-fc6221293755', '/certifications', 'Certifications & Quality Standards | Bio Green Wax Ltd', 0, 0, '2026-02-10 14:23:30'),
(249, '0f561143-4164-4599-93d1-fc6221293755', '/certifications', 'Certifications & Quality Standards | Bio Green Wax Ltd', 2, 0, '2026-02-10 14:23:32'),
(250, '0f561143-4164-4599-93d1-fc6221293755', '/careers', 'Careers | Bio Green Wax Ltd', 0, 0, '2026-02-10 14:23:32'),
(251, '0f561143-4164-4599-93d1-fc6221293755', '/careers', 'Careers | Bio Green Wax Ltd', 14, 95, '2026-02-10 14:23:46'),
(252, '0f561143-4164-4599-93d1-fc6221293755', '/contact', 'Contact Us | Bio Green Wax Ltd', 0, 0, '2026-02-10 14:23:46'),
(253, '0f561143-4164-4599-93d1-fc6221293755', '/products', 'Our Products - Edible Oils & Industrial Waxes | Bio Green Wax Ltd', 690, 56, '2026-02-11 05:00:18'),
(254, '0f561143-4164-4599-93d1-fc6221293755', '/products', 'Our Products - Edible Oils & Industrial Waxes | Bio Green Wax Ltd', 371, 56, '2026-02-11 04:54:59'),
(255, '0f561143-4164-4599-93d1-fc6221293755', '/products', 'Our Products - Edible Oils & Industrial Waxes | Bio Green Wax Ltd', 365, 56, '2026-02-11 04:54:53'),
(256, '0f561143-4164-4599-93d1-fc6221293755', '/products', 'Our Products - Edible Oils & Industrial Waxes | Bio Green Wax Ltd', 360, 56, '2026-02-11 04:54:48'),
(257, '0f561143-4164-4599-93d1-fc6221293755', '/products', 'Our Products - Edible Oils & Industrial Waxes | Bio Green Wax Ltd', 357, 56, '2026-02-11 04:54:45'),
(258, '0f561143-4164-4599-93d1-fc6221293755', '/products', 'Our Products - Edible Oils & Industrial Waxes | Bio Green Wax Ltd', 337, 56, '2026-02-11 04:54:25'),
(259, '0f561143-4164-4599-93d1-fc6221293755', '/contact', 'Contact Us | Bio Green Wax Ltd', 385, 100, '2026-02-10 14:30:11'),
(260, '0f561143-4164-4599-93d1-fc6221293755', '/careers', 'Careers | Bio Green Wax Ltd', 0, 0, '2026-02-10 14:30:11'),
(261, '0f561143-4164-4599-93d1-fc6221293755', '/careers', 'Careers | Bio Green Wax Ltd', 4, 0, '2026-02-10 14:30:15'),
(262, '0f561143-4164-4599-93d1-fc6221293755', '/contact', 'Contact Us | Bio Green Wax Ltd', 0, 0, '2026-02-10 14:30:15'),
(263, '0f561143-4164-4599-93d1-fc6221293755', '/products', 'Our Products - Edible Oils & Industrial Waxes | Bio Green Wax Ltd', 332, 56, '2026-02-11 04:54:20'),
(264, '0f561143-4164-4599-93d1-fc6221293755', '/products', 'Our Products - Edible Oils & Industrial Waxes | Bio Green Wax Ltd', 320, 56, '2026-02-11 04:54:08'),
(265, '0f561143-4164-4599-93d1-fc6221293755', '/products', 'Our Products - Edible Oils & Industrial Waxes | Bio Green Wax Ltd', 304, 56, '2026-02-11 04:53:52'),
(266, '0f561143-4164-4599-93d1-fc6221293755', '/contact', 'Contact Us | Bio Green Wax Ltd', 179, 100, '2026-02-10 14:33:14'),
(267, '0f561143-4164-4599-93d1-fc6221293755', '/contact', 'Contact Us | Bio Green Wax Ltd', 179, 100, '2026-02-10 14:33:14'),
(268, '0f561143-4164-4599-93d1-fc6221293755', '/', 'Bio Green Wax Ltd | Premium Edible Oils & Industrial Waxes UK', 0, 0, '2026-02-10 15:38:53'),
(269, '0f561143-4164-4599-93d1-fc6221293755', '/', 'Premium Edible Oils & Industrial Waxes Supplier | Bio Green Wax Ltd', 10, 0, '2026-02-10 15:39:02'),
(270, '0f561143-4164-4599-93d1-fc6221293755', '/products', 'Premium Edible Oils & Industrial Waxes Supplier | Bio Green Wax Ltd', 0, 0, '2026-02-10 15:39:02'),
(271, '0f561143-4164-4599-93d1-fc6221293755', '/products', 'Our Products - Edible Oils & Industrial Waxes | Bio Green Wax Ltd', 229, 100, '2026-02-10 15:42:52'),
(272, '0f561143-4164-4599-93d1-fc6221293755', '/', 'Premium Edible Oils & Industrial Waxes Supplier | Bio Green Wax Ltd', 0, 0, '2026-02-10 15:42:53'),
(273, '0f561143-4164-4599-93d1-fc6221293755', '/', 'Premium Edible Oils & Industrial Waxes Supplier | Bio Green Wax Ltd', 74, 55, '2026-02-10 15:44:07'),
(274, '0f561143-4164-4599-93d1-fc6221293755', '/products', 'Our Products - Edible Oils & Industrial Waxes | Bio Green Wax Ltd', 0, 0, '2026-02-10 15:44:07'),
(275, '0f561143-4164-4599-93d1-fc6221293755', '/products', 'Our Products - Edible Oils & Industrial Waxes | Bio Green Wax Ltd', 7, 80, '2026-02-10 15:44:14'),
(276, '0f561143-4164-4599-93d1-fc6221293755', '/sectors/polishes-coatings', 'Our Products - Edible Oils & Industrial Waxes | Bio Green Wax Ltd', 0, 0, '2026-02-10 15:44:15'),
(277, '0f561143-4164-4599-93d1-fc6221293755', '/sectors/polishes-coatings', 'Polishes & Coatings - Industries We Serve | Bio Green Wax Ltd', 55, 53, '2026-02-10 15:45:09'),
(278, '0f561143-4164-4599-93d1-fc6221293755', '/sectors/textiles', 'Polishes & Coatings - Industries We Serve | Bio Green Wax Ltd', 0, 0, '2026-02-10 15:45:10'),
(279, '0f561143-4164-4599-93d1-fc6221293755', '/sectors/textiles', 'Textiles & Leather - Industries We Serve | Bio Green Wax Ltd', 7, 0, '2026-02-10 15:45:17'),
(280, '0f561143-4164-4599-93d1-fc6221293755', '/sectors/candle-making', 'Textiles & Leather - Industries We Serve | Bio Green Wax Ltd', 0, 0, '2026-02-10 15:45:17'),
(281, '0f561143-4164-4599-93d1-fc6221293755', '/sectors/candle-making', 'Candle Making - Industries We Serve | Bio Green Wax Ltd', 116, 22, '2026-02-10 15:47:13'),
(282, '0f561143-4164-4599-93d1-fc6221293755', '/sectors/candle-making', 'Candle Making - Industries We Serve | Bio Green Wax Ltd', 1830, 22, '2026-02-10 16:15:47'),
(283, '0f561143-4164-4599-93d1-fc6221293755', '/sectors/rubber-plastics', 'Candle Making - Industries We Serve | Bio Green Wax Ltd', 0, 0, '2026-02-10 16:15:47'),
(284, '0f561143-4164-4599-93d1-fc6221293755', '/sectors/rubber-plastics', 'Rubber & Plastics - Industries We Serve | Bio Green Wax Ltd', 22, 0, '2026-02-10 16:16:09'),
(285, '0f561143-4164-4599-93d1-fc6221293755', '/products', 'Rubber & Plastics - Industries We Serve | Bio Green Wax Ltd', 0, 0, '2026-02-10 16:16:10'),
(286, '0f561143-4164-4599-93d1-fc6221293755', '/products', 'Our Products - Edible Oils & Industrial Waxes | Bio Green Wax Ltd', 20, 79, '2026-02-10 16:16:30'),
(287, '0f561143-4164-4599-93d1-fc6221293755', '/products', 'Our Products - Edible Oils & Industrial Waxes | Bio Green Wax Ltd', 7399, 79, '2026-02-10 18:19:29'),
(288, '0f561143-4164-4599-93d1-fc6221293755', '/products', 'Our Products - Edible Oils & Industrial Waxes | Bio Green Wax Ltd', 7516, 79, '2026-02-10 18:21:25'),
(289, '0f561143-4164-4599-93d1-fc6221293755', '/products', 'Our Products - Edible Oils & Industrial Waxes | Bio Green Wax Ltd', 7598, 79, '2026-02-10 18:22:48'),
(290, '0f561143-4164-4599-93d1-fc6221293755', '/products', 'Our Products - Edible Oils & Industrial Waxes | Bio Green Wax Ltd', 9135, 90, '2026-02-10 18:48:25'),
(291, '0f561143-4164-4599-93d1-fc6221293755', '/products/beeswax', 'Our Products - Edible Oils & Industrial Waxes | Bio Green Wax Ltd', 0, 0, '2026-02-10 18:48:26'),
(292, '0f561143-4164-4599-93d1-fc6221293755', '/products/beeswax', 'Beeswax | Bio Green Wax Ltd', 24, 24, '2026-02-10 18:48:50'),
(293, '0f561143-4164-4599-93d1-fc6221293755', '/products/beeswax', 'Beeswax | Bio Green Wax Ltd', 235, 36, '2026-02-10 18:52:20'),
(294, '0f561143-4164-4599-93d1-fc6221293755', '/products', 'Our Products - Edible Oils & Industrial Waxes | Bio Green Wax Ltd', 0, 0, '2026-02-10 18:52:20'),
(295, '0f561143-4164-4599-93d1-fc6221293755', '/products', 'Our Products - Edible Oils & Industrial Waxes | Bio Green Wax Ltd', 11, 40, '2026-02-10 18:52:31'),
(296, '0f561143-4164-4599-93d1-fc6221293755', '/products', 'Our Products - Edible Oils & Industrial Waxes | Bio Green Wax Ltd', 10577, 40, '2026-02-10 21:48:37'),
(297, '0f561143-4164-4599-93d1-fc6221293755', '/products', 'Bio Green Wax Ltd | Premium Edible Oils & Industrial Waxes UK', 0, 0, '2026-02-10 21:48:57'),
(298, '0f561143-4164-4599-93d1-fc6221293755', '/products', 'Bio Green Wax Ltd | Premium Edible Oils & Industrial Waxes UK', 2882, 0, '2026-02-10 22:36:58'),
(299, '0f561143-4164-4599-93d1-fc6221293755', '/products', 'Bio Green Wax Ltd | Premium Edible Oils & Industrial Waxes UK', 0, 0, '2026-02-10 22:37:20'),
(300, '0f561143-4164-4599-93d1-fc6221293755', '/products', 'Our Products - Edible Oils & Industrial Waxes | Bio Green Wax Ltd', 17204, 52, '2026-02-11 03:24:06'),
(301, '0f561143-4164-4599-93d1-fc6221293755', '/products', 'Our Products - Edible Oils & Industrial Waxes | Bio Green Wax Ltd', 17277, 52, '2026-02-11 03:25:18'),
(302, '0f561143-4164-4599-93d1-fc6221293755', '/products', 'Our Products - Edible Oils & Industrial Waxes | Bio Green Wax Ltd', 17323, 52, '2026-02-11 03:26:04'),
(303, '0f561143-4164-4599-93d1-fc6221293755', '/products', 'Our Products - Edible Oils & Industrial Waxes | Bio Green Wax Ltd', 17428, 52, '2026-02-11 03:27:50'),
(304, '0f561143-4164-4599-93d1-fc6221293755', '/products', 'Our Products - Edible Oils & Industrial Waxes | Bio Green Wax Ltd', 17429, 52, '2026-02-11 03:27:50'),
(305, '0f561143-4164-4599-93d1-fc6221293755', '/', 'Bio Green Wax Ltd | Premium Edible Oils & Industrial Waxes UK', 0, 0, '2026-02-11 03:35:53'),
(306, '0f561143-4164-4599-93d1-fc6221293755', '/', 'Premium Edible Oils & Industrial Waxes Supplier | Bio Green Wax Ltd', 15, 100, '2026-02-11 03:36:06'),
(307, '0f561143-4164-4599-93d1-fc6221293755', '/products/soybean-oil', 'Premium Edible Oils & Industrial Waxes Supplier | Bio Green Wax Ltd', 0, 0, '2026-02-11 03:36:07'),
(308, '0f561143-4164-4599-93d1-fc6221293755', '/products/soybean-oil', 'Soya Bean Oil | Bio Green Wax Ltd', 22, 94, '2026-02-11 03:36:28'),
(309, '0f561143-4164-4599-93d1-fc6221293755', '/', 'Premium Edible Oils & Industrial Waxes Supplier | Bio Green Wax Ltd', 0, 0, '2026-02-11 03:36:30'),
(310, '0f561143-4164-4599-93d1-fc6221293755', '/', 'Premium Edible Oils & Industrial Waxes Supplier | Bio Green Wax Ltd', 11, 0, '2026-02-11 03:36:39'),
(311, '0f561143-4164-4599-93d1-fc6221293755', '/about', 'About Us | Bio Green Wax Ltd', 0, 0, '2026-02-11 03:36:40'),
(312, '0f561143-4164-4599-93d1-fc6221293755', '/about', 'About Us | Bio Green Wax Ltd', 13, 91, '2026-02-11 03:36:53'),
(313, '0f561143-4164-4599-93d1-fc6221293755', '/about', 'About Us | Bio Green Wax Ltd', 175, 91, '2026-02-11 03:39:35'),
(314, '0f561143-4164-4599-93d1-fc6221293755', '/about', 'About Us | Bio Green Wax Ltd', 175, 91, '2026-02-11 03:39:35'),
(315, '0f561143-4164-4599-93d1-fc6221293755', '/', 'Bio Green Wax Ltd | Premium Edible Oils & Industrial Waxes UK', 0, 0, '2026-02-11 03:41:58'),
(316, '0f561143-4164-4599-93d1-fc6221293755', '/', 'Premium Edible Oils & Industrial Waxes Supplier | Bio Green Wax Ltd', 5, 0, '2026-02-11 03:42:02'),
(317, '0f561143-4164-4599-93d1-fc6221293755', '/', 'Premium Edible Oils & Industrial Waxes Supplier | Bio Green Wax Ltd', 5, 0, '2026-02-11 03:42:03'),
(318, '0f561143-4164-4599-93d1-fc6221293755', '/', 'Bio Green Wax Ltd | Premium Edible Oils & Industrial Waxes UK', 0, 0, '2026-02-11 03:43:05'),
(319, '0f561143-4164-4599-93d1-fc6221293755', '/', 'Premium Edible Oils & Industrial Waxes Supplier | Bio Green Wax Ltd', 5, 0, '2026-02-11 03:43:08'),
(320, '0f561143-4164-4599-93d1-fc6221293755', '/', 'Premium Edible Oils & Industrial Waxes Supplier | Bio Green Wax Ltd', 5, 0, '2026-02-11 03:43:09'),
(321, '0f561143-4164-4599-93d1-fc6221293755', '/', 'Bio Green Wax Ltd | Premium Edible Oils & Industrial Waxes UK', 0, 0, '2026-02-11 03:45:09'),
(322, '0f561143-4164-4599-93d1-fc6221293755', '/', 'Premium Edible Oils & Industrial Waxes Supplier | Bio Green Wax Ltd', 8, 0, '2026-02-11 03:45:16'),
(323, '0f561143-4164-4599-93d1-fc6221293755', '/', 'Premium Edible Oils & Industrial Waxes Supplier | Bio Green Wax Ltd', 8, 0, '2026-02-11 03:45:16'),
(324, '0f561143-4164-4599-93d1-fc6221293755', '/', 'Bio Green Wax Ltd | Premium Edible Oils & Industrial Waxes UK', 0, 0, '2026-02-11 03:46:12'),
(325, '0f561143-4164-4599-93d1-fc6221293755', '/products', 'Our Products - Edible Oils & Industrial Waxes | Bio Green Wax Ltd', 280, 56, '2026-02-11 04:53:28'),
(326, '0f561143-4164-4599-93d1-fc6221293755', '/products', 'Our Products - Edible Oils & Industrial Waxes | Bio Green Wax Ltd', 273, 56, '2026-02-11 04:53:21');
INSERT INTO `page_views` (`id`, `session_id`, `page_path`, `page_title`, `time_on_page`, `scroll_depth`, `viewed_at`) VALUES
(327, '0f561143-4164-4599-93d1-fc6221293755', '/', 'Premium Edible Oils & Industrial Waxes Supplier | Bio Green Wax Ltd', 309, 77, '2026-02-11 03:51:21'),
(328, '0f561143-4164-4599-93d1-fc6221293755', '/', 'Premium Edible Oils & Industrial Waxes Supplier | Bio Green Wax Ltd', 310, 77, '2026-02-11 03:51:22'),
(329, '0f561143-4164-4599-93d1-fc6221293755', '/', 'Bio Green Wax Ltd | Premium Edible Oils & Industrial Waxes UK', 0, 0, '2026-02-11 03:51:30'),
(330, '0f561143-4164-4599-93d1-fc6221293755', '/', 'Premium Edible Oils & Industrial Waxes Supplier | Bio Green Wax Ltd', 55, 61, '2026-02-11 03:52:25'),
(331, '0f561143-4164-4599-93d1-fc6221293755', '/products', 'Premium Edible Oils & Industrial Waxes Supplier | Bio Green Wax Ltd', 0, 0, '2026-02-11 03:52:25'),
(332, '0f561143-4164-4599-93d1-fc6221293755', '/products', 'Our Products - Edible Oils & Industrial Waxes | Bio Green Wax Ltd', 266, 93, '2026-02-11 03:56:51'),
(333, '0f561143-4164-4599-93d1-fc6221293755', '/products', 'Our Products - Edible Oils & Industrial Waxes | Bio Green Wax Ltd', 266, 93, '2026-02-11 03:56:52'),
(334, '0f561143-4164-4599-93d1-fc6221293755', '/', 'Bio Green Wax Ltd | Premium Edible Oils & Industrial Waxes UK', 0, 0, '2026-02-11 04:48:41'),
(335, '0f561143-4164-4599-93d1-fc6221293755', '/', 'Premium Edible Oils & Industrial Waxes Supplier | Bio Green Wax Ltd', 5, 0, '2026-02-11 04:48:48'),
(336, '0f561143-4164-4599-93d1-fc6221293755', '/products', 'Premium Edible Oils & Industrial Waxes Supplier | Bio Green Wax Ltd', 0, 0, '2026-02-11 04:48:48'),
(337, '0f561143-4164-4599-93d1-fc6221293755', '/products', 'Our Products - Edible Oils & Industrial Waxes | Bio Green Wax Ltd', 75, 56, '2026-02-11 04:50:03'),
(338, '0f561143-4164-4599-93d1-fc6221293755', '/products', 'Our Products - Edible Oils & Industrial Waxes | Bio Green Wax Ltd', 142, 56, '2026-02-11 04:51:10'),
(339, '0f561143-4164-4599-93d1-fc6221293755', '/products', 'Our Products - Edible Oils & Industrial Waxes | Bio Green Wax Ltd', 249, 56, '2026-02-11 04:52:58'),
(340, '0f561143-4164-4599-93d1-fc6221293755', '/careers', 'Careers | Bio Green Wax Ltd', 51, 90, '2026-02-11 17:04:39'),
(341, '0f561143-4164-4599-93d1-fc6221293755', '/zh/sectors/candle-making', '纸张与印刷 - Industries We Serve | Bio Green Wax Ltd', 0, 0, '2026-02-11 18:07:07'),
(342, '0f561143-4164-4599-93d1-fc6221293755', '/zh/sectors/paper-printing', '纸张与印刷 - Industries We Serve | Bio Green Wax Ltd', 7, 0, '2026-02-11 18:07:06'),
(343, '0f561143-4164-4599-93d1-fc6221293755', '/zh/sectors/paper-printing', '抛光与涂层 - Industries We Serve | Bio Green Wax Ltd', 0, 0, '2026-02-11 18:06:59'),
(344, '0f561143-4164-4599-93d1-fc6221293755', '/zh/sectors/polishes-coatings', '抛光与涂层 - Industries We Serve | Bio Green Wax Ltd', 8, 0, '2026-02-11 18:06:59'),
(345, '0f561143-4164-4599-93d1-fc6221293755', '/zh/sectors/polishes-coatings', '包装 - Industries We Serve | Bio Green Wax Ltd', 0, 0, '2026-02-11 18:06:51'),
(346, '0f561143-4164-4599-93d1-fc6221293755', '/zh/sectors/packaging', '包装 - Industries We Serve | Bio Green Wax Ltd', 12, 0, '2026-02-11 18:06:51'),
(347, '0f561143-4164-4599-93d1-fc6221293755', '/zh/sectors/packaging', '制药行业 - Industries We Serve | Bio Green Wax Ltd', 0, 0, '2026-02-11 18:06:39'),
(348, '0f561143-4164-4599-93d1-fc6221293755', '/zh/sectors/pharmaceuticals', '制药行业 - Industries We Serve | Bio Green Wax Ltd', 8, 0, '2026-02-11 18:06:39'),
(349, '0f561143-4164-4599-93d1-fc6221293755', '/zh/sectors/pharmaceuticals', 'Products | Edible Oils, Candle Waxes, Industrial Waxes & Oleochemicals | Bio Green Wax Ltd', 0, 0, '2026-02-11 18:06:31'),
(350, '0f561143-4164-4599-93d1-fc6221293755', '/zh/products', 'Products | Edible Oils, Candle Waxes, Industrial Waxes & Oleochemicals | Bio Green Wax Ltd', 89, 92, '2026-02-11 18:06:31'),
(351, '0f561143-4164-4599-93d1-fc6221293755', '/products', 'Our Products - Edible Oils & Industrial Waxes | Bio Green Wax Ltd', 152, 100, '2026-02-11 12:00:29'),
(352, '0f561143-4164-4599-93d1-fc6221293755', '/zh/products', 'About Bio Green Wax Ltd | RSPO SG Certified Oils & Waxes Supplier | Bio Green Wax Ltd', 0, 0, '2026-02-11 18:05:10'),
(353, '0f561143-4164-4599-93d1-fc6221293755', '/products', 'Premium Edible Oils & Industrial Waxes Supplier | Bio Green Wax Ltd', 0, 0, '2026-02-11 11:58:00'),
(354, '0f561143-4164-4599-93d1-fc6221293755', '/zh/about', 'About Bio Green Wax Ltd | RSPO SG Certified Oils & Waxes Supplier | Bio Green Wax Ltd', 17, 51, '2026-02-11 18:05:01'),
(355, '0f561143-4164-4599-93d1-fc6221293755', '/zh/about', 'About Bio Green Wax Ltd | RSPO SG Certified Oils & Waxes Supplier | Bio Green Wax Ltd', 0, 0, '2026-02-11 18:04:44'),
(356, '0f561143-4164-4599-93d1-fc6221293755', '/', 'Bio Green Wax Ltd for Edible Oils, fats & Industrial Waxes | Bio Green Wax Ltd', 0, 0, '2026-02-11 18:31:13'),
(357, '0f561143-4164-4599-93d1-fc6221293755', '/products', 'Products | Edible Oils, Candle Waxes, Industrial Waxes & Oleochemicals | Bio Green Wax Ltd', 73, 88, '2026-02-11 18:31:13'),
(358, '0f561143-4164-4599-93d1-fc6221293755', '/careers', 'Careers | Bio Green Wax Ltd', 51, 90, '2026-02-11 17:04:39'),
(359, '0f561143-4164-4599-93d1-fc6221293755', '/products', 'Bio Green Wax Ltd for Edible Oils, fats & Industrial Waxes | Bio Green Wax Ltd', 0, 0, '2026-02-11 18:30:04'),
(360, '0f561143-4164-4599-93d1-fc6221293755', '/', 'Premium Edible Oils & Industrial Waxes Supplier | Bio Green Wax Ltd', 8, 0, '2026-02-11 11:57:56'),
(361, '1429ff85-faa5-45d0-aa24-ff27399f9fbb', '/', 'Bio Green Wax Ltd | Premium Edible Oils & Industrial Waxes UK', 0, 0, '2026-02-09 01:36:52'),
(362, '1429ff85-faa5-45d0-aa24-ff27399f9fbb', '/', 'Premium Edible Oils & Industrial Waxes Supplier | Bio Green Wax Ltd', 2, 0, '2026-02-09 01:36:54'),
(363, '1f815ed9-56e3-4f34-b40c-eb0289c3ade0', '/', 'Premium Edible Oils & Industrial Waxes Supplier | Bio Green Wax Ltd', 2, 0, '2026-02-06 02:24:19'),
(364, '1f815ed9-56e3-4f34-b40c-eb0289c3ade0', '/', 'Bio Green Wax Ltd | Premium Edible Oils & Industrial Waxes UK', 0, 0, '2026-02-06 02:24:18'),
(365, '1fb896f3-4541-4939-a9f4-6809ecac379d', '/', 'Bio Green Wax Ltd | Premium Edible Oils & Industrial Waxes UK', 0, 0, '2026-02-08 16:25:51'),
(366, '1fe34681-b3a8-4213-90aa-e3812aa14d43', '/ko/products', 'Our Products - Edible Oils & Industrial Waxes | Bio Green Wax Ltd', 2, 0, '2026-02-09 02:17:09'),
(367, '1fe34681-b3a8-4213-90aa-e3812aa14d43', '/ko/products', 'Bio Green Wax Ltd | Premium Edible Oils & Industrial Waxes UK', 0, 0, '2026-02-09 02:17:07'),
(368, '24a1fd94-5fc9-4d9f-8025-33bc6974cadd', '/de/about', 'Über uns | Bio Green Wax Ltd', 2, 0, '2026-02-09 01:37:01'),
(369, '24a1fd94-5fc9-4d9f-8025-33bc6974cadd', '/de/about', 'Bio Green Wax Ltd | Premium Edible Oils & Industrial Waxes UK', 0, 0, '2026-02-09 01:36:59'),
(370, '254df22e-a5b7-4ae1-9ab4-3c32368447f7', '/tr/about', 'Hakkımızda | Bio Green Wax Ltd', 2, 0, '2026-02-09 01:51:17'),
(371, '254df22e-a5b7-4ae1-9ab4-3c32368447f7', '/tr/about', 'Bio Green Wax Ltd | Premium Edible Oils & Industrial Waxes UK', 0, 0, '2026-02-09 01:51:15'),
(372, '274f527c-30b6-4ac2-a3c0-711834dd0457', '/', 'Premium Edible Oils & Industrial Waxes Supplier | Bio Green Wax Ltd', 151, 0, '2026-02-09 17:53:13'),
(373, '274f527c-30b6-4ac2-a3c0-711834dd0457', '/', 'Bio Green Wax Ltd | Premium Edible Oils & Industrial Waxes UK', 0, 0, '2026-02-08 15:01:46'),
(374, '274f527c-30b6-4ac2-a3c0-711834dd0457', '/', 'Premium Edible Oils & Industrial Waxes Supplier | Bio Green Wax Ltd', 33, 20, '2026-02-08 15:02:20'),
(375, '274f527c-30b6-4ac2-a3c0-711834dd0457', '/', 'Premium Edible Oils & Industrial Waxes Supplier | Bio Green Wax Ltd', 34, 20, '2026-02-08 15:02:20'),
(376, '274f527c-30b6-4ac2-a3c0-711834dd0457', '/', 'Bio Green Wax Ltd | Premium Edible Oils & Industrial Waxes UK', 0, 0, '2026-02-08 15:58:55'),
(377, '274f527c-30b6-4ac2-a3c0-711834dd0457', '/', 'Premium Edible Oils & Industrial Waxes Supplier | Bio Green Wax Ltd', 28, 0, '2026-02-08 15:59:22'),
(378, '274f527c-30b6-4ac2-a3c0-711834dd0457', '/', 'Premium Edible Oils & Industrial Waxes Supplier | Bio Green Wax Ltd', 28, 0, '2026-02-08 15:59:23'),
(379, '274f527c-30b6-4ac2-a3c0-711834dd0457', '/', 'Bio Green Wax Ltd | Premium Edible Oils & Industrial Waxes UK', 0, 0, '2026-02-08 16:08:15'),
(380, '274f527c-30b6-4ac2-a3c0-711834dd0457', '/', 'Premium Edible Oils & Industrial Waxes Supplier | Bio Green Wax Ltd', 821, 0, '2026-02-08 16:21:56'),
(381, '274f527c-30b6-4ac2-a3c0-711834dd0457', '/', 'Premium Edible Oils & Industrial Waxes Supplier | Bio Green Wax Ltd', 822, 0, '2026-02-08 16:21:56'),
(382, '274f527c-30b6-4ac2-a3c0-711834dd0457', '/', 'Bio Green Wax Ltd | Premium Edible Oils & Industrial Waxes UK', 0, 0, '2026-02-08 16:25:52'),
(383, '274f527c-30b6-4ac2-a3c0-711834dd0457', '/', 'Premium Edible Oils & Industrial Waxes Supplier | Bio Green Wax Ltd', 45, 0, '2026-02-08 16:26:22'),
(384, '274f527c-30b6-4ac2-a3c0-711834dd0457', '/', 'Premium Edible Oils & Industrial Waxes Supplier | Bio Green Wax Ltd', 45, 0, '2026-02-08 16:26:23'),
(385, '274f527c-30b6-4ac2-a3c0-711834dd0457', '/', 'Bio Green Wax Ltd | Premium Edible Oils & Industrial Waxes UK', 0, 0, '2026-02-08 16:27:42'),
(386, '274f527c-30b6-4ac2-a3c0-711834dd0457', '/', 'Premium Edible Oils & Industrial Waxes Supplier | Bio Green Wax Ltd', 12, 0, '2026-02-08 16:27:53'),
(387, '274f527c-30b6-4ac2-a3c0-711834dd0457', '/', 'Premium Edible Oils & Industrial Waxes Supplier | Bio Green Wax Ltd', 12, 0, '2026-02-08 16:27:54'),
(388, '274f527c-30b6-4ac2-a3c0-711834dd0457', '/', 'Bio Green Wax Ltd | Premium Edible Oils & Industrial Waxes UK', 0, 0, '2026-02-08 16:32:33'),
(389, '274f527c-30b6-4ac2-a3c0-711834dd0457', '/', 'Premium Edible Oils & Industrial Waxes Supplier | Bio Green Wax Ltd', 296, 0, '2026-02-08 16:37:29'),
(390, '274f527c-30b6-4ac2-a3c0-711834dd0457', '/', 'Premium Edible Oils & Industrial Waxes Supplier | Bio Green Wax Ltd', 296, 0, '2026-02-08 16:37:29'),
(391, '274f527c-30b6-4ac2-a3c0-711834dd0457', '/', 'Bio Green Wax Ltd | Premium Edible Oils & Industrial Waxes UK', 0, 0, '2026-02-08 16:39:35'),
(392, '274f527c-30b6-4ac2-a3c0-711834dd0457', '/', 'Premium Edible Oils & Industrial Waxes Supplier | Bio Green Wax Ltd', 95, 0, '2026-02-08 16:41:09'),
(393, '274f527c-30b6-4ac2-a3c0-711834dd0457', '/ar/', 'Premium Edible Oils & Industrial Waxes Supplier | Bio Green Wax Ltd', 0, 0, '2026-02-08 16:41:10'),
(394, '274f527c-30b6-4ac2-a3c0-711834dd0457', '/ar/', 'Premium Edible Oils & Industrial Waxes Supplier | Bio Green Wax Ltd', 31, 99, '2026-02-08 16:41:41'),
(395, '274f527c-30b6-4ac2-a3c0-711834dd0457', '/en', 'Premium Edible Oils & Industrial Waxes Supplier | Bio Green Wax Ltd', 0, 0, '2026-02-08 16:41:42'),
(396, '274f527c-30b6-4ac2-a3c0-711834dd0457', '/en', 'Premium Edible Oils & Industrial Waxes Supplier | Bio Green Wax Ltd', 3, 41, '2026-02-08 16:41:45'),
(397, '274f527c-30b6-4ac2-a3c0-711834dd0457', '/about', 'About Us | Bio Green Wax Ltd', 0, 0, '2026-02-08 16:41:45'),
(398, '274f527c-30b6-4ac2-a3c0-711834dd0457', '/about', 'About Us | Bio Green Wax Ltd', 123, 0, '2026-02-08 16:43:49'),
(399, '274f527c-30b6-4ac2-a3c0-711834dd0457', '/about', 'About Us | Bio Green Wax Ltd', 124, 0, '2026-02-08 16:43:49'),
(400, '274f527c-30b6-4ac2-a3c0-711834dd0457', '/', 'Bio Green Wax Ltd | Premium Edible Oils & Industrial Waxes UK', 0, 0, '2026-02-09 01:30:03'),
(401, '274f527c-30b6-4ac2-a3c0-711834dd0457', '/', 'Premium Edible Oils & Industrial Waxes Supplier | Bio Green Wax Ltd', 4, 0, '2026-02-09 01:30:06'),
(402, '274f527c-30b6-4ac2-a3c0-711834dd0457', '/about', 'About Us | Bio Green Wax Ltd', 0, 0, '2026-02-09 01:30:07'),
(403, '274f527c-30b6-4ac2-a3c0-711834dd0457', '/about', 'About Us | Bio Green Wax Ltd', 4, 0, '2026-02-09 01:30:11'),
(404, '274f527c-30b6-4ac2-a3c0-711834dd0457', '/zh/about', 'About Us | Bio Green Wax Ltd', 0, 0, '2026-02-09 01:30:11'),
(405, '274f527c-30b6-4ac2-a3c0-711834dd0457', '/zh/about', '关于我们 | Bio Green Wax Ltd', 36, 89, '2026-02-09 01:30:47'),
(406, '274f527c-30b6-4ac2-a3c0-711834dd0457', '/ko/about', '关于我们 | Bio Green Wax Ltd', 0, 0, '2026-02-09 01:30:48'),
(407, '274f527c-30b6-4ac2-a3c0-711834dd0457', '/ko/about', 'About Us | Bio Green Wax Ltd', 0, 0, '2026-02-09 01:36:00'),
(408, '274f527c-30b6-4ac2-a3c0-711834dd0457', '/ko/about', 'About Us | Bio Green Wax Ltd', 42, 64, '2026-02-09 01:36:43'),
(409, '274f527c-30b6-4ac2-a3c0-711834dd0457', '/', 'Bio Green Wax Ltd | Premium Edible Oils & Industrial Waxes UK', 0, 0, '2026-02-09 01:36:53'),
(410, '274f527c-30b6-4ac2-a3c0-711834dd0457', '/', 'Premium Edible Oils & Industrial Waxes Supplier | Bio Green Wax Ltd', 103, 0, '2026-02-09 01:38:35'),
(411, '274f527c-30b6-4ac2-a3c0-711834dd0457', '/ko/about', 'About Us | Bio Green Wax Ltd', 0, 0, '2026-02-09 01:38:35'),
(412, '274f527c-30b6-4ac2-a3c0-711834dd0457', '/ko/about', 'About Us | Bio Green Wax Ltd', 0, 0, '2026-02-09 01:41:13'),
(413, '274f527c-30b6-4ac2-a3c0-711834dd0457', '/ko/about', 'About Us | Bio Green Wax Ltd', 16, 100, '2026-02-09 01:41:29'),
(414, '274f527c-30b6-4ac2-a3c0-711834dd0457', '/', 'Bio Green Wax Ltd | Premium Edible Oils & Industrial Waxes UK', 0, 0, '2026-02-09 01:41:38'),
(415, '274f527c-30b6-4ac2-a3c0-711834dd0457', '/', 'Premium Edible Oils & Industrial Waxes Supplier | Bio Green Wax Ltd', 140, 0, '2026-02-09 01:43:59'),
(416, '274f527c-30b6-4ac2-a3c0-711834dd0457', '/ko/about', 'About Us | Bio Green Wax Ltd', 0, 0, '2026-02-09 01:44:00'),
(417, '274f527c-30b6-4ac2-a3c0-711834dd0457', '/ko/about', 'About Us | Bio Green Wax Ltd', 0, 0, '2026-02-09 01:49:10'),
(418, '274f527c-30b6-4ac2-a3c0-711834dd0457', '/ko/about', '회사 소개 | Bio Green Wax Ltd', 33, 100, '2026-02-09 01:49:43'),
(419, '274f527c-30b6-4ac2-a3c0-711834dd0457', '/ko/', 'Premium Edible Oils & Industrial Waxes Supplier | Bio Green Wax Ltd', 0, 0, '2026-02-09 01:49:44'),
(420, '274f527c-30b6-4ac2-a3c0-711834dd0457', '/ko/', 'Premium Edible Oils & Industrial Waxes Supplier | Bio Green Wax Ltd', 6, 0, '2026-02-09 01:49:49'),
(421, '274f527c-30b6-4ac2-a3c0-711834dd0457', '/pl', 'Premium Edible Oils & Industrial Waxes Supplier | Bio Green Wax Ltd', 0, 0, '2026-02-09 01:49:49'),
(422, '274f527c-30b6-4ac2-a3c0-711834dd0457', '/pl', 'Premium Edible Oils & Industrial Waxes Supplier | Bio Green Wax Ltd', 4, 0, '2026-02-09 01:49:53'),
(423, '274f527c-30b6-4ac2-a3c0-711834dd0457', '/pl/', 'Premium Edible Oils & Industrial Waxes Supplier | Bio Green Wax Ltd', 0, 0, '2026-02-09 01:49:54'),
(424, '274f527c-30b6-4ac2-a3c0-711834dd0457', '/pl/', 'Premium Edible Oils & Industrial Waxes Supplier | Bio Green Wax Ltd', 1, 0, '2026-02-09 01:49:55'),
(425, '274f527c-30b6-4ac2-a3c0-711834dd0457', '/pl/about', 'About Us | Bio Green Wax Ltd', 0, 0, '2026-02-09 01:49:55'),
(426, '274f527c-30b6-4ac2-a3c0-711834dd0457', '/pl/about', 'About Us | Bio Green Wax Ltd', 0, 0, '2026-02-09 01:50:03'),
(427, '274f527c-30b6-4ac2-a3c0-711834dd0457', '/pl/about', 'About Us | Bio Green Wax Ltd', 0, 0, '2026-02-09 01:50:23'),
(428, '274f527c-30b6-4ac2-a3c0-711834dd0457', '/pl/about', 'O Nas | Bio Green Wax Ltd', 10, 100, '2026-02-09 01:50:33'),
(429, '274f527c-30b6-4ac2-a3c0-711834dd0457', '/', 'Bio Green Wax Ltd | Premium Edible Oils & Industrial Waxes UK', 0, 0, '2026-02-09 01:50:43'),
(430, '274f527c-30b6-4ac2-a3c0-711834dd0457', '/', 'Premium Edible Oils & Industrial Waxes Supplier | Bio Green Wax Ltd', 23, 0, '2026-02-09 01:51:06'),
(431, '274f527c-30b6-4ac2-a3c0-711834dd0457', '/', 'Bio Green Wax Ltd | Premium Edible Oils & Industrial Waxes UK', 0, 0, '2026-02-09 01:51:16'),
(432, '274f527c-30b6-4ac2-a3c0-711834dd0457', '/', 'Premium Edible Oils & Industrial Waxes Supplier | Bio Green Wax Ltd', 30, 0, '2026-02-09 01:51:46'),
(433, '274f527c-30b6-4ac2-a3c0-711834dd0457', '/vi/', 'Premium Edible Oils & Industrial Waxes Supplier | Bio Green Wax Ltd', 0, 0, '2026-02-09 01:51:46'),
(434, '274f527c-30b6-4ac2-a3c0-711834dd0457', '/vi/', 'Premium Edible Oils & Industrial Waxes Supplier | Bio Green Wax Ltd', 102, 56, '2026-02-09 01:53:28'),
(435, '274f527c-30b6-4ac2-a3c0-711834dd0457', '/pl', 'Premium Edible Oils & Industrial Waxes Supplier | Bio Green Wax Ltd', 0, 0, '2026-02-09 01:53:29'),
(436, '274f527c-30b6-4ac2-a3c0-711834dd0457', '/pl', 'Premium Edible Oils & Industrial Waxes Supplier | Bio Green Wax Ltd', 9, 42, '2026-02-09 01:53:38'),
(437, '274f527c-30b6-4ac2-a3c0-711834dd0457', '/vi', 'Premium Edible Oils & Industrial Waxes Supplier | Bio Green Wax Ltd', 0, 0, '2026-02-09 01:53:38'),
(438, '274f527c-30b6-4ac2-a3c0-711834dd0457', '/vi', 'Premium Edible Oils & Industrial Waxes Supplier | Bio Green Wax Ltd', 226, 56, '2026-02-09 01:57:24'),
(439, '274f527c-30b6-4ac2-a3c0-711834dd0457', '/', 'Bio Green Wax Ltd | Premium Edible Oils & Industrial Waxes UK', 0, 0, '2026-02-09 01:57:34'),
(440, '274f527c-30b6-4ac2-a3c0-711834dd0457', '/', 'Premium Edible Oils & Industrial Waxes Supplier | Bio Green Wax Ltd', 0, 0, '2026-02-09 02:01:51'),
(441, '274f527c-30b6-4ac2-a3c0-711834dd0457', '/', 'Premium Edible Oils & Industrial Waxes Supplier | Bio Green Wax Ltd', 10, 0, '2026-02-09 02:02:01'),
(442, '274f527c-30b6-4ac2-a3c0-711834dd0457', '/', 'Bio Green Wax Ltd | Premium Edible Oils & Industrial Waxes UK', 0, 0, '2026-02-09 02:02:10'),
(443, '274f527c-30b6-4ac2-a3c0-711834dd0457', '/', 'Premium Edible Oils & Industrial Waxes Supplier | Bio Green Wax Ltd', 19, 0, '2026-02-09 02:02:29'),
(444, '274f527c-30b6-4ac2-a3c0-711834dd0457', '/', 'Bio Green Wax Ltd | Premium Edible Oils & Industrial Waxes UK', 0, 0, '2026-02-09 02:02:38'),
(445, '274f527c-30b6-4ac2-a3c0-711834dd0457', '/', 'Premium Edible Oils & Industrial Waxes Supplier | Bio Green Wax Ltd', 45, 0, '2026-02-09 02:03:22'),
(446, '274f527c-30b6-4ac2-a3c0-711834dd0457', '/', 'Bio Green Wax Ltd | Premium Edible Oils & Industrial Waxes UK', 0, 0, '2026-02-09 02:03:31'),
(447, '274f527c-30b6-4ac2-a3c0-711834dd0457', '/', 'Premium Edible Oils & Industrial Waxes Supplier | Bio Green Wax Ltd', 0, 0, '2026-02-09 02:11:52'),
(448, '274f527c-30b6-4ac2-a3c0-711834dd0457', '/', 'Premium Edible Oils & Industrial Waxes Supplier | Bio Green Wax Ltd', 6, 0, '2026-02-09 02:11:58'),
(449, '274f527c-30b6-4ac2-a3c0-711834dd0457', '/', 'Bio Green Wax Ltd | Premium Edible Oils & Industrial Waxes UK', 0, 0, '2026-02-09 02:12:08'),
(450, '274f527c-30b6-4ac2-a3c0-711834dd0457', '/', 'Premium Edible Oils & Industrial Waxes Supplier | Bio Green Wax Ltd', 0, 0, '2026-02-09 02:16:11'),
(451, '274f527c-30b6-4ac2-a3c0-711834dd0457', '/', 'Bio Green Wax Ltd | Premium Edible Oils & Industrial Waxes UK', 0, 0, '2026-02-09 02:17:13'),
(452, '274f527c-30b6-4ac2-a3c0-711834dd0457', '/', 'Premium Edible Oils & Industrial Waxes Supplier | Bio Green Wax Ltd', 61, 0, '2026-02-09 02:18:13'),
(453, '274f527c-30b6-4ac2-a3c0-711834dd0457', '/', 'Bio Green Wax Ltd | Premium Edible Oils & Industrial Waxes UK', 0, 0, '2026-02-09 02:18:22'),
(454, '274f527c-30b6-4ac2-a3c0-711834dd0457', '/', 'Premium Edible Oils & Industrial Waxes Supplier | Bio Green Wax Ltd', 263, 0, '2026-02-09 02:22:45'),
(455, '274f527c-30b6-4ac2-a3c0-711834dd0457', '/', 'Bio Green Wax Ltd | Premium Edible Oils & Industrial Waxes UK', 0, 0, '2026-02-09 02:22:55'),
(456, '274f527c-30b6-4ac2-a3c0-711834dd0457', '/', 'Premium Edible Oils & Industrial Waxes Supplier | Bio Green Wax Ltd', 0, 0, '2026-02-09 02:25:45'),
(457, '274f527c-30b6-4ac2-a3c0-711834dd0457', '/', 'Premium Edible Oils & Industrial Waxes Supplier | Bio Green Wax Ltd', 21, 0, '2026-02-09 02:26:06'),
(458, '274f527c-30b6-4ac2-a3c0-711834dd0457', '/', 'Bio Green Wax Ltd | Premium Edible Oils & Industrial Waxes UK', 0, 0, '2026-02-09 02:26:14'),
(459, '274f527c-30b6-4ac2-a3c0-711834dd0457', '/', 'Premium Edible Oils & Industrial Waxes Supplier | Bio Green Wax Ltd', 50, 0, '2026-02-09 02:27:05'),
(460, '274f527c-30b6-4ac2-a3c0-711834dd0457', '/', 'Premium Edible Oils & Industrial Waxes Supplier | Bio Green Wax Ltd', 50, 0, '2026-02-09 02:27:05'),
(461, '274f527c-30b6-4ac2-a3c0-711834dd0457', '/', 'Premium Edible Oils & Industrial Waxes Supplier | Bio Green Wax Ltd', 50, 0, '2026-02-09 02:27:05'),
(462, '274f527c-30b6-4ac2-a3c0-711834dd0457', '/', 'Premium Edible Oils & Industrial Waxes Supplier | Bio Green Wax Ltd', 51, 0, '2026-02-09 02:27:05'),
(463, '274f527c-30b6-4ac2-a3c0-711834dd0457', '/', 'Bio Green Wax Ltd | Premium Edible Oils & Industrial Waxes UK', 0, 0, '2026-02-09 02:27:13'),
(464, '274f527c-30b6-4ac2-a3c0-711834dd0457', '/', 'Premium Edible Oils & Industrial Waxes Supplier | Bio Green Wax Ltd', 0, 0, '2026-02-09 02:32:00'),
(465, '274f527c-30b6-4ac2-a3c0-711834dd0457', '/', 'Premium Edible Oils & Industrial Waxes Supplier | Bio Green Wax Ltd', 13, 0, '2026-02-09 02:32:13'),
(466, '274f527c-30b6-4ac2-a3c0-711834dd0457', '/', 'Bio Green Wax Ltd | Premium Edible Oils & Industrial Waxes UK', 0, 0, '2026-02-09 02:32:22'),
(467, '274f527c-30b6-4ac2-a3c0-711834dd0457', '/', 'Premium Edible Oils & Industrial Waxes Supplier | Bio Green Wax Ltd', 220, 0, '2026-02-09 02:36:02'),
(468, '274f527c-30b6-4ac2-a3c0-711834dd0457', '/', 'Premium Edible Oils & Industrial Waxes Supplier | Bio Green Wax Ltd', 220, 0, '2026-02-09 02:36:02'),
(469, '274f527c-30b6-4ac2-a3c0-711834dd0457', '/', 'Bio Green Wax Ltd | Premium Edible Oils & Industrial Waxes UK', 0, 0, '2026-02-09 02:36:10'),
(470, '274f527c-30b6-4ac2-a3c0-711834dd0457', '/', 'Premium Edible Oils & Industrial Waxes Supplier | Bio Green Wax Ltd', 4, 0, '2026-02-09 02:36:14'),
(471, '274f527c-30b6-4ac2-a3c0-711834dd0457', '/zh/', 'Premium Edible Oils & Industrial Waxes Supplier | Bio Green Wax Ltd', 0, 0, '2026-02-09 02:36:14'),
(472, '274f527c-30b6-4ac2-a3c0-711834dd0457', '/zh/', 'Premium Edible Oils & Industrial Waxes Supplier | Bio Green Wax Ltd', 4, 0, '2026-02-09 02:36:18'),
(473, '274f527c-30b6-4ac2-a3c0-711834dd0457', '/de', 'Premium Edible Oils & Industrial Waxes Supplier | Bio Green Wax Ltd', 0, 0, '2026-02-09 02:36:18'),
(474, '274f527c-30b6-4ac2-a3c0-711834dd0457', '/de', 'Premium Edible Oils & Industrial Waxes Supplier | Bio Green Wax Ltd', 4, 0, '2026-02-09 02:36:22'),
(475, '274f527c-30b6-4ac2-a3c0-711834dd0457', '/es', 'Premium Edible Oils & Industrial Waxes Supplier | Bio Green Wax Ltd', 0, 0, '2026-02-09 02:36:22'),
(476, '274f527c-30b6-4ac2-a3c0-711834dd0457', '/es', 'Premium Edible Oils & Industrial Waxes Supplier | Bio Green Wax Ltd', 3, 0, '2026-02-09 02:36:25'),
(477, '274f527c-30b6-4ac2-a3c0-711834dd0457', '/fr', 'Premium Edible Oils & Industrial Waxes Supplier | Bio Green Wax Ltd', 0, 0, '2026-02-09 02:36:25'),
(478, '274f527c-30b6-4ac2-a3c0-711834dd0457', '/fr', 'Premium Edible Oils & Industrial Waxes Supplier | Bio Green Wax Ltd', 3, 0, '2026-02-09 02:36:28'),
(479, '274f527c-30b6-4ac2-a3c0-711834dd0457', '/en', 'Premium Edible Oils & Industrial Waxes Supplier | Bio Green Wax Ltd', 0, 0, '2026-02-09 02:36:28'),
(480, '274f527c-30b6-4ac2-a3c0-711834dd0457', '/en', 'Premium Edible Oils & Industrial Waxes Supplier | Bio Green Wax Ltd', 7, 31, '2026-02-09 02:36:36'),
(481, '274f527c-30b6-4ac2-a3c0-711834dd0457', '/it', 'Premium Edible Oils & Industrial Waxes Supplier | Bio Green Wax Ltd', 0, 0, '2026-02-09 02:36:36'),
(482, '274f527c-30b6-4ac2-a3c0-711834dd0457', '/it', 'Premium Edible Oils & Industrial Waxes Supplier | Bio Green Wax Ltd', 26, 78, '2026-02-09 02:37:02'),
(483, '274f527c-30b6-4ac2-a3c0-711834dd0457', '/ja', 'Premium Edible Oils & Industrial Waxes Supplier | Bio Green Wax Ltd', 0, 0, '2026-02-09 02:37:03'),
(484, '274f527c-30b6-4ac2-a3c0-711834dd0457', '/ja', 'Premium Edible Oils & Industrial Waxes Supplier | Bio Green Wax Ltd', 14, 75, '2026-02-09 02:37:17'),
(485, '274f527c-30b6-4ac2-a3c0-711834dd0457', '/sw', 'Premium Edible Oils & Industrial Waxes Supplier | Bio Green Wax Ltd', 0, 0, '2026-02-09 02:37:17'),
(486, '274f527c-30b6-4ac2-a3c0-711834dd0457', '/sw', 'Premium Edible Oils & Industrial Waxes Supplier | Bio Green Wax Ltd', 10, 77, '2026-02-09 02:37:27'),
(487, '274f527c-30b6-4ac2-a3c0-711834dd0457', '/ko', 'Premium Edible Oils & Industrial Waxes Supplier | Bio Green Wax Ltd', 0, 0, '2026-02-09 02:37:28'),
(488, '274f527c-30b6-4ac2-a3c0-711834dd0457', '/ko', 'Premium Edible Oils & Industrial Waxes Supplier | Bio Green Wax Ltd', 30, 76, '2026-02-09 02:37:58'),
(489, '274f527c-30b6-4ac2-a3c0-711834dd0457', '/pl', 'Premium Edible Oils & Industrial Waxes Supplier | Bio Green Wax Ltd', 0, 0, '2026-02-09 02:37:58'),
(490, '274f527c-30b6-4ac2-a3c0-711834dd0457', '/pl', 'Premium Edible Oils & Industrial Waxes Supplier | Bio Green Wax Ltd', 202, 40, '2026-02-09 02:41:20'),
(491, '274f527c-30b6-4ac2-a3c0-711834dd0457', '/en', 'Premium Edible Oils & Industrial Waxes Supplier | Bio Green Wax Ltd', 0, 0, '2026-02-09 02:41:21'),
(492, '274f527c-30b6-4ac2-a3c0-711834dd0457', '/en', 'Premium Edible Oils & Industrial Waxes Supplier | Bio Green Wax Ltd', 6, 10, '2026-02-09 02:41:26'),
(493, '274f527c-30b6-4ac2-a3c0-711834dd0457', '/en', 'Premium Edible Oils & Industrial Waxes Supplier | Bio Green Wax Ltd', 6, 10, '2026-02-09 02:41:26'),
(494, '274f527c-30b6-4ac2-a3c0-711834dd0457', '/', 'Bio Green Wax Ltd | Premium Edible Oils & Industrial Waxes UK', 0, 0, '2026-02-09 02:50:53'),
(495, '274f527c-30b6-4ac2-a3c0-711834dd0457', '/', 'Premium Edible Oils & Industrial Waxes Supplier | Bio Green Wax Ltd', 28, 78, '2026-02-09 02:51:21'),
(496, '274f527c-30b6-4ac2-a3c0-711834dd0457', '/it/', 'Premium Edible Oils & Industrial Waxes Supplier | Bio Green Wax Ltd', 0, 0, '2026-02-09 02:51:21'),
(497, '274f527c-30b6-4ac2-a3c0-711834dd0457', '/it/', 'Premium Edible Oils & Industrial Waxes Supplier | Bio Green Wax Ltd', 8, 0, '2026-02-09 02:51:29'),
(498, '274f527c-30b6-4ac2-a3c0-711834dd0457', '/en', 'Premium Edible Oils & Industrial Waxes Supplier | Bio Green Wax Ltd', 0, 0, '2026-02-09 02:51:29'),
(499, '274f527c-30b6-4ac2-a3c0-711834dd0457', '/en', 'Premium Edible Oils & Industrial Waxes Supplier | Bio Green Wax Ltd', 48, 6, '2026-02-09 02:52:17'),
(500, '274f527c-30b6-4ac2-a3c0-711834dd0457', '/', 'Bio Green Wax Ltd | Premium Edible Oils & Industrial Waxes UK', 0, 0, '2026-02-09 02:52:27'),
(501, '274f527c-30b6-4ac2-a3c0-711834dd0457', '/', 'Premium Edible Oils & Industrial Waxes Supplier | Bio Green Wax Ltd', 166, 29, '2026-02-09 02:55:13'),
(502, '274f527c-30b6-4ac2-a3c0-711834dd0457', '/products', 'Premium Edible Oils & Industrial Waxes Supplier | Bio Green Wax Ltd', 0, 0, '2026-02-09 02:55:13'),
(503, '274f527c-30b6-4ac2-a3c0-711834dd0457', '/products', 'Our Products - Edible Oils & Industrial Waxes | Bio Green Wax Ltd', 3, 21, '2026-02-09 02:55:16'),
(504, '274f527c-30b6-4ac2-a3c0-711834dd0457', '/products/coconut-oil', 'Our Products - Edible Oils & Industrial Waxes | Bio Green Wax Ltd', 0, 0, '2026-02-09 02:55:17'),
(505, '274f527c-30b6-4ac2-a3c0-711834dd0457', '/products/coconut-oil', 'Coconut Oil | Bio Green Wax Ltd', 4, 0, '2026-02-09 02:55:21'),
(506, '274f527c-30b6-4ac2-a3c0-711834dd0457', '/products', 'Our Products - Edible Oils & Industrial Waxes | Bio Green Wax Ltd', 0, 0, '2026-02-09 02:55:21'),
(507, '274f527c-30b6-4ac2-a3c0-711834dd0457', '/products', 'Our Products - Edible Oils & Industrial Waxes | Bio Green Wax Ltd', 3, 12, '2026-02-09 02:55:25'),
(508, '274f527c-30b6-4ac2-a3c0-711834dd0457', '/products/sunflower-oil', 'Sunflower Oil | Bio Green Wax Ltd', 0, 0, '2026-02-09 02:55:25'),
(509, '274f527c-30b6-4ac2-a3c0-711834dd0457', '/products/sunflower-oil', 'Sunflower Oil | Bio Green Wax Ltd', 3, 0, '2026-02-09 02:55:28'),
(510, '274f527c-30b6-4ac2-a3c0-711834dd0457', '/products', 'Our Products - Edible Oils & Industrial Waxes | Bio Green Wax Ltd', 0, 0, '2026-02-09 02:55:29'),
(511, '274f527c-30b6-4ac2-a3c0-711834dd0457', '/products', 'Our Products - Edible Oils & Industrial Waxes | Bio Green Wax Ltd', 2, 14, '2026-02-09 02:55:31'),
(512, '274f527c-30b6-4ac2-a3c0-711834dd0457', '/products/beeswax', 'Beeswax | Bio Green Wax Ltd', 0, 0, '2026-02-09 02:55:31'),
(513, '274f527c-30b6-4ac2-a3c0-711834dd0457', '/products/beeswax', 'Beeswax | Bio Green Wax Ltd', 3, 0, '2026-02-09 02:55:34'),
(514, '274f527c-30b6-4ac2-a3c0-711834dd0457', '/products', 'Our Products - Edible Oils & Industrial Waxes | Bio Green Wax Ltd', 0, 0, '2026-02-09 02:55:34'),
(515, '274f527c-30b6-4ac2-a3c0-711834dd0457', '/products', 'Our Products - Edible Oils & Industrial Waxes | Bio Green Wax Ltd', 4, 38, '2026-02-09 02:55:38'),
(516, '274f527c-30b6-4ac2-a3c0-711834dd0457', '/products/bw703-palm-wax', 'BW703 Palm Wax | Bio Green Wax Ltd', 0, 0, '2026-02-09 02:55:38'),
(517, '274f527c-30b6-4ac2-a3c0-711834dd0457', '/products/bw703-palm-wax', 'BW703 Palm Wax | Bio Green Wax Ltd', 4, 0, '2026-02-09 02:55:42'),
(518, '274f527c-30b6-4ac2-a3c0-711834dd0457', '/products', 'Our Products - Edible Oils & Industrial Waxes | Bio Green Wax Ltd', 0, 0, '2026-02-09 02:55:42'),
(519, '274f527c-30b6-4ac2-a3c0-711834dd0457', '/products', 'Our Products - Edible Oils & Industrial Waxes | Bio Green Wax Ltd', 4, 0, '2026-02-09 02:55:46'),
(520, '274f527c-30b6-4ac2-a3c0-711834dd0457', '/', 'Premium Edible Oils & Industrial Waxes Supplier | Bio Green Wax Ltd', 0, 0, '2026-02-09 02:55:47'),
(521, '274f527c-30b6-4ac2-a3c0-711834dd0457', '/', 'Premium Edible Oils & Industrial Waxes Supplier | Bio Green Wax Ltd', 5, 0, '2026-02-09 02:55:52'),
(522, '274f527c-30b6-4ac2-a3c0-711834dd0457', '/', 'Premium Edible Oils & Industrial Waxes Supplier | Bio Green Wax Ltd', 5, 0, '2026-02-09 02:55:52'),
(523, '274f527c-30b6-4ac2-a3c0-711834dd0457', '/', 'Bio Green Wax Ltd | Premium Edible Oils & Industrial Waxes UK', 0, 0, '2026-02-09 03:02:22'),
(524, '274f527c-30b6-4ac2-a3c0-711834dd0457', '/', 'Premium Edible Oils & Industrial Waxes Supplier | Bio Green Wax Ltd', 76, 0, '2026-02-09 03:03:38'),
(525, '274f527c-30b6-4ac2-a3c0-711834dd0457', '/', 'Premium Edible Oils & Industrial Waxes Supplier | Bio Green Wax Ltd', 76, 0, '2026-02-09 03:03:38'),
(526, '274f527c-30b6-4ac2-a3c0-711834dd0457', '/', 'Bio Green Wax Ltd | Premium Edible Oils & Industrial Waxes UK', 0, 0, '2026-02-09 03:05:54'),
(527, '274f527c-30b6-4ac2-a3c0-711834dd0457', '/', 'Premium Edible Oils & Industrial Waxes Supplier | Bio Green Wax Ltd', 4, 0, '2026-02-09 03:05:58'),
(528, '274f527c-30b6-4ac2-a3c0-711834dd0457', '/', 'Bio Green Wax Ltd | Premium Edible Oils & Industrial Waxes UK', 0, 0, '2026-02-09 03:06:10'),
(529, '274f527c-30b6-4ac2-a3c0-711834dd0457', '/', 'Premium Edible Oils & Industrial Waxes Supplier | Bio Green Wax Ltd', 25, 0, '2026-02-09 03:06:35'),
(530, '274f527c-30b6-4ac2-a3c0-711834dd0457', '/it/', 'Premium Edible Oils & Industrial Waxes Supplier | Bio Green Wax Ltd', 0, 0, '2026-02-09 03:06:35'),
(531, '274f527c-30b6-4ac2-a3c0-711834dd0457', '/it/', 'Premium Edible Oils & Industrial Waxes Supplier | Bio Green Wax Ltd', 7, 0, '2026-02-09 03:06:42'),
(532, '274f527c-30b6-4ac2-a3c0-711834dd0457', '/es', 'Premium Edible Oils & Industrial Waxes Supplier | Bio Green Wax Ltd', 0, 0, '2026-02-09 03:06:42'),
(533, '274f527c-30b6-4ac2-a3c0-711834dd0457', '/es', 'Premium Edible Oils & Industrial Waxes Supplier | Bio Green Wax Ltd', 3, 0, '2026-02-09 03:06:45'),
(534, '274f527c-30b6-4ac2-a3c0-711834dd0457', '/en', 'Premium Edible Oils & Industrial Waxes Supplier | Bio Green Wax Ltd', 0, 0, '2026-02-09 03:06:46'),
(535, '274f527c-30b6-4ac2-a3c0-711834dd0457', '/en', 'Premium Edible Oils & Industrial Waxes Supplier | Bio Green Wax Ltd', 15, 0, '2026-02-09 03:07:00'),
(536, '274f527c-30b6-4ac2-a3c0-711834dd0457', '/en', 'Premium Edible Oils & Industrial Waxes Supplier | Bio Green Wax Ltd', 15, 0, '2026-02-09 03:07:00'),
(537, '274f527c-30b6-4ac2-a3c0-711834dd0457', '/', 'Bio Green Wax Ltd | Premium Edible Oils & Industrial Waxes UK', 0, 0, '2026-02-09 03:10:39'),
(538, '274f527c-30b6-4ac2-a3c0-711834dd0457', '/', 'Premium Edible Oils & Industrial Waxes Supplier | Bio Green Wax Ltd', 134, 0, '2026-02-09 03:12:53'),
(539, '274f527c-30b6-4ac2-a3c0-711834dd0457', '/it/', 'Premium Edible Oils & Industrial Waxes Supplier | Bio Green Wax Ltd', 0, 0, '2026-02-09 03:12:53'),
(540, '274f527c-30b6-4ac2-a3c0-711834dd0457', '/it/', 'Premium Edible Oils & Industrial Waxes Supplier | Bio Green Wax Ltd', 37, 63, '2026-02-09 03:13:30'),
(541, '274f527c-30b6-4ac2-a3c0-711834dd0457', '/it/', 'Premium Edible Oils & Industrial Waxes Supplier | Bio Green Wax Ltd', 38, 63, '2026-02-09 03:13:31'),
(542, '274f527c-30b6-4ac2-a3c0-711834dd0457', '/', 'Bio Green Wax Ltd | Premium Edible Oils & Industrial Waxes UK', 0, 0, '2026-02-09 03:17:55'),
(543, '274f527c-30b6-4ac2-a3c0-711834dd0457', '/', 'Premium Edible Oils & Industrial Waxes Supplier | Bio Green Wax Ltd', 10, 0, '2026-02-09 03:18:04'),
(544, '274f527c-30b6-4ac2-a3c0-711834dd0457', '/it/products', 'Premium Edible Oils & Industrial Waxes Supplier | Bio Green Wax Ltd', 0, 0, '2026-02-09 03:18:04'),
(545, '274f527c-30b6-4ac2-a3c0-711834dd0457', '/it/products', 'Our Products - Edible Oils & Industrial Waxes | Bio Green Wax Ltd', 25, 26, '2026-02-09 03:18:30'),
(546, '274f527c-30b6-4ac2-a3c0-711834dd0457', '/it/', 'Premium Edible Oils & Industrial Waxes Supplier | Bio Green Wax Ltd', 0, 0, '2026-02-09 03:18:30'),
(547, '274f527c-30b6-4ac2-a3c0-711834dd0457', '/it/', 'Premium Edible Oils & Industrial Waxes Supplier | Bio Green Wax Ltd', 13, 45, '2026-02-09 03:18:43'),
(548, '274f527c-30b6-4ac2-a3c0-711834dd0457', '/en', 'Premium Edible Oils & Industrial Waxes Supplier | Bio Green Wax Ltd', 0, 0, '2026-02-09 03:18:43'),
(549, '274f527c-30b6-4ac2-a3c0-711834dd0457', '/en', 'Premium Edible Oils & Industrial Waxes Supplier | Bio Green Wax Ltd', 19, 0, '2026-02-09 03:19:03'),
(550, '274f527c-30b6-4ac2-a3c0-711834dd0457', '/en', 'Premium Edible Oils & Industrial Waxes Supplier | Bio Green Wax Ltd', 20, 0, '2026-02-09 03:19:03'),
(551, '274f527c-30b6-4ac2-a3c0-711834dd0457', '/', 'Bio Green Wax Ltd | Premium Edible Oils & Industrial Waxes UK', 0, 0, '2026-02-09 03:24:11'),
(552, '274f527c-30b6-4ac2-a3c0-711834dd0457', '/', 'Premium Edible Oils & Industrial Waxes Supplier | Bio Green Wax Ltd', 38, 0, '2026-02-09 03:24:49'),
(553, '274f527c-30b6-4ac2-a3c0-711834dd0457', '/', 'Bio Green Wax Ltd | Premium Edible Oils & Industrial Waxes UK', 0, 0, '2026-02-09 03:24:59'),
(554, '274f527c-30b6-4ac2-a3c0-711834dd0457', '/', 'Premium Edible Oils & Industrial Waxes Supplier | Bio Green Wax Ltd', 39, 0, '2026-02-09 03:25:38'),
(555, '274f527c-30b6-4ac2-a3c0-711834dd0457', '/', 'Premium Edible Oils & Industrial Waxes Supplier | Bio Green Wax Ltd', 40, 0, '2026-02-09 03:25:38'),
(556, '274f527c-30b6-4ac2-a3c0-711834dd0457', '/', 'Bio Green Wax Ltd | Premium Edible Oils & Industrial Waxes UK', 0, 0, '2026-02-09 03:31:59'),
(557, '274f527c-30b6-4ac2-a3c0-711834dd0457', '/', 'Premium Edible Oils & Industrial Waxes Supplier | Bio Green Wax Ltd', 7, 0, '2026-02-09 03:32:06'),
(558, '274f527c-30b6-4ac2-a3c0-711834dd0457', '/', 'Premium Edible Oils & Industrial Waxes Supplier | Bio Green Wax Ltd', 7, 0, '2026-02-09 03:32:07'),
(559, '274f527c-30b6-4ac2-a3c0-711834dd0457', '/', 'Bio Green Wax Ltd | Premium Edible Oils & Industrial Waxes UK', 0, 0, '2026-02-09 03:35:09'),
(560, '274f527c-30b6-4ac2-a3c0-711834dd0457', '/', 'Premium Edible Oils & Industrial Waxes Supplier | Bio Green Wax Ltd', 7, 0, '2026-02-09 03:35:16'),
(561, '274f527c-30b6-4ac2-a3c0-711834dd0457', '/', 'Premium Edible Oils & Industrial Waxes Supplier | Bio Green Wax Ltd', 8, 0, '2026-02-09 03:35:17'),
(562, '274f527c-30b6-4ac2-a3c0-711834dd0457', '/', 'Bio Green Wax Ltd | Premium Edible Oils & Industrial Waxes UK', 0, 0, '2026-02-09 03:40:07'),
(563, '274f527c-30b6-4ac2-a3c0-711834dd0457', '/', 'Premium Edible Oils & Industrial Waxes Supplier | Bio Green Wax Ltd', 11, 0, '2026-02-09 03:40:18'),
(564, '274f527c-30b6-4ac2-a3c0-711834dd0457', '/', 'Premium Edible Oils & Industrial Waxes Supplier | Bio Green Wax Ltd', 64, 0, '2026-02-09 03:41:11'),
(565, '274f527c-30b6-4ac2-a3c0-711834dd0457', '/', 'Premium Edible Oils & Industrial Waxes Supplier | Bio Green Wax Ltd', 64, 0, '2026-02-09 03:41:11'),
(566, '274f527c-30b6-4ac2-a3c0-711834dd0457', '/', 'Bio Green Wax Ltd | Premium Edible Oils & Industrial Waxes UK', 0, 0, '2026-02-09 03:53:05'),
(567, '274f527c-30b6-4ac2-a3c0-711834dd0457', '/', 'Premium Edible Oils & Industrial Waxes Supplier | Bio Green Wax Ltd', 164, 0, '2026-02-09 03:55:49'),
(568, '274f527c-30b6-4ac2-a3c0-711834dd0457', '/th/', 'Premium Edible Oils & Industrial Waxes Supplier | Bio Green Wax Ltd', 0, 0, '2026-02-09 03:55:49'),
(569, '274f527c-30b6-4ac2-a3c0-711834dd0457', '/th/', 'Premium Edible Oils & Industrial Waxes Supplier | Bio Green Wax Ltd', 32, 100, '2026-02-09 03:56:21'),
(570, '274f527c-30b6-4ac2-a3c0-711834dd0457', '/en', 'Premium Edible Oils & Industrial Waxes Supplier | Bio Green Wax Ltd', 0, 0, '2026-02-09 03:56:22'),
(571, '274f527c-30b6-4ac2-a3c0-711834dd0457', '/en', 'Premium Edible Oils & Industrial Waxes Supplier | Bio Green Wax Ltd', 36, 0, '2026-02-09 03:56:59'),
(572, '274f527c-30b6-4ac2-a3c0-711834dd0457', '/', 'Bio Green Wax Ltd | Premium Edible Oils & Industrial Waxes UK', 0, 0, '2026-02-09 03:57:34'),
(573, '274f527c-30b6-4ac2-a3c0-711834dd0457', '/', 'Premium Edible Oils & Industrial Waxes Supplier | Bio Green Wax Ltd', 64, 0, '2026-02-09 03:58:37'),
(574, '274f527c-30b6-4ac2-a3c0-711834dd0457', '/', 'Premium Edible Oils & Industrial Waxes Supplier | Bio Green Wax Ltd', 64, 0, '2026-02-09 03:58:38'),
(575, '274f527c-30b6-4ac2-a3c0-711834dd0457', '/', 'Bio Green Wax Ltd | Premium Edible Oils & Industrial Waxes UK', 0, 0, '2026-02-09 04:05:53'),
(576, '274f527c-30b6-4ac2-a3c0-711834dd0457', '/', 'Premium Edible Oils & Industrial Waxes Supplier | Bio Green Wax Ltd', 5, 0, '2026-02-09 04:05:58'),
(577, '274f527c-30b6-4ac2-a3c0-711834dd0457', '/', 'Premium Edible Oils & Industrial Waxes Supplier | Bio Green Wax Ltd', 308, 0, '2026-02-09 04:11:00'),
(578, '274f527c-30b6-4ac2-a3c0-711834dd0457', '/', 'Premium Edible Oils & Industrial Waxes Supplier | Bio Green Wax Ltd', 308, 0, '2026-02-09 04:11:00'),
(579, '274f527c-30b6-4ac2-a3c0-711834dd0457', '/', 'Bio Green Wax Ltd | Premium Edible Oils & Industrial Waxes UK', 0, 0, '2026-02-09 04:14:41'),
(580, '274f527c-30b6-4ac2-a3c0-711834dd0457', '/', 'Premium Edible Oils & Industrial Waxes Supplier | Bio Green Wax Ltd', 33, 0, '2026-02-09 04:15:14'),
(581, '274f527c-30b6-4ac2-a3c0-711834dd0457', '/', 'Premium Edible Oils & Industrial Waxes Supplier | Bio Green Wax Ltd', 119, 0, '2026-02-09 04:16:39'),
(582, '274f527c-30b6-4ac2-a3c0-711834dd0457', '/', 'Premium Edible Oils & Industrial Waxes Supplier | Bio Green Wax Ltd', 189, 0, '2026-02-09 04:17:49'),
(583, '274f527c-30b6-4ac2-a3c0-711834dd0457', '/', 'Premium Edible Oils & Industrial Waxes Supplier | Bio Green Wax Ltd', 194, 0, '2026-02-09 04:17:55'),
(584, '274f527c-30b6-4ac2-a3c0-711834dd0457', '/', 'Premium Edible Oils & Industrial Waxes Supplier | Bio Green Wax Ltd', 195, 0, '2026-02-09 04:17:55'),
(585, '274f527c-30b6-4ac2-a3c0-711834dd0457', '/', 'Bio Green Wax Ltd | Premium Edible Oils & Industrial Waxes UK', 0, 0, '2026-02-09 04:52:00'),
(586, '274f527c-30b6-4ac2-a3c0-711834dd0457', '/', 'Premium Edible Oils & Industrial Waxes Supplier | Bio Green Wax Ltd', 7, 0, '2026-02-09 04:52:06'),
(587, '274f527c-30b6-4ac2-a3c0-711834dd0457', '/', 'Premium Edible Oils & Industrial Waxes Supplier | Bio Green Wax Ltd', 10983, 0, '2026-02-09 07:55:02'),
(588, '274f527c-30b6-4ac2-a3c0-711834dd0457', '/', 'Premium Edible Oils & Industrial Waxes Supplier | Bio Green Wax Ltd', 10983, 0, '2026-02-09 07:55:02'),
(589, '274f527c-30b6-4ac2-a3c0-711834dd0457', '/', 'Bio Green Wax Ltd | Premium Edible Oils & Industrial Waxes UK', 0, 0, '2026-02-09 08:02:20'),
(590, '274f527c-30b6-4ac2-a3c0-711834dd0457', '/', 'Premium Edible Oils & Industrial Waxes Supplier | Bio Green Wax Ltd', 78, 27, '2026-02-09 08:03:37'),
(591, '274f527c-30b6-4ac2-a3c0-711834dd0457', '/it/', 'Premium Edible Oils & Industrial Waxes Supplier | Bio Green Wax Ltd', 0, 0, '2026-02-09 08:03:38'),
(592, '274f527c-30b6-4ac2-a3c0-711834dd0457', '/it/', 'Premium Edible Oils & Industrial Waxes Supplier | Bio Green Wax Ltd', 33, 7, '2026-02-09 08:04:10'),
(593, '274f527c-30b6-4ac2-a3c0-711834dd0457', '/sw', 'Premium Edible Oils & Industrial Waxes Supplier | Bio Green Wax Ltd', 0, 0, '2026-02-09 08:04:11'),
(594, '274f527c-30b6-4ac2-a3c0-711834dd0457', '/sw', 'Premium Edible Oils & Industrial Waxes Supplier | Bio Green Wax Ltd', 45, 0, '2026-02-09 08:04:56'),
(595, '274f527c-30b6-4ac2-a3c0-711834dd0457', '/zh', 'Premium Edible Oils & Industrial Waxes Supplier | Bio Green Wax Ltd', 0, 0, '2026-02-09 08:04:56'),
(596, '274f527c-30b6-4ac2-a3c0-711834dd0457', '/zh', 'Premium Edible Oils & Industrial Waxes Supplier | Bio Green Wax Ltd', 66, 0, '2026-02-09 08:06:02'),
(597, '274f527c-30b6-4ac2-a3c0-711834dd0457', '/zh', 'Premium Edible Oils & Industrial Waxes Supplier | Bio Green Wax Ltd', 145, 0, '2026-02-09 08:07:21'),
(598, '274f527c-30b6-4ac2-a3c0-711834dd0457', '/zh', 'Premium Edible Oils & Industrial Waxes Supplier | Bio Green Wax Ltd', 151, 0, '2026-02-09 08:07:27'),
(599, '274f527c-30b6-4ac2-a3c0-711834dd0457', '/en', 'Premium Edible Oils & Industrial Waxes Supplier | Bio Green Wax Ltd', 0, 0, '2026-02-09 08:07:27'),
(600, '274f527c-30b6-4ac2-a3c0-711834dd0457', '/en', 'Premium Edible Oils & Industrial Waxes Supplier | Bio Green Wax Ltd', 18, 0, '2026-02-09 08:07:45'),
(601, '274f527c-30b6-4ac2-a3c0-711834dd0457', '/en', 'Premium Edible Oils & Industrial Waxes Supplier | Bio Green Wax Ltd', 18, 0, '2026-02-09 08:07:45'),
(602, '274f527c-30b6-4ac2-a3c0-711834dd0457', '/', 'Bio Green Wax Ltd | Premium Edible Oils & Industrial Waxes UK', 0, 0, '2026-02-09 08:32:02'),
(603, '274f527c-30b6-4ac2-a3c0-711834dd0457', '/', 'Premium Edible Oils & Industrial Waxes Supplier | Bio Green Wax Ltd', 268, 8, '2026-02-09 08:36:29'),
(604, '274f527c-30b6-4ac2-a3c0-711834dd0457', '/', 'Premium Edible Oils & Industrial Waxes Supplier | Bio Green Wax Ltd', 268, 8, '2026-02-09 08:36:29'),
(605, '274f527c-30b6-4ac2-a3c0-711834dd0457', '/', 'Bio Green Wax Ltd | Premium Edible Oils & Industrial Waxes UK', 0, 0, '2026-02-09 08:38:59'),
(606, '274f527c-30b6-4ac2-a3c0-711834dd0457', '/', 'Premium Edible Oils & Industrial Waxes Supplier | Bio Green Wax Ltd', 199, 79, '2026-02-09 08:42:18'),
(607, '274f527c-30b6-4ac2-a3c0-711834dd0457', '/products/palm-olein', 'Premium Edible Oils & Industrial Waxes Supplier | Bio Green Wax Ltd', 0, 0, '2026-02-09 08:42:18'),
(608, '274f527c-30b6-4ac2-a3c0-711834dd0457', '/products/palm-olein', 'Palm Olein | Bio Green Wax Ltd', 1558, 23, '2026-02-09 09:08:20'),
(609, '274f527c-30b6-4ac2-a3c0-711834dd0457', '/products/palm-olein', 'Palm Olein | Bio Green Wax Ltd', 4044, 23, '2026-02-09 09:49:43'),
(610, '274f527c-30b6-4ac2-a3c0-711834dd0457', '/products/palm-olein', 'Palm Olein | Bio Green Wax Ltd', 4393, 23, '2026-02-09 09:55:32'),
(611, '274f527c-30b6-4ac2-a3c0-711834dd0457', '/products/palm-olein', 'Palm Olein | Bio Green Wax Ltd', 4839, 23, '2026-02-09 10:02:57'),
(612, '274f527c-30b6-4ac2-a3c0-711834dd0457', '/products/palm-olein', 'Palm Olein | Bio Green Wax Ltd', 4849, 23, '2026-02-09 10:03:08'),
(613, '274f527c-30b6-4ac2-a3c0-711834dd0457', '/products/palm-olein', 'Palm Olein | Bio Green Wax Ltd', 5158, 23, '2026-02-09 10:08:16'),
(614, '274f527c-30b6-4ac2-a3c0-711834dd0457', '/products/palm-olein', 'Palm Olein | Bio Green Wax Ltd', 5333, 23, '2026-02-09 10:11:12'),
(615, '274f527c-30b6-4ac2-a3c0-711834dd0457', '/products/palm-olein', 'Palm Olein | Bio Green Wax Ltd', 5365, 23, '2026-02-09 10:11:44'),
(616, '274f527c-30b6-4ac2-a3c0-711834dd0457', '/products/palm-olein', 'Palm Olein | Bio Green Wax Ltd', 5371, 23, '2026-02-09 10:11:50'),
(617, '274f527c-30b6-4ac2-a3c0-711834dd0457', '/products/palm-olein', 'Palm Olein | Bio Green Wax Ltd', 5963, 23, '2026-02-09 10:21:41'),
(618, '274f527c-30b6-4ac2-a3c0-711834dd0457', '/', 'Premium Edible Oils & Industrial Waxes Supplier | Bio Green Wax Ltd', 0, 0, '2026-02-09 10:21:42'),
(619, '274f527c-30b6-4ac2-a3c0-711834dd0457', '/', 'Premium Edible Oils & Industrial Waxes Supplier | Bio Green Wax Ltd', 77, 11, '2026-02-09 10:22:59'),
(620, '274f527c-30b6-4ac2-a3c0-711834dd0457', '/about', 'About Us | Bio Green Wax Ltd', 0, 0, '2026-02-09 10:22:59'),
(621, '274f527c-30b6-4ac2-a3c0-711834dd0457', '/about', 'About Us | Bio Green Wax Ltd', 36, 100, '2026-02-09 10:23:35'),
(622, '274f527c-30b6-4ac2-a3c0-711834dd0457', '/', 'Premium Edible Oils & Industrial Waxes Supplier | Bio Green Wax Ltd', 0, 0, '2026-02-09 10:23:36'),
(623, '274f527c-30b6-4ac2-a3c0-711834dd0457', '/', 'Premium Edible Oils & Industrial Waxes Supplier | Bio Green Wax Ltd', 23, 8, '2026-02-09 10:23:58'),
(624, '274f527c-30b6-4ac2-a3c0-711834dd0457', '/', 'Premium Edible Oils & Industrial Waxes Supplier | Bio Green Wax Ltd', 30, 9, '2026-02-09 10:24:06'),
(625, '274f527c-30b6-4ac2-a3c0-711834dd0457', '/', 'Premium Edible Oils & Industrial Waxes Supplier | Bio Green Wax Ltd', 84, 9, '2026-02-09 10:24:59'),
(626, '274f527c-30b6-4ac2-a3c0-711834dd0457', '/', 'Premium Edible Oils & Industrial Waxes Supplier | Bio Green Wax Ltd', 122, 9, '2026-02-09 10:25:38'),
(627, '274f527c-30b6-4ac2-a3c0-711834dd0457', '/about', 'About Us | Bio Green Wax Ltd', 0, 0, '2026-02-09 10:25:38'),
(628, '274f527c-30b6-4ac2-a3c0-711834dd0457', '/about', 'About Us | Bio Green Wax Ltd', 51, 52, '2026-02-09 10:26:29'),
(629, '274f527c-30b6-4ac2-a3c0-711834dd0457', '/about', 'About Us | Bio Green Wax Ltd', 11852, 52, '2026-02-09 13:43:10'),
(630, '274f527c-30b6-4ac2-a3c0-711834dd0457', '/about', 'Bio Green Wax Ltd | Premium Edible Oils & Industrial Waxes UK', 0, 0, '2026-02-09 13:43:29'),
(631, '274f527c-30b6-4ac2-a3c0-711834dd0457', '/', 'Bio Green Wax Ltd | Premium Edible Oils & Industrial Waxes UK', 0, 0, '2026-02-09 15:24:27'),
(632, '274f527c-30b6-4ac2-a3c0-711834dd0457', '/', 'Premium Edible Oils & Industrial Waxes Supplier | Bio Green Wax Ltd', 114, 11, '2026-02-09 15:26:20'),
(633, '274f527c-30b6-4ac2-a3c0-711834dd0457', '/about', 'About Us | Bio Green Wax Ltd', 0, 0, '2026-02-09 15:26:20'),
(634, '274f527c-30b6-4ac2-a3c0-711834dd0457', '/about', 'About Us | Bio Green Wax Ltd', 11, 91, '2026-02-09 15:26:31'),
(635, '274f527c-30b6-4ac2-a3c0-711834dd0457', '/about', 'About Us | Bio Green Wax Ltd', 772, 91, '2026-02-09 15:39:13'),
(636, '274f527c-30b6-4ac2-a3c0-711834dd0457', '/about', 'About Us | Bio Green Wax Ltd', 805, 91, '2026-02-09 15:39:46'),
(637, '274f527c-30b6-4ac2-a3c0-711834dd0457', '/about', 'About Us | Bio Green Wax Ltd', 916, 91, '2026-02-09 15:41:36'),
(638, '274f527c-30b6-4ac2-a3c0-711834dd0457', '/about', 'About Us | Bio Green Wax Ltd', 1006, 91, '2026-02-09 15:43:06'),
(639, '274f527c-30b6-4ac2-a3c0-711834dd0457', '/about', 'About Us | Bio Green Wax Ltd', 1161, 91, '2026-02-09 15:45:42'),
(640, '274f527c-30b6-4ac2-a3c0-711834dd0457', '/', 'Bio Green Wax Ltd | Premium Edible Oils & Industrial Waxes UK', 0, 0, '2026-02-09 15:45:52'),
(641, '274f527c-30b6-4ac2-a3c0-711834dd0457', '/', 'Premium Edible Oils & Industrial Waxes Supplier | Bio Green Wax Ltd', 137, 0, '2026-02-09 15:48:09'),
(642, '274f527c-30b6-4ac2-a3c0-711834dd0457', '/about', 'About Us | Bio Green Wax Ltd', 0, 0, '2026-02-09 15:48:09'),
(643, '274f527c-30b6-4ac2-a3c0-711834dd0457', '/', 'Bio Green Wax Ltd | Premium Edible Oils & Industrial Waxes UK', 0, 0, '2026-02-09 16:52:25'),
(644, '274f527c-30b6-4ac2-a3c0-711834dd0457', '/', 'Premium Edible Oils & Industrial Waxes Supplier | Bio Green Wax Ltd', 32, 100, '2026-02-09 16:52:57'),
(645, '274f527c-30b6-4ac2-a3c0-711834dd0457', '/about', 'About Us | Bio Green Wax Ltd', 0, 0, '2026-02-09 16:52:57'),
(646, '274f527c-30b6-4ac2-a3c0-711834dd0457', '/about', 'About Us | Bio Green Wax Ltd', 33, 100, '2026-02-09 16:53:30'),
(647, '274f527c-30b6-4ac2-a3c0-711834dd0457', '/products', 'About Us | Bio Green Wax Ltd', 0, 0, '2026-02-09 16:53:30'),
(648, '274f527c-30b6-4ac2-a3c0-711834dd0457', '/products', 'Our Products - Edible Oils & Industrial Waxes | Bio Green Wax Ltd', 35, 97, '2026-02-09 16:54:06'),
(649, '274f527c-30b6-4ac2-a3c0-711834dd0457', '/sectors/polishes-coatings', 'Our Products - Edible Oils & Industrial Waxes | Bio Green Wax Ltd', 0, 0, '2026-02-09 16:54:06'),
(650, '274f527c-30b6-4ac2-a3c0-711834dd0457', '/sectors/polishes-coatings', 'Polishes & Coatings - Industries We Serve | Bio Green Wax Ltd', 6, 0, '2026-02-09 16:54:12'),
(651, '274f527c-30b6-4ac2-a3c0-711834dd0457', '/news', 'News & Updates | Bio Green Wax Ltd', 0, 0, '2026-02-09 16:54:12'),
(652, '274f527c-30b6-4ac2-a3c0-711834dd0457', '/news', 'News & Updates | Bio Green Wax Ltd', 5, 54, '2026-02-09 16:54:18'),
(653, '274f527c-30b6-4ac2-a3c0-711834dd0457', '/certifications', 'Certifications & Quality Standards | Bio Green Wax Ltd', 0, 0, '2026-02-09 16:54:18'),
(654, '274f527c-30b6-4ac2-a3c0-711834dd0457', '/certifications', 'Certifications & Quality Standards | Bio Green Wax Ltd', 3, 0, '2026-02-09 16:54:21'),
(655, '274f527c-30b6-4ac2-a3c0-711834dd0457', '/careers', 'Careers | Bio Green Wax Ltd', 0, 0, '2026-02-09 16:54:21'),
(656, '274f527c-30b6-4ac2-a3c0-711834dd0457', '/careers', 'Careers | Bio Green Wax Ltd', 15, 99, '2026-02-09 16:54:36'),
(657, '274f527c-30b6-4ac2-a3c0-711834dd0457', '/contact', 'Contact Us | Bio Green Wax Ltd', 0, 0, '2026-02-09 16:54:36'),
(658, '274f527c-30b6-4ac2-a3c0-711834dd0457', '/contact', 'Contact Us | Bio Green Wax Ltd', 6, 78, '2026-02-09 16:54:42'),
(659, '274f527c-30b6-4ac2-a3c0-711834dd0457', '/', 'Premium Edible Oils & Industrial Waxes Supplier | Bio Green Wax Ltd', 0, 0, '2026-02-09 16:54:42'),
(660, '274f527c-30b6-4ac2-a3c0-711834dd0457', '/', 'Premium Edible Oils & Industrial Waxes Supplier | Bio Green Wax Ltd', 57, 0, '2026-02-09 16:55:39'),
(661, '274f527c-30b6-4ac2-a3c0-711834dd0457', '/', 'Premium Edible Oils & Industrial Waxes Supplier | Bio Green Wax Ltd', 290, 7, '2026-02-09 16:59:33'),
(662, '274f527c-30b6-4ac2-a3c0-711834dd0457', '/', 'Premium Edible Oils & Industrial Waxes Supplier | Bio Green Wax Ltd', 291, 7, '2026-02-09 16:59:33'),
(663, '274f527c-30b6-4ac2-a3c0-711834dd0457', '/', 'Bio Green Wax Ltd | Premium Edible Oils & Industrial Waxes UK', 0, 0, '2026-02-09 17:06:46'),
(664, '274f527c-30b6-4ac2-a3c0-711834dd0457', '/', 'Premium Edible Oils & Industrial Waxes Supplier | Bio Green Wax Ltd', 1, 0, '2026-02-09 17:06:47'),
(665, '274f527c-30b6-4ac2-a3c0-711834dd0457', '/about', 'About Us | Bio Green Wax Ltd', 0, 0, '2026-02-09 17:06:47'),
(666, '274f527c-30b6-4ac2-a3c0-711834dd0457', '/about', 'About Us | Bio Green Wax Ltd', 184, 94, '2026-02-09 17:09:51');
INSERT INTO `page_views` (`id`, `session_id`, `page_path`, `page_title`, `time_on_page`, `scroll_depth`, `viewed_at`) VALUES
(667, '274f527c-30b6-4ac2-a3c0-711834dd0457', '/about', 'About Us | Bio Green Wax Ltd', 474, 98, '2026-02-09 17:14:41'),
(668, '274f527c-30b6-4ac2-a3c0-711834dd0457', '/about', 'About Us | Bio Green Wax Ltd', 629, 98, '2026-02-09 17:17:16'),
(669, '274f527c-30b6-4ac2-a3c0-711834dd0457', '/', 'Premium Edible Oils & Industrial Waxes Supplier | Bio Green Wax Ltd', 0, 0, '2026-02-09 17:17:16'),
(670, '274f527c-30b6-4ac2-a3c0-711834dd0457', '/', 'Premium Edible Oils & Industrial Waxes Supplier | Bio Green Wax Ltd', 27, 7, '2026-02-09 17:17:43'),
(671, '274f527c-30b6-4ac2-a3c0-711834dd0457', '/', 'Premium Edible Oils & Industrial Waxes Supplier | Bio Green Wax Ltd', 114, 7, '2026-02-09 17:19:10'),
(672, '274f527c-30b6-4ac2-a3c0-711834dd0457', '/', 'Premium Edible Oils & Industrial Waxes Supplier | Bio Green Wax Ltd', 178, 7, '2026-02-09 17:20:14'),
(673, '274f527c-30b6-4ac2-a3c0-711834dd0457', '/', 'Premium Edible Oils & Industrial Waxes Supplier | Bio Green Wax Ltd', 0, 0, '2026-02-09 17:21:35'),
(674, '274f527c-30b6-4ac2-a3c0-711834dd0457', '/', 'Premium Edible Oils & Industrial Waxes Supplier | Bio Green Wax Ltd', 27, 17, '2026-02-09 17:22:02'),
(675, '274f527c-30b6-4ac2-a3c0-711834dd0457', '/', 'Premium Edible Oils & Industrial Waxes Supplier | Bio Green Wax Ltd', 0, 0, '2026-02-09 17:24:00'),
(676, '274f527c-30b6-4ac2-a3c0-711834dd0457', '/', 'Premium Edible Oils & Industrial Waxes Supplier | Bio Green Wax Ltd', 16, 26, '2026-02-09 17:24:15'),
(677, '274f527c-30b6-4ac2-a3c0-711834dd0457', '/', 'Premium Edible Oils & Industrial Waxes Supplier | Bio Green Wax Ltd', 0, 0, '2026-02-09 17:26:04'),
(678, '274f527c-30b6-4ac2-a3c0-711834dd0457', '/', 'Premium Edible Oils & Industrial Waxes Supplier | Bio Green Wax Ltd', 0, 0, '2026-02-09 17:31:38'),
(679, '274f527c-30b6-4ac2-a3c0-711834dd0457', '/', 'Premium Edible Oils & Industrial Waxes Supplier | Bio Green Wax Ltd', 0, 0, '2026-02-09 17:37:50'),
(680, '274f527c-30b6-4ac2-a3c0-711834dd0457', '/', 'Premium Edible Oils & Industrial Waxes Supplier | Bio Green Wax Ltd', 0, 0, '2026-02-09 17:44:29'),
(681, '274f527c-30b6-4ac2-a3c0-711834dd0457', '/', 'Premium Edible Oils & Industrial Waxes Supplier | Bio Green Wax Ltd', 0, 0, '2026-02-09 17:50:42'),
(682, '274f527c-30b6-4ac2-a3c0-711834dd0457', '/', 'Premium Edible Oils & Industrial Waxes Supplier | Bio Green Wax Ltd', 365, 0, '2026-02-09 17:56:47'),
(683, '274f527c-30b6-4ac2-a3c0-711834dd0457', '/', 'Bio Green Wax Ltd | Premium Edible Oils & Industrial Waxes UK', 0, 0, '2026-02-09 18:07:33'),
(684, '274f527c-30b6-4ac2-a3c0-711834dd0457', '/', 'Premium Edible Oils & Industrial Waxes Supplier | Bio Green Wax Ltd', 6, 0, '2026-02-09 18:07:38'),
(685, '274f527c-30b6-4ac2-a3c0-711834dd0457', '/es/', 'Premium Edible Oils & Industrial Waxes Supplier | Bio Green Wax Ltd', 0, 0, '2026-02-09 18:07:39'),
(686, '274f527c-30b6-4ac2-a3c0-711834dd0457', '/es/', 'Premium Edible Oils & Industrial Waxes Supplier | Bio Green Wax Ltd', 36, 12, '2026-02-09 18:08:15'),
(687, '274f527c-30b6-4ac2-a3c0-711834dd0457', '/en', 'Premium Edible Oils & Industrial Waxes Supplier | Bio Green Wax Ltd', 0, 0, '2026-02-09 18:08:15'),
(688, '274f527c-30b6-4ac2-a3c0-711834dd0457', '/en', 'Premium Edible Oils & Industrial Waxes Supplier | Bio Green Wax Ltd', 16, 9, '2026-02-09 18:08:32'),
(689, '274f527c-30b6-4ac2-a3c0-711834dd0457', '/en', 'Premium Edible Oils & Industrial Waxes Supplier | Bio Green Wax Ltd', 611, 9, '2026-02-09 18:18:27'),
(690, '274f527c-30b6-4ac2-a3c0-711834dd0457', '/', 'Bio Green Wax Ltd | Premium Edible Oils & Industrial Waxes UK', 0, 0, '2026-02-09 18:40:36'),
(691, '274f527c-30b6-4ac2-a3c0-711834dd0457', '/', 'Premium Edible Oils & Industrial Waxes Supplier | Bio Green Wax Ltd', 1373, 0, '2026-02-09 19:03:28'),
(692, '274f527c-30b6-4ac2-a3c0-711834dd0457', '/', 'Premium Edible Oils & Industrial Waxes Supplier | Bio Green Wax Ltd', 1422, 0, '2026-02-09 19:04:16'),
(693, '274f527c-30b6-4ac2-a3c0-711834dd0457', '/', 'Premium Edible Oils & Industrial Waxes Supplier | Bio Green Wax Ltd', 2389, 11, '2026-02-09 19:20:23'),
(694, '274f527c-30b6-4ac2-a3c0-711834dd0457', '/products', 'Our Products - Edible Oils & Industrial Waxes | Bio Green Wax Ltd', 0, 0, '2026-02-09 19:20:24'),
(695, '274f527c-30b6-4ac2-a3c0-711834dd0457', '/products', 'Our Products - Edible Oils & Industrial Waxes | Bio Green Wax Ltd', 127, 100, '2026-02-09 19:22:31'),
(696, '274f527c-30b6-4ac2-a3c0-711834dd0457', '/', 'Bio Green Wax Ltd | Premium Edible Oils & Industrial Waxes UK', 0, 0, '2026-02-10 02:17:54'),
(697, '274f527c-30b6-4ac2-a3c0-711834dd0457', '/', 'Bio Green Wax Ltd | Premium Edible Oils & Industrial Waxes UK', 6630, 0, '2026-02-10 04:08:20'),
(698, '274f527c-30b6-4ac2-a3c0-711834dd0457', '/', 'Bio Green Wax Ltd | Premium Edible Oils & Industrial Waxes UK', 0, 0, '2026-02-10 04:08:41'),
(699, '274f527c-30b6-4ac2-a3c0-711834dd0457', '/', 'Bio Green Wax Ltd | Premium Edible Oils & Industrial Waxes UK', 412, 0, '2026-02-10 04:15:33'),
(700, '274f527c-30b6-4ac2-a3c0-711834dd0457', '/', 'Bio Green Wax Ltd | Premium Edible Oils & Industrial Waxes UK', 0, 0, '2026-02-10 04:16:06'),
(701, '274f527c-30b6-4ac2-a3c0-711834dd0457', '/', 'Bio Green Wax Ltd | Premium Edible Oils & Industrial Waxes UK', 1475, 0, '2026-02-10 04:40:40'),
(702, '274f527c-30b6-4ac2-a3c0-711834dd0457', '/', 'Bio Green Wax Ltd | Premium Edible Oils & Industrial Waxes UK', 0, 0, '2026-02-10 04:40:59'),
(703, '274f527c-30b6-4ac2-a3c0-711834dd0457', '/', 'Premium Edible Oils & Industrial Waxes Supplier | Bio Green Wax Ltd', 5403, 0, '2026-02-10 06:11:02'),
(704, '274f527c-30b6-4ac2-a3c0-711834dd0457', '/', 'Premium Edible Oils & Industrial Waxes Supplier | Bio Green Wax Ltd', 5415, 0, '2026-02-10 06:11:13'),
(705, '274f527c-30b6-4ac2-a3c0-711834dd0457', '/', 'Premium Edible Oils & Industrial Waxes Supplier | Bio Green Wax Ltd', 5444, 0, '2026-02-10 06:11:42'),
(706, '274f527c-30b6-4ac2-a3c0-711834dd0457', '/', 'Premium Edible Oils & Industrial Waxes Supplier | Bio Green Wax Ltd', 5621, 0, '2026-02-10 06:14:40'),
(707, '274f527c-30b6-4ac2-a3c0-711834dd0457', '/', 'Premium Edible Oils & Industrial Waxes Supplier | Bio Green Wax Ltd', 5688, 0, '2026-02-10 06:15:46'),
(708, '274f527c-30b6-4ac2-a3c0-711834dd0457', '/', 'Premium Edible Oils & Industrial Waxes Supplier | Bio Green Wax Ltd', 5688, 0, '2026-02-10 06:15:47'),
(709, '2751e2d3-31cf-4709-805d-c5778ad0f325', '/de', 'Premium Edible Oils & Industrial Waxes Supplier | Bio Green Wax Ltd', 2, 0, '2026-02-09 01:37:19'),
(710, '2751e2d3-31cf-4709-805d-c5778ad0f325', '/de', 'Bio Green Wax Ltd | Premium Edible Oils & Industrial Waxes UK', 0, 0, '2026-02-09 01:37:17'),
(711, '29153502-1d7e-4cc7-a996-73a67c956f2d', '/%23sectors', 'Bio Green Wax Ltd | Premium Edible Oils & Industrial Waxes UK', 0, 0, '2026-02-09 02:53:45'),
(712, '29153502-1d7e-4cc7-a996-73a67c956f2d', '/%23sectors', 'Page Not Found | Bio Green Wax Ltd', 1, 0, '2026-02-09 02:53:46'),
(713, '29ab6f2a-dea0-4048-b4fb-3d2da65b0e3c', '/products%3Fcategory=oleochemicals', 'Bio Green Wax Ltd | Premium Edible Oils & Industrial Waxes UK', 0, 0, '2026-02-09 04:40:56'),
(714, '29ab6f2a-dea0-4048-b4fb-3d2da65b0e3c', '/products%3Fcategory=oleochemicals', 'Premium Edible Oils & Industrial Waxes Supplier | Bio Green Wax Ltd', 2, 0, '2026-02-09 04:40:58'),
(715, '31d2c943-6e0f-492b-830e-5d3190c111c0', '/', 'Bio Green Wax Ltd | Premium Edible Oils & Industrial Waxes UK', 0, 0, '2026-02-09 02:54:57'),
(716, '31d2c943-6e0f-492b-830e-5d3190c111c0', '/', 'Premium Edible Oils & Industrial Waxes Supplier | Bio Green Wax Ltd', 2, 0, '2026-02-09 02:54:59'),
(717, '385903fc-9d36-43af-a7c1-b8edc812af9b', '/', 'Bio Green Wax Ltd | Premium Edible Oils & Industrial Waxes UK', 0, 0, '2026-02-09 02:26:08'),
(718, '385903fc-9d36-43af-a7c1-b8edc812af9b', '/', 'Premium Edible Oils & Industrial Waxes Supplier | Bio Green Wax Ltd', 2, 0, '2026-02-09 02:26:10'),
(719, '3ce29de7-57bf-4bac-911d-c83557a4bad9', '/about', 'Bio Green Wax Ltd | Premium Edible Oils & Industrial Waxes UK', 0, 0, '2026-02-09 17:08:41'),
(720, '3ce29de7-57bf-4bac-911d-c83557a4bad9', '/about', 'About Us | Bio Green Wax Ltd', 2, 0, '2026-02-09 17:08:42'),
(721, '3ee58733-4428-4ee4-841f-a040d9cf1f93', '/', 'Bio Green Wax Ltd | Premium Edible Oils & Industrial Waxes UK', 0, 0, '2026-02-11 09:12:57'),
(722, '3ee58733-4428-4ee4-841f-a040d9cf1f93', '/', 'Premium Edible Oils & Industrial Waxes Supplier | Bio Green Wax Ltd', 2, 0, '2026-02-11 09:12:59'),
(723, '40b991e8-25cc-4e74-9cc1-b063bb313bf1', '/contact', 'Contact Us | Bio Green Wax Ltd', 2, 0, '2026-02-10 14:31:24'),
(724, '40b991e8-25cc-4e74-9cc1-b063bb313bf1', '/contact', 'Bio Green Wax Ltd | Premium Edible Oils & Industrial Waxes UK', 0, 0, '2026-02-10 14:31:22'),
(725, '41db5ccf-dcff-4616-a008-71f04f9a22c6', '/contact', 'Bio Green Wax Ltd | Premium Edible Oils & Industrial Waxes UK', 0, 0, '2026-02-10 14:28:44'),
(726, '41db5ccf-dcff-4616-a008-71f04f9a22c6', '/contact', 'Contact Us | Bio Green Wax Ltd', 2, 0, '2026-02-10 14:28:46'),
(727, '43ddf0bc-4b07-41c0-879b-6c967e525786', '/', 'Bio Green Wax Ltd | Premium Edible Oils & Industrial Waxes UK', 0, 0, '2026-02-05 21:41:01'),
(728, '43ddf0bc-4b07-41c0-879b-6c967e525786', '/', 'Premium Edible Oils & Industrial Waxes Supplier | Bio Green Wax Ltd', 2, 0, '2026-02-05 21:41:03'),
(729, '44f36b28-10ec-4631-9690-34795115fe9a', '/zh/about', 'Bio Green Wax Ltd | Premium Edible Oils & Industrial Waxes UK', 0, 0, '2026-02-09 01:37:07'),
(730, '44f36b28-10ec-4631-9690-34795115fe9a', '/zh/about', '关于我们 | Bio Green Wax Ltd', 2, 0, '2026-02-09 01:37:09'),
(731, '4693321a-410a-4b0f-b9ad-940cbf124277', '/', 'Bio Green Wax Ltd | Premium Edible Oils & Industrial Waxes UK', 0, 0, '2026-02-06 03:06:12'),
(732, '4693321a-410a-4b0f-b9ad-940cbf124277', '/', 'Premium Edible Oils & Industrial Waxes Supplier | Bio Green Wax Ltd', 9, 0, '2026-02-06 02:56:57'),
(733, '4693321a-410a-4b0f-b9ad-940cbf124277', '/', 'Bio Green Wax Ltd | Premium Edible Oils & Industrial Waxes UK', 0, 0, '2026-02-05 21:36:30'),
(734, '4693321a-410a-4b0f-b9ad-940cbf124277', '/', 'Premium Edible Oils & Industrial Waxes Supplier | Bio Green Wax Ltd', 9, 0, '2026-02-05 21:36:38'),
(735, '4693321a-410a-4b0f-b9ad-940cbf124277', '/', 'Premium Edible Oils & Industrial Waxes Supplier | Bio Green Wax Ltd', 9, 0, '2026-02-05 21:36:38'),
(736, '4693321a-410a-4b0f-b9ad-940cbf124277', '/', 'Bio Green Wax Ltd | Premium Edible Oils & Industrial Waxes UK', 0, 0, '2026-02-05 21:41:10'),
(737, '4693321a-410a-4b0f-b9ad-940cbf124277', '/', 'Premium Edible Oils & Industrial Waxes Supplier | Bio Green Wax Ltd', 10, 0, '2026-02-05 21:41:20'),
(738, '4693321a-410a-4b0f-b9ad-940cbf124277', '/', 'Bio Green Wax Ltd | Premium Edible Oils & Industrial Waxes UK', 0, 0, '2026-02-05 21:41:28'),
(739, '4693321a-410a-4b0f-b9ad-940cbf124277', '/', 'Premium Edible Oils & Industrial Waxes Supplier | Bio Green Wax Ltd', 6, 0, '2026-02-05 21:41:34'),
(740, '4693321a-410a-4b0f-b9ad-940cbf124277', '/', 'Premium Edible Oils & Industrial Waxes Supplier | Bio Green Wax Ltd', 7, 0, '2026-02-05 21:41:34'),
(741, '4693321a-410a-4b0f-b9ad-940cbf124277', '/', 'Bio Green Wax Ltd | Premium Edible Oils & Industrial Waxes UK', 0, 0, '2026-02-05 21:44:42'),
(742, '4693321a-410a-4b0f-b9ad-940cbf124277', '/', 'Premium Edible Oils & Industrial Waxes Supplier | Bio Green Wax Ltd', 8, 0, '2026-02-05 21:44:50'),
(743, '4693321a-410a-4b0f-b9ad-940cbf124277', '/', 'Premium Edible Oils & Industrial Waxes Supplier | Bio Green Wax Ltd', 8, 0, '2026-02-05 21:44:50'),
(744, '4693321a-410a-4b0f-b9ad-940cbf124277', '/', 'Bio Green Wax Ltd | Premium Edible Oils & Industrial Waxes UK', 0, 0, '2026-02-05 22:08:43'),
(745, '4693321a-410a-4b0f-b9ad-940cbf124277', '/', 'Premium Edible Oils & Industrial Waxes Supplier | Bio Green Wax Ltd', 7937, 0, '2026-02-06 00:21:01'),
(746, '4693321a-410a-4b0f-b9ad-940cbf124277', '/', 'Bio Green Wax Ltd | Premium Edible Oils & Industrial Waxes UK', 0, 0, '2026-02-06 00:21:12'),
(747, '4693321a-410a-4b0f-b9ad-940cbf124277', '/', 'Premium Edible Oils & Industrial Waxes Supplier | Bio Green Wax Ltd', 107, 0, '2026-02-06 00:22:58'),
(748, '4693321a-410a-4b0f-b9ad-940cbf124277', '/', 'Premium Edible Oils & Industrial Waxes Supplier | Bio Green Wax Ltd', 107, 0, '2026-02-06 00:22:59'),
(749, '4693321a-410a-4b0f-b9ad-940cbf124277', '/', 'Bio Green Wax Ltd | Premium Edible Oils & Industrial Waxes UK', 0, 0, '2026-02-06 00:23:05'),
(750, '4693321a-410a-4b0f-b9ad-940cbf124277', '/', 'Premium Edible Oils & Industrial Waxes Supplier | Bio Green Wax Ltd', 6811, 0, '2026-02-06 02:16:36'),
(751, '4693321a-410a-4b0f-b9ad-940cbf124277', '/', 'Premium Edible Oils & Industrial Waxes Supplier | Bio Green Wax Ltd', 6812, 0, '2026-02-06 02:16:37'),
(752, '4693321a-410a-4b0f-b9ad-940cbf124277', '/', 'Bio Green Wax Ltd | Premium Edible Oils & Industrial Waxes UK', 0, 0, '2026-02-06 02:17:02'),
(753, '4693321a-410a-4b0f-b9ad-940cbf124277', '/', 'Premium Edible Oils & Industrial Waxes Supplier | Bio Green Wax Ltd', 24, 0, '2026-02-06 02:17:27'),
(754, '4693321a-410a-4b0f-b9ad-940cbf124277', '/', 'Premium Edible Oils & Industrial Waxes Supplier | Bio Green Wax Ltd', 25, 0, '2026-02-06 02:17:27'),
(755, '4693321a-410a-4b0f-b9ad-940cbf124277', '/', 'Bio Green Wax Ltd | Premium Edible Oils & Industrial Waxes UK', 0, 0, '2026-02-06 02:24:19'),
(756, '4693321a-410a-4b0f-b9ad-940cbf124277', '/', 'Premium Edible Oils & Industrial Waxes Supplier | Bio Green Wax Ltd', 147, 17, '2026-02-06 02:51:28'),
(757, '4693321a-410a-4b0f-b9ad-940cbf124277', '/', 'Premium Edible Oils & Industrial Waxes Supplier | Bio Green Wax Ltd', 117, 0, '2026-02-06 02:51:29'),
(758, '4693321a-410a-4b0f-b9ad-940cbf124277', '/', 'Premium Edible Oils & Industrial Waxes Supplier | Bio Green Wax Ltd', 124, 17, '2026-02-06 02:51:29'),
(759, '4693321a-410a-4b0f-b9ad-940cbf124277', '/', 'Premium Edible Oils & Industrial Waxes Supplier | Bio Green Wax Ltd', 85, 0, '2026-02-06 02:51:29'),
(760, '4693321a-410a-4b0f-b9ad-940cbf124277', '/', 'Premium Edible Oils & Industrial Waxes Supplier | Bio Green Wax Ltd', 141, 17, '2026-02-06 02:51:29'),
(761, '4693321a-410a-4b0f-b9ad-940cbf124277', '/', 'Premium Edible Oils & Industrial Waxes Supplier | Bio Green Wax Ltd', 142, 17, '2026-02-06 02:51:29'),
(762, '4693321a-410a-4b0f-b9ad-940cbf124277', '/', 'Premium Edible Oils & Industrial Waxes Supplier | Bio Green Wax Ltd', 142, 17, '2026-02-06 02:51:30'),
(763, '4693321a-410a-4b0f-b9ad-940cbf124277', '/', 'Premium Edible Oils & Industrial Waxes Supplier | Bio Green Wax Ltd', 142, 17, '2026-02-06 02:51:30'),
(764, '4693321a-410a-4b0f-b9ad-940cbf124277', '/', 'Premium Edible Oils & Industrial Waxes Supplier | Bio Green Wax Ltd', 143, 17, '2026-02-06 02:51:30'),
(765, '4693321a-410a-4b0f-b9ad-940cbf124277', '/', 'Premium Edible Oils & Industrial Waxes Supplier | Bio Green Wax Ltd', 143, 17, '2026-02-06 02:51:30'),
(766, '4693321a-410a-4b0f-b9ad-940cbf124277', '/', 'Premium Edible Oils & Industrial Waxes Supplier | Bio Green Wax Ltd', 143, 17, '2026-02-06 02:51:30'),
(767, '4693321a-410a-4b0f-b9ad-940cbf124277', '/sectors/food', 'Premium Edible Oils & Industrial Waxes Supplier | Bio Green Wax Ltd', 0, 0, '2026-02-06 02:51:30'),
(768, '4693321a-410a-4b0f-b9ad-940cbf124277', '/', 'Bio Green Wax Ltd | Premium Edible Oils & Industrial Waxes UK', 0, 0, '2026-02-06 02:56:49'),
(769, '4693321a-410a-4b0f-b9ad-940cbf124277', '/', 'Premium Edible Oils & Industrial Waxes Supplier | Bio Green Wax Ltd', 8, 0, '2026-02-06 02:56:57'),
(770, '4693321a-410a-4b0f-b9ad-940cbf124277', '/', 'Premium Edible Oils & Industrial Waxes Supplier | Bio Green Wax Ltd', 342, 0, '2026-02-06 03:13:06'),
(771, '4693321a-410a-4b0f-b9ad-940cbf124277', '/', 'Premium Edible Oils & Industrial Waxes Supplier | Bio Green Wax Ltd', 341, 0, '2026-02-06 03:13:06'),
(772, '4693321a-410a-4b0f-b9ad-940cbf124277', '/', 'Bio Green Wax Ltd | Premium Edible Oils & Industrial Waxes UK', 0, 0, '2026-02-06 03:07:21'),
(773, '4693321a-410a-4b0f-b9ad-940cbf124277', '/', 'Premium Edible Oils & Industrial Waxes Supplier | Bio Green Wax Ltd', 73, 0, '2026-02-06 03:07:15'),
(774, '4693321a-410a-4b0f-b9ad-940cbf124277', '/', 'Premium Edible Oils & Industrial Waxes Supplier | Bio Green Wax Ltd', 73, 0, '2026-02-06 03:07:15'),
(775, '4f851f7d-aad8-4630-80b3-b64a1f463718', '/ko/products', 'Bio Green Wax Ltd | Premium Edible Oils & Industrial Waxes UK', 0, 0, '2026-02-09 02:18:18'),
(776, '4f851f7d-aad8-4630-80b3-b64a1f463718', '/ko/products', 'Our Products - Edible Oils & Industrial Waxes | Bio Green Wax Ltd', 2, 0, '2026-02-09 02:18:19'),
(777, '53cb8af2-ede9-46b3-9e5f-f93b6ccc872e', '/', 'Bio Green Wax Ltd | Premium Edible Oils & Industrial Waxes UK', 0, 0, '2026-02-09 16:46:36'),
(778, '53cb8af2-ede9-46b3-9e5f-f93b6ccc872e', '/', 'Premium Edible Oils & Industrial Waxes Supplier | Bio Green Wax Ltd', 2, 0, '2026-02-09 16:46:37'),
(779, '58d1caa1-0b81-4134-8e16-fbd72b151b70', '/', 'Bio Green Wax Ltd | Premium Edible Oils & Industrial Waxes UK', 0, 0, '2026-02-09 02:12:08'),
(780, '58d1caa1-0b81-4134-8e16-fbd72b151b70', '/', 'Premium Edible Oils & Industrial Waxes Supplier | Bio Green Wax Ltd', 2, 0, '2026-02-09 02:12:10'),
(781, '5c4f335c-d1fe-402d-9315-4f184b16f08f', '/de/about', 'Über uns | Bio Green Wax Ltd', 2, 0, '2026-02-09 01:40:03'),
(782, '5c4f335c-d1fe-402d-9315-4f184b16f08f', '/de/about', 'Bio Green Wax Ltd | Premium Edible Oils & Industrial Waxes UK', 0, 0, '2026-02-09 01:40:01'),
(783, '6777fe1d-e788-4439-9d3c-bb3021486a07', '/products/olive-oil', 'Bio Green Wax Ltd | Premium Edible Oils & Industrial Waxes UK', 0, 0, '2026-02-10 09:56:51'),
(784, '68ee49c9-1ede-493c-8779-e2cab59e119f', '/ko', 'Bio Green Wax Ltd | Premium Edible Oils & Industrial Waxes UK', 0, 0, '2026-02-09 01:57:30'),
(785, '68ee49c9-1ede-493c-8779-e2cab59e119f', '/ko', 'Premium Edible Oils & Industrial Waxes Supplier | Bio Green Wax Ltd', 2, 0, '2026-02-09 01:57:31'),
(786, '6a3dd21e-c04e-4da8-9c15-16491afd8f48', '/', 'Bio Green Wax Ltd | Premium Edible Oils & Industrial Waxes UK', 0, 0, '2026-02-10 10:04:21'),
(787, '6a3dd21e-c04e-4da8-9c15-16491afd8f48', '/', 'Premium Edible Oils & Industrial Waxes Supplier | Bio Green Wax Ltd', 3, 0, '2026-02-10 10:04:24'),
(788, '6c52a283-a9d5-4b11-9711-48ea144ee2b8', '/contact', 'Bio Green Wax Ltd | Premium Edible Oils & Industrial Waxes UK', 0, 0, '2026-02-11 18:15:42'),
(789, '6c52a283-a9d5-4b11-9711-48ea144ee2b8', '/contact', 'Contact Bio Green Wax Ltd | Request Quotes & Samples | Bio Green Wax Ltd', 2, 0, '2026-02-11 18:15:44'),
(790, '6d813eac-75ec-45a2-b8ef-ff133a189a98', '/it/about', 'About Us | Bio Green Wax Ltd', 2, 0, '2026-02-09 01:41:36'),
(791, '6d813eac-75ec-45a2-b8ef-ff133a189a98', '/it/about', 'Bio Green Wax Ltd | Premium Edible Oils & Industrial Waxes UK', 0, 0, '2026-02-09 01:41:34'),
(792, '6e2a2bdb-7fc1-4b37-b837-19aea87506cc', '/', 'Bio Green Wax Ltd | Premium Edible Oils & Industrial Waxes UK', 0, 0, '2026-02-11 18:28:03'),
(793, '6e597bca-34eb-462b-97f6-79a055d2aab6', '/', 'Bio Green Wax Ltd | Premium Edible Oils & Industrial Waxes UK', 0, 0, '2026-02-11 17:17:41'),
(794, '6e597bca-34eb-462b-97f6-79a055d2aab6', '/', 'Bio Green Wax | Natural Oils & Waxes Supplier UK | Bio Green Wax Ltd', 2, 0, '2026-02-11 17:17:42'),
(795, '7185ea24-e600-41ac-b196-17fa16602bb6', '/contact', 'Contact Bio Green Wax Ltd | Request Quotes & Samples | Bio Green Wax Ltd', 2, 0, '2026-02-11 18:13:18'),
(796, '7185ea24-e600-41ac-b196-17fa16602bb6', '/contact', 'Bio Green Wax Ltd | Premium Edible Oils & Industrial Waxes UK', 0, 0, '2026-02-11 18:13:17'),
(797, '72c65921-0e68-4265-80e5-3a08475c0c49', '/', 'Bio Green Wax Ltd | Premium Edible Oils & Industrial Waxes UK', 0, 0, '2026-02-10 08:51:25'),
(798, '72c65921-0e68-4265-80e5-3a08475c0c49', '/', 'Premium Edible Oils & Industrial Waxes Supplier | Bio Green Wax Ltd', 2, 0, '2026-02-10 08:51:27'),
(799, '76ea0d15-2c78-4631-aa06-48c81f43f052', '/', 'Bio Green Wax Ltd | Premium Edible Oils & Industrial Waxes UK', 0, 0, '2026-02-06 02:56:47'),
(800, '7abb6062-14bf-416c-bd11-dcbf17eb7992', '/about', 'About Us | Bio Green Wax Ltd', 2, 0, '2026-02-09 15:45:11'),
(801, '7abb6062-14bf-416c-bd11-dcbf17eb7992', '/about', 'Bio Green Wax Ltd | Premium Edible Oils & Industrial Waxes UK', 0, 0, '2026-02-09 15:45:09'),
(802, '7bbda712-6cb1-459c-8852-0279f46e3501', '/', 'Bio Green Wax Ltd | Premium Edible Oils & Industrial Waxes UK', 0, 0, '2026-02-09 01:50:43'),
(803, '7bbda712-6cb1-459c-8852-0279f46e3501', '/', 'Premium Edible Oils & Industrial Waxes Supplier | Bio Green Wax Ltd', 2, 0, '2026-02-09 01:50:45'),
(804, '80966c48-2a69-4f23-843d-2000b595b022', '/contact', 'Bio Green Wax Ltd | Premium Edible Oils & Industrial Waxes UK', 0, 0, '2026-02-10 14:29:46'),
(805, '80966c48-2a69-4f23-843d-2000b595b022', '/contact', 'Contact Us | Bio Green Wax Ltd', 2, 0, '2026-02-10 14:29:47'),
(806, '81a9334d-69a0-4f32-9479-e871d584b179', '/products/olive-oil', 'Bio Green Wax Ltd | Premium Edible Oils & Industrial Waxes UK', 0, 0, '2026-02-10 09:55:37'),
(807, '825130be-f7e1-4363-b306-23500f7a4a46', '/', 'Bio Green Wax Ltd | Premium Edible Oils & Industrial Waxes UK', 0, 0, '2026-02-11 18:27:56'),
(808, '825130be-f7e1-4363-b306-23500f7a4a46', '/', 'Bio Green Wax Ltd for Edible Oils, fats & Industrial Waxes | Bio Green Wax Ltd', 2, 0, '2026-02-11 18:27:58'),
(809, '84fa2362-05f3-4b47-a044-d561a9933a9b', '/ko/products', 'Our Products - Edible Oils & Industrial Waxes | Bio Green Wax Ltd', 2, 0, '2026-02-09 01:58:06'),
(810, '84fa2362-05f3-4b47-a044-d561a9933a9b', '/ko/products', 'Bio Green Wax Ltd | Premium Edible Oils & Industrial Waxes UK', 0, 0, '2026-02-09 01:58:04'),
(811, '8797cd17-c7ed-4ec1-8395-710830182c0a', '/', 'Bio Green Wax Ltd | Premium Edible Oils & Industrial Waxes UK', 0, 0, '2026-02-08 16:39:37'),
(812, '8b504263-a751-4045-be19-1c41dd1f3dbc', '/ko/products', 'Bio Green Wax Ltd | Premium Edible Oils & Industrial Waxes UK', 0, 0, '2026-02-09 02:03:28'),
(813, '8b504263-a751-4045-be19-1c41dd1f3dbc', '/ko/products', 'Our Products - Edible Oils & Industrial Waxes | Bio Green Wax Ltd', 2, 0, '2026-02-09 02:03:30'),
(814, '8dc5ed8d-d5cb-4368-bb8f-cd5c513dea70', '/ko/about', '회사 소개 | Bio Green Wax Ltd', 3, 0, '2026-02-09 01:52:35'),
(815, '8dc5ed8d-d5cb-4368-bb8f-cd5c513dea70', '/ko/about', 'Bio Green Wax Ltd | Premium Edible Oils & Industrial Waxes UK', 0, 0, '2026-02-09 01:52:32'),
(816, '962b4e30-6356-48b7-80fe-9d452b346e11', '/contact', 'Contact Us | Bio Green Wax Ltd', 2, 0, '2026-02-09 18:05:07'),
(817, '962b4e30-6356-48b7-80fe-9d452b346e11', '/contact', 'Bio Green Wax Ltd | Premium Edible Oils & Industrial Waxes UK', 0, 0, '2026-02-09 18:05:05'),
(818, '97a53251-2677-46be-8911-46be8d2443c6', '/contact', 'Bio Green Wax Ltd | Premium Edible Oils & Industrial Waxes UK', 0, 0, '2026-02-10 14:26:11'),
(819, '97a53251-2677-46be-8911-46be8d2443c6', '/contact', 'Contact Us | Bio Green Wax Ltd', 2, 0, '2026-02-10 14:26:13'),
(820, '984cd6d8-a2a2-4d8a-a86a-d8c68ae91c23', '/products', 'Our Products - Edible Oils & Industrial Waxes | Bio Green Wax Ltd', 2, 0, '2026-02-09 17:56:08'),
(821, '984cd6d8-a2a2-4d8a-a86a-d8c68ae91c23', '/products', 'Bio Green Wax Ltd | Premium Edible Oils & Industrial Waxes UK', 0, 0, '2026-02-09 17:56:06'),
(822, '994df74a-55db-45da-816c-aea40d61d42d', '/', 'Premium Edible Oils & Industrial Waxes Supplier | Bio Green Wax Ltd', 2, 0, '2026-02-05 21:06:03'),
(823, '994df74a-55db-45da-816c-aea40d61d42d', '/', 'Bio Green Wax Ltd | Premium Edible Oils & Industrial Waxes UK', 0, 0, '2026-02-05 21:06:01'),
(824, '99c52c5f-22a2-41c8-9f13-07539d07ee88', '/products', 'Our Products - Edible Oils & Industrial Waxes | Bio Green Wax Ltd', 2, 0, '2026-02-10 09:55:31'),
(825, '99c52c5f-22a2-41c8-9f13-07539d07ee88', '/products', 'Bio Green Wax Ltd | Premium Edible Oils & Industrial Waxes UK', 0, 0, '2026-02-10 09:55:29'),
(826, '9ce997fd-612c-4e51-8502-6433eb77719e', '/contact', 'Contact Bio Green Wax Ltd | Request Quotes & Samples | Bio Green Wax Ltd', 2, 0, '2026-02-11 18:10:11'),
(827, '9ce997fd-612c-4e51-8502-6433eb77719e', '/contact', 'Bio Green Wax Ltd | Premium Edible Oils & Industrial Waxes UK', 0, 0, '2026-02-11 18:10:10'),
(828, '9e7fc91c-e57d-4ee4-ad07-261ef7c7bbef', '/ko/products', 'Bio Green Wax Ltd | Premium Edible Oils & Industrial Waxes UK', 0, 0, '2026-02-09 02:12:16'),
(829, '9e7fc91c-e57d-4ee4-ad07-261ef7c7bbef', '/ko/products', 'Our Products - Edible Oils & Industrial Waxes | Bio Green Wax Ltd', 2, 0, '2026-02-09 02:12:18'),
(830, '9f0f9f34-4409-4211-89f2-edc73c95eb20', '/de/careers', 'Careers | Bio Green Wax Ltd', 2, 0, '2026-02-09 01:37:12'),
(831, '9f0f9f34-4409-4211-89f2-edc73c95eb20', '/de/careers', 'Bio Green Wax Ltd | Premium Edible Oils & Industrial Waxes UK', 0, 0, '2026-02-09 01:37:10'),
(832, 'a120d7dd-5b8c-4b6c-bc5d-32265eb50aa5', '/ko', 'Bio Green Wax Ltd | Premium Edible Oils & Industrial Waxes UK', 0, 0, '2026-02-09 01:55:39'),
(833, 'a120d7dd-5b8c-4b6c-bc5d-32265eb50aa5', '/ko', 'Premium Edible Oils & Industrial Waxes Supplier | Bio Green Wax Ltd', 3, 0, '2026-02-09 01:55:42'),
(834, 'a144b9a3-b30d-4544-adac-7850db8831e7', '/', 'Bio Green Wax Ltd | Premium Edible Oils & Industrial Waxes UK', 0, 0, '2026-02-05 21:04:57'),
(835, 'a144b9a3-b30d-4544-adac-7850db8831e7', '/', 'Premium Edible Oils & Industrial Waxes Supplier | Bio Green Wax Ltd', 2, 0, '2026-02-05 21:04:59'),
(836, 'a9a63c4e-d33a-4a5a-b032-70860ae38c7e', '/products/olive-oil', 'Bio Green Wax Ltd | Premium Edible Oils & Industrial Waxes UK', 0, 0, '2026-02-10 09:55:00'),
(837, 'b03db21b-c26f-47b3-a0cd-ba75c73fdad8', '/', 'Bio Green Wax Ltd for Edible Oils, fats & Industrial Waxes | Bio Green Wax Ltd', 2, 0, '2026-02-11 18:27:05'),
(838, 'b03db21b-c26f-47b3-a0cd-ba75c73fdad8', '/', 'Bio Green Wax Ltd | Premium Edible Oils & Industrial Waxes UK', 0, 0, '2026-02-11 18:27:03'),
(839, 'b481bb91-8a3b-48f1-b833-1d6e7044f04d', '/', 'Premium Edible Oils & Industrial Waxes Supplier | Bio Green Wax Ltd', 2, 0, '2026-02-09 17:55:52'),
(840, 'b481bb91-8a3b-48f1-b833-1d6e7044f04d', '/', 'Bio Green Wax Ltd | Premium Edible Oils & Industrial Waxes UK', 0, 0, '2026-02-09 17:55:50'),
(841, 'b6b2f61b-dc2f-4c6b-b38d-5a7916ec370b', '/ko/about', '회사 소개 | Bio Green Wax Ltd', 2, 0, '2026-02-09 01:51:13'),
(842, 'b6b2f61b-dc2f-4c6b-b38d-5a7916ec370b', '/ko/about', 'Bio Green Wax Ltd | Premium Edible Oils & Industrial Waxes UK', 0, 0, '2026-02-09 01:51:11'),
(843, 'b935ffca-a8a9-4feb-8e2c-9d6ecefde4a3', '/products', 'Bio Green Wax Ltd | Premium Edible Oils & Industrial Waxes UK', 0, 0, '2026-02-11 18:29:17'),
(844, 'b935ffca-a8a9-4feb-8e2c-9d6ecefde4a3', '/products', 'Products | Edible Oils, Candle Waxes, Industrial Waxes & Oleochemicals | Bio Green Wax Ltd', 3, 0, '2026-02-11 18:29:19'),
(845, 'bbae5132-1ccb-474c-9c1c-c04e174cb992', '/', 'Premium Edible Oils & Industrial Waxes Supplier | Bio Green Wax Ltd', 2, 0, '2026-02-11 03:47:38'),
(846, 'bbae5132-1ccb-474c-9c1c-c04e174cb992', '/', 'Bio Green Wax Ltd | Premium Edible Oils & Industrial Waxes UK', 0, 0, '2026-02-11 03:47:36'),
(847, 'be77428f-75be-4162-8fac-9034e0133c83', '/ko/products', 'Our Products - Edible Oils & Industrial Waxes | Bio Green Wax Ltd', 2, 0, '2026-02-09 02:02:35'),
(848, 'be77428f-75be-4162-8fac-9034e0133c83', '/ko/products', 'Bio Green Wax Ltd | Premium Edible Oils & Industrial Waxes UK', 0, 0, '2026-02-09 02:02:33'),
(849, 'c36f72bb-0c67-4588-a244-f322c09aa93c', '/', 'Bio Green Wax Ltd | Premium Edible Oils & Industrial Waxes UK', 0, 0, '2026-02-09 02:50:52'),
(850, 'c36f72bb-0c67-4588-a244-f322c09aa93c', '/', 'Premium Edible Oils & Industrial Waxes Supplier | Bio Green Wax Ltd', 2, 0, '2026-02-09 02:50:54'),
(851, 'c493f5b1-ec42-4f7c-bd46-6d327a202da3', '/', 'Premium Edible Oils & Industrial Waxes Supplier | Bio Green Wax Ltd', 2, 0, '2026-02-05 21:07:29'),
(852, 'c493f5b1-ec42-4f7c-bd46-6d327a202da3', '/', 'Bio Green Wax Ltd | Premium Edible Oils & Industrial Waxes UK', 0, 0, '2026-02-05 21:07:28'),
(853, 'd3664ef7-7f7e-4260-9c9a-1590aefc2e75', '/products/glycerine', 'Glycerine (Glycerol) | Bio Green Wax Ltd', 2, 0, '2026-02-09 04:41:06'),
(854, 'd3664ef7-7f7e-4260-9c9a-1590aefc2e75', '/products/glycerine', 'Bio Green Wax Ltd | Premium Edible Oils & Industrial Waxes UK', 0, 0, '2026-02-09 04:41:05'),
(855, 'd3c5b168-9f92-48f9-81bd-e9586f6f760d', '/products/olive-oil', 'Bio Green Wax Ltd | Premium Edible Oils & Industrial Waxes UK', 0, 0, '2026-02-10 10:07:16'),
(856, 'd3c5b168-9f92-48f9-81bd-e9586f6f760d', '/products/olive-oil', 'Olive Oil | Bio Green Wax Ltd', 2, 0, '2026-02-10 10:07:18'),
(857, 'd3d0d140-5e82-480c-b3f6-509314072e7b', '/about', 'Bio Green Wax Ltd | Premium Edible Oils & Industrial Waxes UK', 0, 0, '2026-02-09 17:56:03'),
(858, 'd933cb9e-2e16-42ba-b46f-f55fbda39e53', '/products', 'Bio Green Wax Ltd | Premium Edible Oils & Industrial Waxes UK', 0, 0, '2026-02-09 04:40:41'),
(859, 'd933cb9e-2e16-42ba-b46f-f55fbda39e53', '/products', 'Our Products - Edible Oils & Industrial Waxes | Bio Green Wax Ltd', 2, 0, '2026-02-09 04:40:43'),
(860, 'dc445a83-607d-4092-8d76-2844f2de4a27', '/contact', 'Bio Green Wax Ltd | Premium Edible Oils & Industrial Waxes UK', 0, 0, '2026-02-10 14:32:39'),
(861, 'dc445a83-607d-4092-8d76-2844f2de4a27', '/contact', 'Contact Us | Bio Green Wax Ltd', 2, 0, '2026-02-10 14:32:40'),
(862, 'dda434f2-1449-4853-b542-269cd7df60dc', '/products/sunflower-oil', 'Sunflower Oil | Bio Green Wax Ltd', 2, 0, '2026-02-10 09:57:07'),
(863, 'dda434f2-1449-4853-b542-269cd7df60dc', '/products/sunflower-oil', 'Bio Green Wax Ltd | Premium Edible Oils & Industrial Waxes UK', 0, 0, '2026-02-10 09:57:05'),
(864, 'dfbac7d3-5798-4e33-8313-31fd7fe74227', '/about%23location', 'Premium Edible Oils & Industrial Waxes Supplier | Bio Green Wax Ltd', 3, 0, '2026-02-09 15:45:54'),
(865, 'dfbac7d3-5798-4e33-8313-31fd7fe74227', '/about%23location', 'Bio Green Wax Ltd | Premium Edible Oils & Industrial Waxes UK', 0, 0, '2026-02-09 15:45:52'),
(866, 'e0a775c3-83fe-471d-a59e-3225874d32f6', '/', 'Bio Green Wax Ltd | Premium Edible Oils & Industrial Waxes UK', 0, 0, '2026-02-10 08:51:18'),
(867, 'e0a775c3-83fe-471d-a59e-3225874d32f6', '/', 'Premium Edible Oils & Industrial Waxes Supplier | Bio Green Wax Ltd', 2, 0, '2026-02-10 08:51:19'),
(868, 'e0cb2e5f-cc53-4f28-8886-7c6ee3e3a3d8', '/', 'Premium Edible Oils & Industrial Waxes Supplier | Bio Green Wax Ltd', 2, 0, '2026-02-09 18:07:27'),
(869, 'e0cb2e5f-cc53-4f28-8886-7c6ee3e3a3d8', '/', 'Bio Green Wax Ltd | Premium Edible Oils & Industrial Waxes UK', 0, 0, '2026-02-09 18:07:26'),
(870, 'e342bf3e-e6f5-4dd8-b86c-f6da0ddcaa2a', '/', 'Premium Edible Oils & Industrial Waxes Supplier | Bio Green Wax Ltd', 2, 0, '2026-02-09 02:53:40'),
(871, 'e342bf3e-e6f5-4dd8-b86c-f6da0ddcaa2a', '/', 'Bio Green Wax Ltd | Premium Edible Oils & Industrial Waxes UK', 0, 0, '2026-02-09 02:53:38'),
(872, 'e8582a03-6485-41ef-b8d6-ffdbf3d4f6e5', '/', 'Bio Green Wax Ltd for Edible Oils, fats & Industrial Waxes | Bio Green Wax Ltd', 2, 0, '2026-02-11 17:27:25'),
(873, 'e8582a03-6485-41ef-b8d6-ffdbf3d4f6e5', '/', 'Bio Green Wax Ltd | Premium Edible Oils & Industrial Waxes UK', 0, 0, '2026-02-11 17:27:23'),
(874, 'e9b4a247-a675-4e31-8a6e-e18c60e76825', '/', 'Bio Green Wax Ltd | Premium Edible Oils & Industrial Waxes UK', 0, 0, '2026-02-09 15:45:45'),
(875, 'e9b4a247-a675-4e31-8a6e-e18c60e76825', '/', 'Premium Edible Oils & Industrial Waxes Supplier | Bio Green Wax Ltd', 2, 0, '2026-02-09 15:45:47'),
(876, 'ebede98f-d47c-4f03-aca1-043a4e981808', '/', 'Premium Edible Oils & Industrial Waxes Supplier | Bio Green Wax Ltd', 2, 0, '2026-02-09 02:27:10'),
(877, 'ebede98f-d47c-4f03-aca1-043a4e981808', '/', 'Bio Green Wax Ltd | Premium Edible Oils & Industrial Waxes UK', 0, 0, '2026-02-09 02:27:09'),
(878, 'efe7bcaf-9715-4625-97b1-c9bd7098c355', '/', 'Premium Edible Oils & Industrial Waxes Supplier | Bio Green Wax Ltd', 2, 0, '2026-02-09 18:07:34'),
(879, 'efe7bcaf-9715-4625-97b1-c9bd7098c355', '/', 'Bio Green Wax Ltd | Premium Edible Oils & Industrial Waxes UK', 0, 0, '2026-02-09 18:07:32'),
(880, 'f81f19c5-3be9-498d-9dde-02b9746c87fc', '/products%3Fcategory=edible-oils', 'Premium Edible Oils & Industrial Waxes Supplier | Bio Green Wax Ltd', 2, 0, '2026-02-10 09:59:02'),
(881, 'f81f19c5-3be9-498d-9dde-02b9746c87fc', '/products%3Fcategory=edible-oils', 'Bio Green Wax Ltd | Premium Edible Oils & Industrial Waxes UK', 0, 0, '2026-02-10 09:59:00'),
(882, 'ff0da7cc-a4d5-4086-9011-d4e4bc5f2a77', '/', 'Bio Green Wax Ltd | Premium Edible Oils & Industrial Waxes UK', 0, 0, '2026-02-09 03:57:21'),
(883, 'ff0da7cc-a4d5-4086-9011-d4e4bc5f2a77', '/', 'Premium Edible Oils & Industrial Waxes Supplier | Bio Green Wax Ltd', 2, 0, '2026-02-09 03:57:23'),
(884, '60b448ac-71a2-46e1-a9e0-935958f37f9f', '/', 'Bio Green Wax Ltd | Premium Edible Oils & Industrial Waxes UK', 0, 0, '2026-02-14 05:07:50'),
(885, '60b448ac-71a2-46e1-a9e0-935958f37f9f', '/', 'Bio Green Wax Ltd for Edible Oils, fats & Industrial Waxes | Bio Green Wax Ltd', 3, 0, '2026-02-14 05:07:52'),
(886, '60b448ac-71a2-46e1-a9e0-935958f37f9f', '/', 'Bio Green Wax Ltd for Edible Oils, fats & Industrial Waxes | Bio Green Wax Ltd', 3, 0, '2026-02-14 05:07:52'),
(887, '60b448ac-71a2-46e1-a9e0-935958f37f9f', '/ad', 'Bio Green Wax Ltd | Premium Edible Oils & Industrial Waxes UK', 0, 0, '2026-02-14 05:07:53'),
(888, '60b448ac-71a2-46e1-a9e0-935958f37f9f', '/ad', 'Bio Green Wax Ltd for Edible Oils, fats & Industrial Waxes | Bio Green Wax Ltd', 3, 0, '2026-02-14 05:07:56'),
(889, '60b448ac-71a2-46e1-a9e0-935958f37f9f', '/ad', 'Bio Green Wax Ltd for Edible Oils, fats & Industrial Waxes | Bio Green Wax Ltd', 3, 0, '2026-02-14 05:07:56'),
(890, '2f2044d8-806f-43ce-94c0-5e07507800a1', '/', 'Bio Green Wax Ltd | Premium Edible Oils & Industrial Waxes UK', 0, 0, '2026-02-14 08:26:35'),
(891, 'eeb23ce6-9a84-4a23-9545-d5c581376b34', '/', 'Bio Green Wax Ltd | Premium Edible Oils & Industrial Waxes UK', 0, 0, '2026-02-14 09:07:22'),
(892, 'eeb23ce6-9a84-4a23-9545-d5c581376b34', '/', 'Bio Green Wax Ltd for Edible Oils, fats & Industrial Waxes | Bio Green Wax Ltd', 15, 0, '2026-02-14 09:07:36'),
(893, 'eeb23ce6-9a84-4a23-9545-d5c581376b34', '/', 'Bio Green Wax Ltd for Edible Oils, fats & Industrial Waxes | Bio Green Wax Ltd', 15, 0, '2026-02-14 09:07:36'),
(894, '0f8ee837-10cd-45d8-93d4-b41a67c921ee', '/', 'Bio Green Wax Ltd | Premium Edible Oils & Industrial Waxes UK', 0, 0, '2026-02-14 10:03:29'),
(895, 'a6e27064-3bbd-4f85-b710-d9b50ae57ebe', '/', 'Bio Green Wax Ltd | Premium Edible Oils & Industrial Waxes UK', 0, 0, '2026-02-14 11:05:17'),
(896, '30e2254c-0634-4658-9414-b360ef31c804', '/', 'Bio Green Wax Ltd | Premium Edible Oils & Industrial Waxes UK', 0, 0, '2026-02-14 11:05:36'),
(897, '227fce80-bfeb-4bf9-81ec-65c6a851c21a', '/', 'Bio Green Wax Ltd | Premium Edible Oils & Industrial Waxes UK', 0, 0, '2026-02-14 11:11:40'),
(898, '24cdedb1-1f28-4eea-8ff3-66132dd56ef8', '/', 'Bio Green Wax Ltd | Premium Edible Oils & Industrial Waxes UK', 0, 0, '2026-02-14 11:11:49'),
(899, 'f60379cd-7ea9-4fd7-8817-b098b423a1c5', '/', 'Bio Green Wax Ltd | Premium Edible Oils & Industrial Waxes UK', 0, 0, '2026-02-14 14:52:39'),
(900, 'f60379cd-7ea9-4fd7-8817-b098b423a1c5', '/', 'Bio Green Wax Ltd for Edible Oils, fats & Industrial Waxes | Bio Green Wax Ltd', 26, 61, '2026-02-14 14:53:04'),
(901, 'f60379cd-7ea9-4fd7-8817-b098b423a1c5', '/products/microcrystalline-wax', 'Bio Green Wax Ltd for Edible Oils, fats & Industrial Waxes | Bio Green Wax Ltd', 0, 0, '2026-02-14 14:53:04'),
(902, 'f60379cd-7ea9-4fd7-8817-b098b423a1c5', '/products/microcrystalline-wax', 'Microcrystalline Wax | Bio Green Wax Ltd', 12, 101, '2026-02-14 14:53:16'),
(903, 'f60379cd-7ea9-4fd7-8817-b098b423a1c5', '/', 'Microcrystalline Wax | Bio Green Wax Ltd', 0, 0, '2026-02-14 14:53:17'),
(904, 'f60379cd-7ea9-4fd7-8817-b098b423a1c5', '/', 'Bio Green Wax Ltd for Edible Oils, fats & Industrial Waxes | Bio Green Wax Ltd', 7, 60, '2026-02-14 14:53:23'),
(905, 'f60379cd-7ea9-4fd7-8817-b098b423a1c5', '/', 'Bio Green Wax Ltd | Premium Edible Oils & Industrial Waxes UK', 0, 0, '2026-02-14 14:53:23'),
(906, 'f60379cd-7ea9-4fd7-8817-b098b423a1c5', '/', 'Bio Green Wax Ltd for Edible Oils, fats & Industrial Waxes | Bio Green Wax Ltd', 5, 0, '2026-02-14 14:53:28'),
(907, 'f60379cd-7ea9-4fd7-8817-b098b423a1c5', '/careers', 'Careers at Bio Green Wax Ltd | Join Our Team | Bio Green Wax Ltd', 0, 0, '2026-02-14 14:53:28'),
(908, 'f60379cd-7ea9-4fd7-8817-b098b423a1c5', '/careers', 'Careers at Bio Green Wax Ltd | Join Our Team | Bio Green Wax Ltd', 13, 82, '2026-02-14 14:53:41'),
(909, 'f60379cd-7ea9-4fd7-8817-b098b423a1c5', '/about', 'About Us | Bio Green Wax Ltd', 0, 0, '2026-02-14 14:53:41'),
(910, 'f60379cd-7ea9-4fd7-8817-b098b423a1c5', '/about', 'About Bio Green Wax Ltd | RSPO SG Certified Oils & Waxes Supplier | Bio Green Wax Ltd', 10, 102, '2026-02-14 14:53:52'),
(911, 'f60379cd-7ea9-4fd7-8817-b098b423a1c5', '/about', 'Bio Green Wax Ltd | Premium Edible Oils & Industrial Waxes UK', 0, 0, '2026-02-14 14:53:52'),
(912, 'f60379cd-7ea9-4fd7-8817-b098b423a1c5', '/about', 'About Bio Green Wax Ltd | RSPO SG Certified Oils & Waxes Supplier | Bio Green Wax Ltd', 13, 100, '2026-02-14 14:54:05'),
(913, 'f60379cd-7ea9-4fd7-8817-b098b423a1c5', '/news', 'News & Updates | Bio Green Wax Ltd', 0, 0, '2026-02-14 14:54:05'),
(914, 'f60379cd-7ea9-4fd7-8817-b098b423a1c5', '/news', 'News & Industry Updates | Bio Green Wax Ltd | Bio Green Wax Ltd', 16, 101, '2026-02-14 14:54:21'),
(915, 'f60379cd-7ea9-4fd7-8817-b098b423a1c5', '/products', 'News & Industry Updates | Bio Green Wax Ltd | Bio Green Wax Ltd', 0, 0, '2026-02-14 14:54:21'),
(916, 'f60379cd-7ea9-4fd7-8817-b098b423a1c5', '/products', 'Products | Edible Oils, Candle Waxes, Industrial Waxes & Oleochemicals | Bio Green Wax Ltd', 56, 97, '2026-02-14 14:55:18'),
(917, 'f60379cd-7ea9-4fd7-8817-b098b423a1c5', '/products/soybean-oil', 'Products | Edible Oils, Candle Waxes, Industrial Waxes & Oleochemicals | Bio Green Wax Ltd', 0, 0, '2026-02-14 14:55:18'),
(918, 'f60379cd-7ea9-4fd7-8817-b098b423a1c5', '/products/soybean-oil', 'Soya Bean Oil | Bio Green Wax Ltd', 9, 100, '2026-02-14 14:55:27'),
(919, 'f60379cd-7ea9-4fd7-8817-b098b423a1c5', '/products', 'Products | Edible Oils, Candle Waxes, Industrial Waxes & Oleochemicals | Bio Green Wax Ltd', 0, 0, '2026-02-14 14:55:27'),
(920, 'f60379cd-7ea9-4fd7-8817-b098b423a1c5', '/products', 'Products | Edible Oils, Candle Waxes, Industrial Waxes & Oleochemicals | Bio Green Wax Ltd', 36, 88, '2026-02-14 14:56:03'),
(921, 'f60379cd-7ea9-4fd7-8817-b098b423a1c5', '/', 'Premium Edible Oils & Industrial Waxes Supplier | Bio Green Wax Ltd', 0, 0, '2026-02-14 14:56:03'),
(922, 'f60379cd-7ea9-4fd7-8817-b098b423a1c5', '/', 'Bio Green Wax Ltd for Edible Oils, fats & Industrial Waxes | Bio Green Wax Ltd', 32, 100, '2026-02-14 14:56:35'),
(923, 'f60379cd-7ea9-4fd7-8817-b098b423a1c5', '/products', 'Products | Edible Oils, Candle Waxes, Industrial Waxes & Oleochemicals | Bio Green Wax Ltd', 0, 0, '2026-02-14 14:56:35'),
(924, 'f60379cd-7ea9-4fd7-8817-b098b423a1c5', '/products', 'Products | Edible Oils, Candle Waxes, Industrial Waxes & Oleochemicals | Bio Green Wax Ltd', 35, 100, '2026-02-14 14:57:10'),
(925, 'f60379cd-7ea9-4fd7-8817-b098b423a1c5', '/products', 'Products | Edible Oils, Candle Waxes, Industrial Waxes & Oleochemicals | Bio Green Wax Ltd', 45, 100, '2026-02-14 14:57:20'),
(926, '586fc04c-08d6-47ae-89d7-a4fee241d2bf', '/', 'Bio Green Wax Ltd | Premium Edible Oils & Industrial Waxes UK', 0, 0, '2026-02-14 15:50:36'),
(927, '586fc04c-08d6-47ae-89d7-a4fee241d2bf', '/', 'Premium Edible Oils & Industrial Waxes Supplier | Bio Green Wax Ltd', 7, 0, '2026-02-14 15:50:42'),
(928, 'c1410d21-9746-472b-be52-f2c1a4dff287', '/', 'Bio Green Wax Ltd | Premium Edible Oils & Industrial Waxes UK', 0, 0, '2026-02-14 15:50:46'),
(929, 'c1410d21-9746-472b-be52-f2c1a4dff287', '/', 'Bio Green Wax Ltd for Edible Oils, fats & Industrial Waxes | Bio Green Wax Ltd', 6, 0, '2026-02-14 15:50:52'),
(930, 'bad6e087-056a-4421-9a18-b1ae38201b8c', '/', 'Bio Green Wax Ltd | Premium Edible Oils & Industrial Waxes UK', 0, 0, '2026-02-14 15:51:59'),
(931, 'bad6e087-056a-4421-9a18-b1ae38201b8c', '/', 'Bio Green Wax Ltd for Edible Oils, fats & Industrial Waxes | Bio Green Wax Ltd', 7, 0, '2026-02-14 15:52:05'),
(932, '8d302d87-bfb7-4fae-91bb-5d0a92b9040b', '/', 'Bio Green Wax Ltd | Premium Edible Oils & Industrial Waxes UK', 0, 0, '2026-02-14 15:52:13'),
(933, '8d302d87-bfb7-4fae-91bb-5d0a92b9040b', '/', 'Bio Green Wax Ltd for Edible Oils, fats & Industrial Waxes | Bio Green Wax Ltd', 7, 0, '2026-02-14 15:52:20'),
(934, 'eed2c2cc-7cbb-4f3f-bd94-dffc765b10fd', '/', 'Bio Green Wax Ltd | Premium Edible Oils & Industrial Waxes UK', 0, 0, '2026-02-14 16:05:11'),
(935, 'eed2c2cc-7cbb-4f3f-bd94-dffc765b10fd', '/', 'Bio Green Wax Ltd for Edible Oils, fats & Industrial Waxes | Bio Green Wax Ltd', 9, 0, '2026-02-14 16:05:20'),
(936, 'eed2c2cc-7cbb-4f3f-bd94-dffc765b10fd', '/', 'Bio Green Wax Ltd for Edible Oils, fats & Industrial Waxes | Bio Green Wax Ltd', 9, 0, '2026-02-14 16:05:20'),
(937, 'd8bbb413-00bf-439a-abdd-d7cc33c105e1', '/', 'Bio Green Wax Ltd | Premium Edible Oils & Industrial Waxes UK', 0, 0, '2026-02-14 16:06:36'),
(938, 'd8bbb413-00bf-439a-abdd-d7cc33c105e1', '/', 'Bio Green Wax Ltd for Edible Oils, fats & Industrial Waxes | Bio Green Wax Ltd', 6, 0, '2026-02-14 16:06:42'),
(939, 'd8bbb413-00bf-439a-abdd-d7cc33c105e1', '/', 'Bio Green Wax Ltd for Edible Oils, fats & Industrial Waxes | Bio Green Wax Ltd', 6, 0, '2026-02-14 16:06:42'),
(940, '42b1cd56-133b-46ce-99f8-4a5042995a2d', '/', 'Bio Green Wax Ltd | Premium Edible Oils & Industrial Waxes UK', 0, 0, '2026-02-14 16:09:04'),
(941, '42b1cd56-133b-46ce-99f8-4a5042995a2d', '/', 'Bio Green Wax Ltd for Edible Oils, fats & Industrial Waxes | Bio Green Wax Ltd', 3, 0, '2026-02-14 16:09:07'),
(942, '42b1cd56-133b-46ce-99f8-4a5042995a2d', '/', 'Bio Green Wax Ltd for Edible Oils, fats & Industrial Waxes | Bio Green Wax Ltd', 3, 0, '2026-02-14 16:09:07'),
(943, '42b1cd56-133b-46ce-99f8-4a5042995a2d', '/', 'Bio Green Wax Ltd | Premium Edible Oils & Industrial Waxes UK', 0, 0, '2026-02-14 16:09:07'),
(944, '42b1cd56-133b-46ce-99f8-4a5042995a2d', '/', 'Bio Green Wax Ltd for Edible Oils, fats & Industrial Waxes | Bio Green Wax Ltd', 4, 0, '2026-02-14 16:09:12'),
(945, '42b1cd56-133b-46ce-99f8-4a5042995a2d', '/', 'Bio Green Wax Ltd for Edible Oils, fats & Industrial Waxes | Bio Green Wax Ltd', 4, 0, '2026-02-14 16:09:12'),
(946, '42b1cd56-133b-46ce-99f8-4a5042995a2d', '/', 'Bio Green Wax Ltd | Premium Edible Oils & Industrial Waxes UK', 0, 0, '2026-02-14 16:09:12'),
(947, '42b1cd56-133b-46ce-99f8-4a5042995a2d', '/', 'Bio Green Wax Ltd for Edible Oils, fats & Industrial Waxes | Bio Green Wax Ltd', 2, 0, '2026-02-14 16:09:13'),
(948, '42b1cd56-133b-46ce-99f8-4a5042995a2d', '/', 'Bio Green Wax Ltd for Edible Oils, fats & Industrial Waxes | Bio Green Wax Ltd', 2, 0, '2026-02-14 16:09:13'),
(949, '42b1cd56-133b-46ce-99f8-4a5042995a2d', '/', 'Bio Green Wax Ltd | Premium Edible Oils & Industrial Waxes UK', 0, 0, '2026-02-14 16:09:13'),
(950, '42b1cd56-133b-46ce-99f8-4a5042995a2d', '/', 'Bio Green Wax Ltd for Edible Oils, fats & Industrial Waxes | Bio Green Wax Ltd', 4, 0, '2026-02-14 16:09:18'),
(951, '42b1cd56-133b-46ce-99f8-4a5042995a2d', '/', 'Bio Green Wax Ltd for Edible Oils, fats & Industrial Waxes | Bio Green Wax Ltd', 5, 0, '2026-02-14 16:09:18'),
(952, '42b1cd56-133b-46ce-99f8-4a5042995a2d', '/', 'Bio Green Wax Ltd | Premium Edible Oils & Industrial Waxes UK', 0, 0, '2026-02-14 16:09:18'),
(953, '42b1cd56-133b-46ce-99f8-4a5042995a2d', '/', 'Bio Green Wax Ltd for Edible Oils, fats & Industrial Waxes | Bio Green Wax Ltd', 1, 0, '2026-02-14 16:09:19'),
(954, '42b1cd56-133b-46ce-99f8-4a5042995a2d', '/', 'Bio Green Wax Ltd for Edible Oils, fats & Industrial Waxes | Bio Green Wax Ltd', 1, 0, '2026-02-14 16:09:19'),
(955, '42b1cd56-133b-46ce-99f8-4a5042995a2d', '/', 'Bio Green Wax Ltd | Premium Edible Oils & Industrial Waxes UK', 0, 0, '2026-02-14 16:09:19'),
(956, '42b1cd56-133b-46ce-99f8-4a5042995a2d', '/', 'Bio Green Wax Ltd for Edible Oils, fats & Industrial Waxes | Bio Green Wax Ltd', 3, 0, '2026-02-14 16:09:23'),
(957, '42b1cd56-133b-46ce-99f8-4a5042995a2d', '/products', 'Bio Green Wax Ltd for Edible Oils, fats & Industrial Waxes | Bio Green Wax Ltd', 0, 0, '2026-02-14 16:09:23'),
(958, '42b1cd56-133b-46ce-99f8-4a5042995a2d', '/products', 'Products | Edible Oils, Candle Waxes, Industrial Waxes & Oleochemicals | Bio Green Wax Ltd', 4, 44, '2026-02-14 16:09:27'),
(959, '42b1cd56-133b-46ce-99f8-4a5042995a2d', '/products', 'Products | Edible Oils, Candle Waxes, Industrial Waxes & Oleochemicals | Bio Green Wax Ltd', 38, 44, '2026-02-14 16:10:00'),
(960, '42b1cd56-133b-46ce-99f8-4a5042995a2d', '/products', 'Products | Edible Oils, Candle Waxes, Industrial Waxes & Oleochemicals | Bio Green Wax Ltd', 82, 44, '2026-02-14 16:10:45'),
(961, '42b1cd56-133b-46ce-99f8-4a5042995a2d', '/products', 'Products | Edible Oils, Candle Waxes, Industrial Waxes & Oleochemicals | Bio Green Wax Ltd', 83, 44, '2026-02-14 16:10:45'),
(962, '42b1cd56-133b-46ce-99f8-4a5042995a2d', '/products', 'Bio Green Wax Ltd | Premium Edible Oils & Industrial Waxes UK', 0, 0, '2026-02-14 16:10:45'),
(963, '42b1cd56-133b-46ce-99f8-4a5042995a2d', '/products', 'Products | Edible Oils, Candle Waxes, Industrial Waxes & Oleochemicals | Bio Green Wax Ltd', 2, 0, '2026-02-14 16:10:48'),
(964, '42b1cd56-133b-46ce-99f8-4a5042995a2d', '/', 'Premium Edible Oils & Industrial Waxes Supplier | Bio Green Wax Ltd', 0, 0, '2026-02-14 16:10:48'),
(965, '42b1cd56-133b-46ce-99f8-4a5042995a2d', '/', 'Bio Green Wax Ltd for Edible Oils, fats & Industrial Waxes | Bio Green Wax Ltd', 31, 0, '2026-02-14 16:11:19'),
(966, 'bcb2d53b-6b15-46f1-a6f1-00ecd79266dd', '/', 'Bio Green Wax Ltd | Premium Edible Oils & Industrial Waxes UK', 0, 0, '2026-02-14 16:15:02'),
(967, 'bcb2d53b-6b15-46f1-a6f1-00ecd79266dd', '/', 'Bio Green Wax Ltd for Edible Oils, fats & Industrial Waxes | Bio Green Wax Ltd', 4, 0, '2026-02-14 16:15:06'),
(968, 'bcb2d53b-6b15-46f1-a6f1-00ecd79266dd', '/products', 'Bio Green Wax Ltd for Edible Oils, fats & Industrial Waxes | Bio Green Wax Ltd', 0, 0, '2026-02-14 16:15:06'),
(969, 'bcb2d53b-6b15-46f1-a6f1-00ecd79266dd', '/products', 'Products | Edible Oils, Candle Waxes, Industrial Waxes & Oleochemicals | Bio Green Wax Ltd', 243, 24, '2026-02-14 16:19:09'),
(970, 'bcb2d53b-6b15-46f1-a6f1-00ecd79266dd', '/products', 'Products | Edible Oils, Candle Waxes, Industrial Waxes & Oleochemicals | Bio Green Wax Ltd', 887, 24, '2026-02-14 16:29:53'),
(971, '42b1cd56-133b-46ce-99f8-4a5042995a2d', '/', 'Bio Green Wax Ltd for Edible Oils, fats & Industrial Waxes | Bio Green Wax Ltd', 1153, 0, '2026-02-14 16:30:01'),
(972, 'bcb2d53b-6b15-46f1-a6f1-00ecd79266dd', '/products', 'Products | Edible Oils, Candle Waxes, Industrial Waxes & Oleochemicals | Bio Green Wax Ltd', 1178, 24, '2026-02-14 16:34:44'),
(973, 'bcb2d53b-6b15-46f1-a6f1-00ecd79266dd', '/products', 'Products | Edible Oils, Candle Waxes, Industrial Waxes & Oleochemicals | Bio Green Wax Ltd', 1208, 24, '2026-02-14 16:35:14'),
(974, 'bcb2d53b-6b15-46f1-a6f1-00ecd79266dd', '/products', 'Products | Edible Oils, Candle Waxes, Industrial Waxes & Oleochemicals | Bio Green Wax Ltd', 2649, 24, '2026-02-14 16:59:15'),
(975, '33f55bb5-7636-4a97-8df6-7403984c82b6', '/', 'Bio Green Wax Ltd | Premium Edible Oils & Industrial Waxes UK', 0, 0, '2026-02-14 17:08:31'),
(976, '33f55bb5-7636-4a97-8df6-7403984c82b6', '/', 'Bio Green Wax Ltd for Edible Oils, fats & Industrial Waxes | Bio Green Wax Ltd', 14, 0, '2026-02-14 17:08:44'),
(977, 'de83f759-eba6-47e2-aa88-897dd353031e', '/products', 'Products | Edible Oils, Candle Waxes, Industrial Waxes & Oleochemicals | Bio Green Wax Ltd', 5323, 24, '2026-02-14 17:43:49'),
(978, 'de83f759-eba6-47e2-aa88-897dd353031e', '/products', 'Products | Edible Oils, Candle Waxes, Industrial Waxes & Oleochemicals | Bio Green Wax Ltd', 6060, 24, '2026-02-14 17:56:06'),
(979, 'de83f759-eba6-47e2-aa88-897dd353031e', '/products', 'Products | Edible Oils, Candle Waxes, Industrial Waxes & Oleochemicals | Bio Green Wax Ltd', 6166, 24, '2026-02-14 17:57:51'),
(980, '6eaf7fd8-b4ae-4bc7-a0dc-be059339ae99', '/', 'Bio Green Wax Ltd | Premium Edible Oils & Industrial Waxes UK', 0, 0, '2026-02-14 22:53:21'),
(981, 'f57541b5-cc8e-4857-a763-90c6adafeeed', '/', 'Bio Green Wax Ltd | Premium Edible Oils & Industrial Waxes UK', 0, 0, '2026-02-15 00:02:15'),
(982, 'f57541b5-cc8e-4857-a763-90c6adafeeed', '/', 'Bio Green Wax Ltd for Edible Oils, fats & Industrial Waxes | Bio Green Wax Ltd', 16, 0, '2026-02-15 00:02:31'),
(983, 'f57541b5-cc8e-4857-a763-90c6adafeeed', '/', 'Bio Green Wax Ltd for Edible Oils, fats & Industrial Waxes | Bio Green Wax Ltd', 16, 0, '2026-02-15 00:02:31'),
(984, 'f5ca7c4d-2c31-425a-8a1c-7fc1d41d9ed4', '/', 'Bio Green Wax Ltd | Premium Edible Oils & Industrial Waxes UK', 0, 0, '2026-02-15 04:42:50'),
(985, 'f5ca7c4d-2c31-425a-8a1c-7fc1d41d9ed4', '/', 'Bio Green Wax Ltd for Edible Oils, fats & Industrial Waxes | Bio Green Wax Ltd', 5, 0, '2026-02-15 04:42:54'),
(986, 'f5ca7c4d-2c31-425a-8a1c-7fc1d41d9ed4', '/', 'Bio Green Wax Ltd for Edible Oils, fats & Industrial Waxes | Bio Green Wax Ltd', 4, 0, '2026-02-15 04:43:29'),
(987, 'f5ca7c4d-2c31-425a-8a1c-7fc1d41d9ed4', '/contact', 'Bio Green Wax Ltd | Premium Edible Oils & Industrial Waxes UK', 0, 0, '2026-02-15 04:43:29'),
(988, 'f5ca7c4d-2c31-425a-8a1c-7fc1d41d9ed4', '/contact', 'Bio Green Wax Ltd | Premium Edible Oils & Industrial Waxes UK', 0, 0, '2026-02-15 05:12:40'),
(989, 'f5ca7c4d-2c31-425a-8a1c-7fc1d41d9ed4', '/contact', 'Premium Edible Oils & Industrial Waxes Supplier | Bio Green Wax Ltd', 4, 31, '2026-02-15 05:12:43'),
(990, 'f5ca7c4d-2c31-425a-8a1c-7fc1d41d9ed4', '/about', 'About Us | Bio Green Wax Ltd', 0, 0, '2026-02-15 05:12:43'),
(991, 'f5ca7c4d-2c31-425a-8a1c-7fc1d41d9ed4', '/about', 'About Us | Bio Green Wax Ltd', 2, 35, '2026-02-15 05:12:46');
INSERT INTO `page_views` (`id`, `session_id`, `page_path`, `page_title`, `time_on_page`, `scroll_depth`, `viewed_at`) VALUES
(992, 'f5ca7c4d-2c31-425a-8a1c-7fc1d41d9ed4', '/products', 'About Us | Bio Green Wax Ltd', 0, 0, '2026-02-15 05:12:46'),
(993, 'f5ca7c4d-2c31-425a-8a1c-7fc1d41d9ed4', '/contact', 'Contact Bio Green Wax Ltd | Request Quotes & Samples | Bio Green Wax Ltd', 1772, 52, '2026-02-15 05:13:09'),
(994, 'f5ca7c4d-2c31-425a-8a1c-7fc1d41d9ed4', '/contact', 'Contact Bio Green Wax Ltd | Request Quotes & Samples | Bio Green Wax Ltd', 1772, 52, '2026-02-15 05:13:09'),
(995, 'f5ca7c4d-2c31-425a-8a1c-7fc1d41d9ed4', '/contact', 'Contact Us | Bio Green Wax Ltd', 2, 0, '2026-02-15 05:13:09'),
(996, 'f5ca7c4d-2c31-425a-8a1c-7fc1d41d9ed4', '/', 'Our Products - Edible Oils & Industrial Waxes | Bio Green Wax Ltd', 0, 0, '2026-02-15 05:13:09'),
(997, 'f5ca7c4d-2c31-425a-8a1c-7fc1d41d9ed4', '/products', 'Our Products - Edible Oils & Industrial Waxes | Bio Green Wax Ltd', 26, 0, '2026-02-15 05:13:35'),
(998, 'f5ca7c4d-2c31-425a-8a1c-7fc1d41d9ed4', '/products', 'Our Products - Edible Oils & Industrial Waxes | Bio Green Wax Ltd', 26, 0, '2026-02-15 05:13:35'),
(999, 'f41ea5c8-5a5c-4b1c-ad79-069ef9a0ac7a', '/', 'Bio Green Wax Ltd | Premium Edible Oils & Industrial Waxes UK', 0, 0, '2026-02-15 05:17:43'),
(1000, 'a6421420-7c45-4b6b-8f28-980449958304', '/', 'Bio Green Wax Ltd | Premium Edible Oils & Industrial Waxes UK', 0, 0, '2026-02-15 05:17:43'),
(1001, 'f41ea5c8-5a5c-4b1c-ad79-069ef9a0ac7a', '/', 'Premium Edible Oils & Industrial Waxes Supplier | Bio Green Wax Ltd', 18, 102, '2026-02-15 05:18:01'),
(1002, '6b368bc8-51b1-4022-8504-23463cbe7dd2', '/', 'Bio Green Wax Ltd | Premium Edible Oils & Industrial Waxes UK', 0, 0, '2026-02-15 05:21:14'),
(1003, '6b368bc8-51b1-4022-8504-23463cbe7dd2', '/', 'Premium Edible Oils & Industrial Waxes Supplier | Bio Green Wax Ltd', 12, 76, '2026-02-15 05:21:26'),
(1004, '6b368bc8-51b1-4022-8504-23463cbe7dd2', '/products', 'Premium Edible Oils & Industrial Waxes Supplier | Bio Green Wax Ltd', 0, 0, '2026-02-15 05:21:26'),
(1005, '6b368bc8-51b1-4022-8504-23463cbe7dd2', '/products', 'Our Products - Edible Oils & Industrial Waxes | Bio Green Wax Ltd', 12, 94, '2026-02-15 05:21:38'),
(1006, '6b368bc8-51b1-4022-8504-23463cbe7dd2', '/', 'Premium Edible Oils & Industrial Waxes Supplier | Bio Green Wax Ltd', 0, 0, '2026-02-15 05:21:38'),
(1007, '6b368bc8-51b1-4022-8504-23463cbe7dd2', '/', 'Premium Edible Oils & Industrial Waxes Supplier | Bio Green Wax Ltd', 14, 73, '2026-02-15 05:21:53'),
(1008, '6b368bc8-51b1-4022-8504-23463cbe7dd2', '/products', 'Premium Edible Oils & Industrial Waxes Supplier | Bio Green Wax Ltd', 0, 0, '2026-02-15 05:21:53'),
(1009, '6b368bc8-51b1-4022-8504-23463cbe7dd2', '/products', 'Our Products - Edible Oils & Industrial Waxes | Bio Green Wax Ltd', 32, 97, '2026-02-15 05:22:25'),
(1010, '6b368bc8-51b1-4022-8504-23463cbe7dd2', '/products', 'Our Products - Edible Oils & Industrial Waxes | Bio Green Wax Ltd', 62, 97, '2026-02-15 05:22:54'),
(1011, '6b368bc8-51b1-4022-8504-23463cbe7dd2', '/products', 'Our Products - Edible Oils & Industrial Waxes | Bio Green Wax Ltd', 81, 97, '2026-02-15 05:23:14'),
(1012, '6b368bc8-51b1-4022-8504-23463cbe7dd2', '/products', 'Our Products - Edible Oils & Industrial Waxes | Bio Green Wax Ltd', 85, 97, '2026-02-15 05:23:17'),
(1013, '3bb87e38-fb8b-453a-8ac0-7324ef6922c8', '/', 'Bio Green Wax Ltd | Premium Edible Oils & Industrial Waxes UK', 0, 0, '2026-02-15 05:38:47'),
(1014, '3bb87e38-fb8b-453a-8ac0-7324ef6922c8', '/', 'Bio Green Wax Ltd for Edible Oils, fats & Industrial Waxes | Bio Green Wax Ltd', 3, 0, '2026-02-15 05:38:50'),
(1015, '3bb87e38-fb8b-453a-8ac0-7324ef6922c8', '/products', 'Bio Green Wax Ltd for Edible Oils, fats & Industrial Waxes | Bio Green Wax Ltd', 0, 0, '2026-02-15 05:38:50'),
(1016, '3bb87e38-fb8b-453a-8ac0-7324ef6922c8', '/products', 'Products | Edible Oils, Candle Waxes, Industrial Waxes & Oleochemicals | Bio Green Wax Ltd', 73, 25, '2026-02-15 05:40:03'),
(1017, '3bb87e38-fb8b-453a-8ac0-7324ef6922c8', '/products', 'Products | Edible Oils, Candle Waxes, Industrial Waxes & Oleochemicals | Bio Green Wax Ltd', 73, 25, '2026-02-15 05:40:03'),
(1018, 'cda96c46-8c89-4319-afcc-ca492f1a9451', '/', 'Bio Green Wax Ltd | Premium Edible Oils & Industrial Waxes UK', 0, 0, '2026-02-15 05:57:11'),
(1019, 'cda96c46-8c89-4319-afcc-ca492f1a9451', '/', 'Premium Edible Oils & Industrial Waxes Supplier | Bio Green Wax Ltd', 12, 69, '2026-02-15 05:57:22'),
(1020, 'cda96c46-8c89-4319-afcc-ca492f1a9451', '/products', 'Premium Edible Oils & Industrial Waxes Supplier | Bio Green Wax Ltd', 0, 0, '2026-02-15 05:57:22'),
(1021, 'cda96c46-8c89-4319-afcc-ca492f1a9451', '/products', 'Our Products - Edible Oils & Industrial Waxes | Bio Green Wax Ltd', 10, 17, '2026-02-15 05:57:32'),
(1022, 'cda96c46-8c89-4319-afcc-ca492f1a9451', '/sectors/candle-making', 'Our Products - Edible Oils & Industrial Waxes | Bio Green Wax Ltd', 0, 0, '2026-02-15 05:57:32'),
(1023, 'de83f759-eba6-47e2-aa88-897dd353031e', '/products', 'Products | Edible Oils, Candle Waxes, Industrial Waxes & Oleochemicals | Bio Green Wax Ltd', 49350, 24, '2026-02-15 05:57:37'),
(1024, 'cda96c46-8c89-4319-afcc-ca492f1a9451', '/sectors/candle-making', 'Our Products - Edible Oils & Industrial Waxes | Bio Green Wax Ltd', 14, 0, '2026-02-15 05:57:46'),
(1025, 'cda96c46-8c89-4319-afcc-ca492f1a9451', '/products', 'Our Products - Edible Oils & Industrial Waxes | Bio Green Wax Ltd', 0, 0, '2026-02-15 05:57:46'),
(1026, 'cda96c46-8c89-4319-afcc-ca492f1a9451', '/products', 'Our Products - Edible Oils & Industrial Waxes | Bio Green Wax Ltd', 3, 0, '2026-02-15 05:57:51'),
(1027, 'e8cfc247-c22d-4ccf-894a-b2ce4e2616d9', '/', 'Bio Green Wax Ltd | Premium Edible Oils & Industrial Waxes UK', 0, 0, '2026-02-15 05:58:24'),
(1028, 'e8cfc247-c22d-4ccf-894a-b2ce4e2616d9', '/', 'Premium Edible Oils & Industrial Waxes Supplier | Bio Green Wax Ltd', 3, 0, '2026-02-15 05:58:26'),
(1029, 'e8cfc247-c22d-4ccf-894a-b2ce4e2616d9', '/products', 'Premium Edible Oils & Industrial Waxes Supplier | Bio Green Wax Ltd', 0, 0, '2026-02-15 05:58:27'),
(1030, 'de83f759-eba6-47e2-aa88-897dd353031e', '/products', 'Products | Edible Oils, Candle Waxes, Industrial Waxes & Oleochemicals | Bio Green Wax Ltd', 49424, 24, '2026-02-15 05:58:50'),
(1031, 'e8cfc247-c22d-4ccf-894a-b2ce4e2616d9', '/products', 'Our Products - Edible Oils & Industrial Waxes | Bio Green Wax Ltd', 53, 22, '2026-02-15 05:59:20'),
(1032, 'e8cfc247-c22d-4ccf-894a-b2ce4e2616d9', '/sectors/textiles', 'Our Products - Edible Oils & Industrial Waxes | Bio Green Wax Ltd', 0, 0, '2026-02-15 05:59:20'),
(1033, 'de83f759-eba6-47e2-aa88-897dd353031e', '/products', 'Products | Edible Oils, Candle Waxes, Industrial Waxes & Oleochemicals | Bio Green Wax Ltd', 49463, 24, '2026-02-15 05:59:29'),
(1034, 'de83f759-eba6-47e2-aa88-897dd353031e', '/products', 'Products | Edible Oils, Candle Waxes, Industrial Waxes & Oleochemicals | Bio Green Wax Ltd', 49464, 24, '2026-02-15 05:59:31'),
(1035, 'e8cfc247-c22d-4ccf-894a-b2ce4e2616d9', '/sectors/textiles', 'Our Products - Edible Oils & Industrial Waxes | Bio Green Wax Ltd', 45, 0, '2026-02-15 06:00:05'),
(1036, 'e8cfc247-c22d-4ccf-894a-b2ce4e2616d9', '/', 'Premium Edible Oils & Industrial Waxes Supplier | Bio Green Wax Ltd', 0, 0, '2026-02-15 06:00:05'),
(1037, 'de83f759-eba6-47e2-aa88-897dd353031e', '/products', 'Products | Edible Oils, Candle Waxes, Industrial Waxes & Oleochemicals | Bio Green Wax Ltd', 49527, 24, '2026-02-15 06:00:34'),
(1038, 'de83f759-eba6-47e2-aa88-897dd353031e', '/products', 'Products | Edible Oils, Candle Waxes, Industrial Waxes & Oleochemicals | Bio Green Wax Ltd', 49531, 24, '2026-02-15 06:00:38'),
(1039, 'e8cfc247-c22d-4ccf-894a-b2ce4e2616d9', '/', 'Premium Edible Oils & Industrial Waxes Supplier | Bio Green Wax Ltd', 41, 72, '2026-02-15 06:00:46'),
(1040, 'e8cfc247-c22d-4ccf-894a-b2ce4e2616d9', '/certifications', 'Certifications & Quality Standards | Bio Green Wax Ltd', 0, 0, '2026-02-15 06:00:46'),
(1041, 'e8cfc247-c22d-4ccf-894a-b2ce4e2616d9', '/certifications', 'Certifications & Quality Standards | Bio Green Wax Ltd', 8, 0, '2026-02-15 06:00:54'),
(1042, 'e8cfc247-c22d-4ccf-894a-b2ce4e2616d9', '/careers', 'Careers | Bio Green Wax Ltd', 0, 0, '2026-02-15 06:00:54'),
(1043, 'e8cfc247-c22d-4ccf-894a-b2ce4e2616d9', '/careers', 'Careers | Bio Green Wax Ltd', 2, 0, '2026-02-15 06:00:57'),
(1044, 'e8cfc247-c22d-4ccf-894a-b2ce4e2616d9', '/certifications', 'Certifications & Quality Standards | Bio Green Wax Ltd', 0, 0, '2026-02-15 06:00:57'),
(1045, 'de83f759-eba6-47e2-aa88-897dd353031e', '/products', 'Products | Edible Oils, Candle Waxes, Industrial Waxes & Oleochemicals | Bio Green Wax Ltd', 49560, 24, '2026-02-15 06:01:07'),
(1046, 'de83f759-eba6-47e2-aa88-897dd353031e', '/products', 'Products | Edible Oils, Candle Waxes, Industrial Waxes & Oleochemicals | Bio Green Wax Ltd', 49570, 24, '2026-02-15 06:01:17'),
(1047, 'de83f759-eba6-47e2-aa88-897dd353031e', '/products', 'Products | Edible Oils, Candle Waxes, Industrial Waxes & Oleochemicals | Bio Green Wax Ltd', 49572, 24, '2026-02-15 06:01:18'),
(1048, 'de83f759-eba6-47e2-aa88-897dd353031e', '/products', 'Products | Edible Oils, Candle Waxes, Industrial Waxes & Oleochemicals | Bio Green Wax Ltd', 49630, 24, '2026-02-15 06:02:16'),
(1049, 'e8cfc247-c22d-4ccf-894a-b2ce4e2616d9', '/certifications', 'Certifications & Quality Standards | Bio Green Wax Ltd', 80, 0, '2026-02-15 06:02:17'),
(1050, '37bd1628-d359-4fbb-84b2-bc4b8ebc0566', '/', 'Bio Green Wax Ltd for Edible Oils, fats & Industrial Waxes | Bio Green Wax Ltd', 49928, 0, '2026-02-15 06:03:01'),
(1051, 'de83f759-eba6-47e2-aa88-897dd353031e', '/products', 'Products | Edible Oils, Candle Waxes, Industrial Waxes & Oleochemicals | Bio Green Wax Ltd', 49722, 24, '2026-02-15 06:03:49'),
(1052, 'e8cfc247-c22d-4ccf-894a-b2ce4e2616d9', '/certifications', 'Certifications & Quality Standards | Bio Green Wax Ltd', 172, 0, '2026-02-15 06:03:49'),
(1053, 'e8cfc247-c22d-4ccf-894a-b2ce4e2616d9', '/certifications', 'Certifications & Quality Standards | Bio Green Wax Ltd', 202, 0, '2026-02-15 06:04:19'),
(1054, 'de83f759-eba6-47e2-aa88-897dd353031e', '/products', 'Products | Edible Oils, Candle Waxes, Industrial Waxes & Oleochemicals | Bio Green Wax Ltd', 49753, 24, '2026-02-15 06:04:20'),
(1055, 'e8cfc247-c22d-4ccf-894a-b2ce4e2616d9', '/certifications', 'Certifications & Quality Standards | Bio Green Wax Ltd', 628, 0, '2026-02-15 06:11:26'),
(1056, 'cda96c46-8c89-4319-afcc-ca492f1a9451', '/products', 'Our Products - Edible Oils & Industrial Waxes | Bio Green Wax Ltd', 845, 0, '2026-02-15 06:11:51'),
(1057, 'e8cfc247-c22d-4ccf-894a-b2ce4e2616d9', '/certifications', 'Certifications & Quality Standards | Bio Green Wax Ltd', 869, 0, '2026-02-15 06:15:26'),
(1058, '5d949511-58ff-44cf-bcc2-53e8e230770a', '/', 'Bio Green Wax Ltd | Premium Edible Oils & Industrial Waxes UK', 0, 0, '2026-02-15 06:45:49'),
(1059, '5d949511-58ff-44cf-bcc2-53e8e230770a', '/', 'Premium Edible Oils & Industrial Waxes Supplier | Bio Green Wax Ltd', 3, 0, '2026-02-15 06:45:52'),
(1060, '5d949511-58ff-44cf-bcc2-53e8e230770a', '/products', 'Premium Edible Oils & Industrial Waxes Supplier | Bio Green Wax Ltd', 0, 0, '2026-02-15 06:45:52'),
(1061, '5d949511-58ff-44cf-bcc2-53e8e230770a', '/products', 'Our Products - Edible Oils & Industrial Waxes | Bio Green Wax Ltd', 15, 0, '2026-02-15 06:46:07'),
(1062, 'e344b4bb-8b79-4ac1-8fb9-94e2eb50387f', '/', 'Bio Green Wax Ltd | Premium Edible Oils & Industrial Waxes UK', 0, 0, '2026-02-15 06:47:18'),
(1063, 'e344b4bb-8b79-4ac1-8fb9-94e2eb50387f', '/', 'Bio Green Wax Ltd for Edible Oils, fats & Industrial Waxes | Bio Green Wax Ltd', 3, 0, '2026-02-15 06:47:21'),
(1064, 'e344b4bb-8b79-4ac1-8fb9-94e2eb50387f', '/products', 'Bio Green Wax Ltd for Edible Oils, fats & Industrial Waxes | Bio Green Wax Ltd', 0, 0, '2026-02-15 06:47:21'),
(1065, 'e344b4bb-8b79-4ac1-8fb9-94e2eb50387f', '/products', 'Products | Edible Oils, Candle Waxes, Industrial Waxes & Oleochemicals | Bio Green Wax Ltd', 17, 63, '2026-02-15 06:47:38'),
(1066, 'e344b4bb-8b79-4ac1-8fb9-94e2eb50387f', '/products/palm-stearin', 'Products | Edible Oils, Candle Waxes, Industrial Waxes & Oleochemicals | Bio Green Wax Ltd', 0, 0, '2026-02-15 06:47:38'),
(1067, 'e344b4bb-8b79-4ac1-8fb9-94e2eb50387f', '/products/palm-stearin', 'Palm Stearin | Bio Green Wax Ltd', 2, 0, '2026-02-15 06:47:40'),
(1068, 'e344b4bb-8b79-4ac1-8fb9-94e2eb50387f', '/contact', 'Palm Stearin | Bio Green Wax Ltd', 0, 0, '2026-02-15 06:47:40'),
(1069, 'e344b4bb-8b79-4ac1-8fb9-94e2eb50387f', '/contact', 'Contact Bio Green Wax Ltd | Request Quotes & Samples | Bio Green Wax Ltd', 2, 0, '2026-02-15 06:47:42'),
(1070, 'e344b4bb-8b79-4ac1-8fb9-94e2eb50387f', '/products/palm-stearin', 'Palm Stearin | Bio Green Wax Ltd', 0, 0, '2026-02-15 06:47:42'),
(1071, 'e344b4bb-8b79-4ac1-8fb9-94e2eb50387f', '/products/palm-stearin', 'Palm Stearin | Bio Green Wax Ltd', 1, 0, '2026-02-15 06:47:43'),
(1072, 'e344b4bb-8b79-4ac1-8fb9-94e2eb50387f', '/contact', 'Contact Bio Green Wax Ltd | Request Quotes & Samples | Bio Green Wax Ltd', 0, 0, '2026-02-15 06:47:44'),
(1073, 'e344b4bb-8b79-4ac1-8fb9-94e2eb50387f', '/contact', 'Contact Bio Green Wax Ltd | Request Quotes & Samples | Bio Green Wax Ltd', 1, 0, '2026-02-15 06:47:45'),
(1074, 'e344b4bb-8b79-4ac1-8fb9-94e2eb50387f', '/products/palm-stearin', 'Palm Stearin | Bio Green Wax Ltd', 0, 0, '2026-02-15 06:47:45'),
(1075, 'e344b4bb-8b79-4ac1-8fb9-94e2eb50387f', '/products/palm-stearin', 'Bio Green Wax Ltd | Premium Edible Oils & Industrial Waxes UK', 0, 0, '2026-02-15 06:47:49'),
(1076, 'e344b4bb-8b79-4ac1-8fb9-94e2eb50387f', '/products/palm-stearin', 'Palm Stearin | Bio Green Wax Ltd', 4, 0, '2026-02-15 06:47:53'),
(1077, 'e344b4bb-8b79-4ac1-8fb9-94e2eb50387f', '/products', 'Palm Stearin | Bio Green Wax Ltd', 0, 0, '2026-02-15 06:47:53'),
(1078, 'e344b4bb-8b79-4ac1-8fb9-94e2eb50387f', '/products', 'Products | Edible Oils, Candle Waxes, Industrial Waxes & Oleochemicals | Bio Green Wax Ltd', 4, 13, '2026-02-15 06:47:57'),
(1079, 'e344b4bb-8b79-4ac1-8fb9-94e2eb50387f', '/products/sunflower-oil', 'Products | Edible Oils, Candle Waxes, Industrial Waxes & Oleochemicals | Bio Green Wax Ltd', 0, 0, '2026-02-15 06:47:57'),
(1080, 'b8c94f8e-a4d0-4980-86cd-0c773bef8a66', '/', 'Bio Green Wax Ltd | Premium Edible Oils & Industrial Waxes UK', 0, 0, '2026-02-15 06:47:57'),
(1081, 'b8c94f8e-a4d0-4980-86cd-0c773bef8a66', '/', 'Bio Green Wax Ltd for Edible Oils, fats & Industrial Waxes | Bio Green Wax Ltd', 17, 63, '2026-02-15 06:48:14'),
(1082, 'b8c94f8e-a4d0-4980-86cd-0c773bef8a66', '/', 'Bio Green Wax Ltd | Premium Edible Oils & Industrial Waxes UK', 0, 0, '2026-02-15 06:48:14'),
(1083, 'b8c94f8e-a4d0-4980-86cd-0c773bef8a66', '/', 'Bio Green Wax Ltd for Edible Oils, fats & Industrial Waxes | Bio Green Wax Ltd', 2, 0, '2026-02-15 06:48:16'),
(1084, 'b8c94f8e-a4d0-4980-86cd-0c773bef8a66', '/', 'Bio Green Wax Ltd | Premium Edible Oils & Industrial Waxes UK', 0, 0, '2026-02-15 06:48:16'),
(1085, 'b8c94f8e-a4d0-4980-86cd-0c773bef8a66', '/', 'Bio Green Wax Ltd for Edible Oils, fats & Industrial Waxes | Bio Green Wax Ltd', 3, 0, '2026-02-15 06:48:19'),
(1086, 'b8c94f8e-a4d0-4980-86cd-0c773bef8a66', '/', 'Bio Green Wax Ltd | Premium Edible Oils & Industrial Waxes UK', 0, 0, '2026-02-15 06:48:19'),
(1087, 'b8c94f8e-a4d0-4980-86cd-0c773bef8a66', '/', 'Bio Green Wax Ltd for Edible Oils, fats & Industrial Waxes | Bio Green Wax Ltd', 1, 0, '2026-02-15 06:48:21'),
(1088, 'b8c94f8e-a4d0-4980-86cd-0c773bef8a66', '/', 'Bio Green Wax Ltd | Premium Edible Oils & Industrial Waxes UK', 0, 0, '2026-02-15 06:48:21'),
(1089, 'b8c94f8e-a4d0-4980-86cd-0c773bef8a66', '/', 'Bio Green Wax Ltd for Edible Oils, fats & Industrial Waxes | Bio Green Wax Ltd', 1, 0, '2026-02-15 06:48:22'),
(1090, 'b8c94f8e-a4d0-4980-86cd-0c773bef8a66', '/', 'Bio Green Wax Ltd | Premium Edible Oils & Industrial Waxes UK', 0, 0, '2026-02-15 06:48:22'),
(1091, 'b8c94f8e-a4d0-4980-86cd-0c773bef8a66', '/', 'Bio Green Wax Ltd for Edible Oils, fats & Industrial Waxes | Bio Green Wax Ltd', 9, 0, '2026-02-15 06:48:31'),
(1092, 'b8c94f8e-a4d0-4980-86cd-0c773bef8a66', '/products', 'Bio Green Wax Ltd for Edible Oils, fats & Industrial Waxes | Bio Green Wax Ltd', 0, 0, '2026-02-15 06:48:31'),
(1093, 'b8c94f8e-a4d0-4980-86cd-0c773bef8a66', '/products', 'Products | Edible Oils, Candle Waxes, Industrial Waxes & Oleochemicals | Bio Green Wax Ltd', 4, 26, '2026-02-15 06:48:35'),
(1094, 'b8c94f8e-a4d0-4980-86cd-0c773bef8a66', '/products', 'Products | Edible Oils, Candle Waxes, Industrial Waxes & Oleochemicals | Bio Green Wax Ltd', 59, 27, '2026-02-15 06:49:30'),
(1095, 'b8c94f8e-a4d0-4980-86cd-0c773bef8a66', '/products/palm-kernel-oil', 'Products | Edible Oils, Candle Waxes, Industrial Waxes & Oleochemicals | Bio Green Wax Ltd', 0, 0, '2026-02-15 06:49:30'),
(1096, 'b8c94f8e-a4d0-4980-86cd-0c773bef8a66', '/products/palm-kernel-oil', 'Products | Edible Oils, Candle Waxes, Industrial Waxes & Oleochemicals | Bio Green Wax Ltd', 11, 0, '2026-02-15 06:49:41'),
(1097, 'b8c94f8e-a4d0-4980-86cd-0c773bef8a66', '/products/palm-kernel-oil', 'Products | Edible Oils, Candle Waxes, Industrial Waxes & Oleochemicals | Bio Green Wax Ltd', 15, 24, '2026-02-15 06:49:45'),
(1098, 'b8c94f8e-a4d0-4980-86cd-0c773bef8a66', '/', 'Bio Green Wax Ltd for Edible Oils, fats & Industrial Waxes | Bio Green Wax Ltd', 39, 24, '2026-02-15 06:50:09'),
(1099, 'ca717378-c641-43fe-9daa-7c47b70a488a', '/', 'Bio Green Wax Ltd | Premium Edible Oils & Industrial Waxes UK', 0, 0, '2026-02-15 08:03:39'),
(1100, 'ca717378-c641-43fe-9daa-7c47b70a488a', '/', 'Bio Green Wax Ltd for Edible Oils, fats & Industrial Waxes | Bio Green Wax Ltd', 5, 0, '2026-02-15 08:03:43'),
(1101, 'ca717378-c641-43fe-9daa-7c47b70a488a', '/products', 'Bio Green Wax Ltd for Edible Oils, fats & Industrial Waxes | Bio Green Wax Ltd', 0, 0, '2026-02-15 08:03:43'),
(1102, 'ca717378-c641-43fe-9daa-7c47b70a488a', '/products', 'Products | Edible Oils, Candle Waxes, Industrial Waxes & Oleochemicals | Bio Green Wax Ltd', 8, 89, '2026-02-15 08:03:52'),
(1103, 'ca717378-c641-43fe-9daa-7c47b70a488a', '/products', 'Products | Edible Oils, Candle Waxes, Industrial Waxes & Oleochemicals | Bio Green Wax Ltd', 8, 89, '2026-02-15 08:03:52'),
(1104, 'ca717378-c641-43fe-9daa-7c47b70a488a', '/products', 'Bio Green Wax Ltd | Premium Edible Oils & Industrial Waxes UK', 0, 0, '2026-02-15 08:03:52'),
(1105, 'ca717378-c641-43fe-9daa-7c47b70a488a', '/products', 'Products | Edible Oils, Candle Waxes, Industrial Waxes & Oleochemicals | Bio Green Wax Ltd', 16, 89, '2026-02-15 08:04:08'),
(1106, 'ca717378-c641-43fe-9daa-7c47b70a488a', '/products', 'Products | Edible Oils, Candle Waxes, Industrial Waxes & Oleochemicals | Bio Green Wax Ltd', 16, 89, '2026-02-15 08:04:08'),
(1107, 'ca717378-c641-43fe-9daa-7c47b70a488a', '/', 'Bio Green Wax Ltd | Premium Edible Oils & Industrial Waxes UK', 0, 0, '2026-02-15 08:05:21'),
(1108, 'ca717378-c641-43fe-9daa-7c47b70a488a', '/', 'Bio Green Wax Ltd for Edible Oils, fats & Industrial Waxes | Bio Green Wax Ltd', 6, 0, '2026-02-15 08:05:27'),
(1109, 'ca717378-c641-43fe-9daa-7c47b70a488a', '/products', 'Products | Edible Oils, Candle Waxes, Industrial Waxes & Oleochemicals | Bio Green Wax Ltd', 0, 0, '2026-02-15 08:05:27'),
(1110, 'ca717378-c641-43fe-9daa-7c47b70a488a', '/products', 'Products | Edible Oils, Candle Waxes, Industrial Waxes & Oleochemicals | Bio Green Wax Ltd', 8, 13, '2026-02-15 08:05:35'),
(1111, 'ca717378-c641-43fe-9daa-7c47b70a488a', '/products', 'Products | Edible Oils, Candle Waxes, Industrial Waxes & Oleochemicals | Bio Green Wax Ltd', 8, 13, '2026-02-15 08:05:35'),
(1112, '37bd1628-d359-4fbb-84b2-bc4b8ebc0566', '/', 'Bio Green Wax Ltd for Edible Oils, fats & Industrial Waxes | Bio Green Wax Ltd', 57345, 0, '2026-02-15 08:06:33'),
(1113, 'cda96c46-8c89-4319-afcc-ca492f1a9451', '/products', 'Our Products - Edible Oils & Industrial Waxes | Bio Green Wax Ltd', 7736, 0, '2026-02-15 08:06:42'),
(1114, '34a6452d-d9e8-49b9-92b4-4a5ef9b871f5', '/', 'Bio Green Wax Ltd for Edible Oils, fats & Industrial Waxes | Bio Green Wax Ltd', 4, 0, '2026-02-15 08:50:43'),
(1115, '34a6452d-d9e8-49b9-92b4-4a5ef9b871f5', '/', 'Premium Edible Oils & Industrial Waxes Supplier | Bio Green Wax Ltd', 9, 0, '2026-02-15 08:50:52'),
(1116, '34a6452d-d9e8-49b9-92b4-4a5ef9b871f5', '/', 'Bio Green Wax Ltd | Premium Edible Oils & Industrial Waxes UK', 0, 0, '2026-02-15 08:51:04'),
(1117, '34a6452d-d9e8-49b9-92b4-4a5ef9b871f5', '/', 'Bio Green Wax Ltd for Edible Oils, fats & Industrial Waxes | Bio Green Wax Ltd', 22, 0, '2026-02-15 08:51:05'),
(1118, '34a6452d-d9e8-49b9-92b4-4a5ef9b871f5', '/', 'Bio Green Wax Ltd for Edible Oils, fats & Industrial Waxes | Bio Green Wax Ltd', 22, 0, '2026-02-15 08:51:05'),
(1119, 'b8c94f8e-a4d0-4980-86cd-0c773bef8a66', '/products', 'Bio Green Wax Ltd for Edible Oils, fats & Industrial Waxes | Bio Green Wax Ltd', 0, 0, '2026-02-15 09:02:02'),
(1120, 'ffdfdc01-bf1a-42bd-becc-4ea6bdbd13c8', '/%60', 'Bio Green Wax Ltd | Premium Edible Oils & Industrial Waxes UK', 0, 0, '2026-02-15 09:02:03'),
(1121, 'ffdfdc01-bf1a-42bd-becc-4ea6bdbd13c8', '/%60', 'Bio Green Wax Ltd | Premium Edible Oils & Industrial Waxes UK', 0, 0, '2026-02-15 09:02:13'),
(1122, 'ffdfdc01-bf1a-42bd-becc-4ea6bdbd13c8', '/%60', 'Premium Edible Oils & Industrial Waxes Supplier | Bio Green Wax Ltd', 2, 0, '2026-02-15 09:02:14'),
(1123, 'ffdfdc01-bf1a-42bd-becc-4ea6bdbd13c8', '/%60', 'Bio Green Wax Ltd | Premium Edible Oils & Industrial Waxes UK', 0, 0, '2026-02-15 09:02:14'),
(1124, 'ffdfdc01-bf1a-42bd-becc-4ea6bdbd13c8', '/%60', 'Bio Green Wax Ltd for Edible Oils, fats & Industrial Waxes | Bio Green Wax Ltd', 10, 0, '2026-02-15 09:02:35'),
(1125, 'b8c94f8e-a4d0-4980-86cd-0c773bef8a66', '/', 'Bio Green Wax Ltd for Edible Oils, fats & Industrial Waxes | Bio Green Wax Ltd', 0, 0, '2026-02-15 09:02:35'),
(1126, 'ffdfdc01-bf1a-42bd-becc-4ea6bdbd13c8', '/%60', 'Premium Edible Oils & Industrial Waxes Supplier | Bio Green Wax Ltd', 6, 0, '2026-02-15 09:02:35'),
(1127, 'b188f353-6b92-44a3-9764-bf524796a2f7', '/%60', 'Bio Green Wax Ltd | Premium Edible Oils & Industrial Waxes UK', 0, 0, '2026-02-15 09:30:16'),
(1128, '6dfb105f-422f-4a6f-b4ba-7f8d542337ff', '/', 'Bio Green Wax Ltd | Premium Edible Oils & Industrial Waxes UK', 0, 0, '2026-02-15 11:34:39'),
(1129, '271f9b7c-2be2-49a0-8603-bd078046660d', '/', 'Bio Green Wax Ltd | Premium Edible Oils & Industrial Waxes UK', 0, 0, '2026-02-15 12:06:50'),
(1130, '22a3a45d-a0c2-4936-b057-cdf8bc21f933', '/', 'Bio Green Wax Ltd | Premium Edible Oils & Industrial Waxes UK', 0, 0, '2026-02-15 12:24:20'),
(1131, 'e8cfc247-c22d-4ccf-894a-b2ce4e2616d9', '/certifications', 'Certifications & Quality Standards | Bio Green Wax Ltd', 28026, 0, '2026-02-15 13:48:02'),
(1132, 'e8cfc247-c22d-4ccf-894a-b2ce4e2616d9', '/certifications', 'Certifications & Quality Standards | Bio Green Wax Ltd', 28028, 0, '2026-02-15 13:48:04'),
(1133, '2768c85e-9274-4eb9-b595-03efaa32091c', '/', 'Bio Green Wax Ltd | Premium Edible Oils & Industrial Waxes UK', 0, 0, '2026-02-15 13:50:20'),
(1134, '2768c85e-9274-4eb9-b595-03efaa32091c', '/', 'Bio Green Wax Ltd for Edible Oils, fats & Industrial Waxes | Bio Green Wax Ltd', 17, 66, '2026-02-15 13:50:37'),
(1135, 'e8cfc247-c22d-4ccf-894a-b2ce4e2616d9', '/certifications', 'Certifications & Quality Standards | Bio Green Wax Ltd', 28188, 0, '2026-02-15 13:50:44'),
(1136, '2768c85e-9274-4eb9-b595-03efaa32091c', '/', 'Bio Green Wax Ltd for Edible Oils, fats & Industrial Waxes | Bio Green Wax Ltd', 25, 66, '2026-02-15 13:50:45'),
(1137, '2768c85e-9274-4eb9-b595-03efaa32091c', '/', 'Bio Green Wax Ltd for Edible Oils, fats & Industrial Waxes | Bio Green Wax Ltd', 78, 66, '2026-02-15 13:51:38'),
(1138, '2768c85e-9274-4eb9-b595-03efaa32091c', '/', 'Bio Green Wax Ltd for Edible Oils, fats & Industrial Waxes | Bio Green Wax Ltd', 103, 66, '2026-02-15 13:52:03'),
(1139, '2768c85e-9274-4eb9-b595-03efaa32091c', '/', 'Bio Green Wax Ltd for Edible Oils, fats & Industrial Waxes | Bio Green Wax Ltd', 114, 66, '2026-02-15 13:52:14'),
(1140, '2768c85e-9274-4eb9-b595-03efaa32091c', '/', 'Bio Green Wax Ltd for Edible Oils, fats & Industrial Waxes | Bio Green Wax Ltd', 144, 66, '2026-02-15 13:52:44'),
(1141, '2768c85e-9274-4eb9-b595-03efaa32091c', '/', 'Bio Green Wax Ltd for Edible Oils, fats & Industrial Waxes | Bio Green Wax Ltd', 187, 66, '2026-02-15 13:53:27'),
(1142, '2768c85e-9274-4eb9-b595-03efaa32091c', '/products', 'Bio Green Wax Ltd for Edible Oils, fats & Industrial Waxes | Bio Green Wax Ltd', 0, 0, '2026-02-15 13:53:27'),
(1143, '2768c85e-9274-4eb9-b595-03efaa32091c', '/products', 'Products | Edible Oils, Candle Waxes, Industrial Waxes & Oleochemicals | Bio Green Wax Ltd', 12, 100, '2026-02-15 13:53:39'),
(1144, '2768c85e-9274-4eb9-b595-03efaa32091c', '/', 'Bio Green Wax Ltd for Edible Oils, fats & Industrial Waxes | Bio Green Wax Ltd', 0, 0, '2026-02-15 13:53:39'),
(1145, '2768c85e-9274-4eb9-b595-03efaa32091c', '/', 'Bio Green Wax Ltd for Edible Oils, fats & Industrial Waxes | Bio Green Wax Ltd', 10, 9, '2026-02-15 13:53:48'),
(1146, '2768c85e-9274-4eb9-b595-03efaa32091c', '/', 'Bio Green Wax Ltd for Edible Oils, fats & Industrial Waxes | Bio Green Wax Ltd', 41, 9, '2026-02-15 13:54:20'),
(1147, '2768c85e-9274-4eb9-b595-03efaa32091c', '/', 'Bio Green Wax Ltd for Edible Oils, fats & Industrial Waxes | Bio Green Wax Ltd', 41, 9, '2026-02-15 13:54:20'),
(1148, '2768c85e-9274-4eb9-b595-03efaa32091c', '/', 'Bio Green Wax Ltd | Premium Edible Oils & Industrial Waxes UK', 0, 0, '2026-02-15 13:54:20'),
(1149, '2768c85e-9274-4eb9-b595-03efaa32091c', '/', 'Bio Green Wax Ltd for Edible Oils, fats & Industrial Waxes | Bio Green Wax Ltd', 9, 0, '2026-02-15 13:54:28'),
(1150, '37bd1628-d359-4fbb-84b2-bc4b8ebc0566', '/', 'Bio Green Wax Ltd for Edible Oils, fats & Industrial Waxes | Bio Green Wax Ltd', 78222, 0, '2026-02-15 13:54:30'),
(1151, '2768c85e-9274-4eb9-b595-03efaa32091c', '/', 'Bio Green Wax Ltd for Edible Oils, fats & Industrial Waxes | Bio Green Wax Ltd', 56, 0, '2026-02-15 13:55:16'),
(1152, '2768c85e-9274-4eb9-b595-03efaa32091c', '/', 'Bio Green Wax Ltd for Edible Oils, fats & Industrial Waxes | Bio Green Wax Ltd', 56, 0, '2026-02-15 13:55:16'),
(1153, '2768c85e-9274-4eb9-b595-03efaa32091c', '/', 'Bio Green Wax Ltd | Premium Edible Oils & Industrial Waxes UK', 0, 0, '2026-02-15 13:55:16'),
(1154, '2768c85e-9274-4eb9-b595-03efaa32091c', '/', 'Bio Green Wax Ltd for Edible Oils, fats & Industrial Waxes | Bio Green Wax Ltd', 3, 0, '2026-02-15 13:55:20'),
(1155, '2768c85e-9274-4eb9-b595-03efaa32091c', '/sectors/cosmetics', 'Bio Green Wax Ltd for Edible Oils, fats & Industrial Waxes | Bio Green Wax Ltd', 0, 0, '2026-02-15 13:55:20'),
(1156, '2768c85e-9274-4eb9-b595-03efaa32091c', '/sectors/cosmetics', 'Cosmetics - Industries We Serve | Bio Green Wax Ltd', 4, 0, '2026-02-15 13:55:24'),
(1157, '2768c85e-9274-4eb9-b595-03efaa32091c', '/sectors/pharmaceuticals', 'Pharmaceuticals - Industries We Serve | Bio Green Wax Ltd', 0, 0, '2026-02-15 13:55:24'),
(1158, '2768c85e-9274-4eb9-b595-03efaa32091c', '/sectors/pharmaceuticals', 'Pharmaceuticals - Industries We Serve | Bio Green Wax Ltd', 2, 0, '2026-02-15 13:55:26'),
(1159, '2768c85e-9274-4eb9-b595-03efaa32091c', '/sectors/adhesives', 'Pharmaceuticals - Industries We Serve | Bio Green Wax Ltd', 0, 0, '2026-02-15 13:55:27'),
(1160, '2768c85e-9274-4eb9-b595-03efaa32091c', '/sectors/adhesives', 'Adhesives - Industries We Serve | Bio Green Wax Ltd', 1, 0, '2026-02-15 13:55:27'),
(1161, '2768c85e-9274-4eb9-b595-03efaa32091c', '/careers', 'Adhesives - Industries We Serve | Bio Green Wax Ltd', 0, 0, '2026-02-15 13:55:27'),
(1162, '2768c85e-9274-4eb9-b595-03efaa32091c', '/careers', 'Careers at Bio Green Wax Ltd | Join Our Team | Bio Green Wax Ltd', 6, 0, '2026-02-15 13:55:33'),
(1163, '2768c85e-9274-4eb9-b595-03efaa32091c', '/zh/careers', 'Careers at Bio Green Wax Ltd | Join Our Team | Bio Green Wax Ltd', 0, 0, '2026-02-15 13:55:33'),
(1164, '2768c85e-9274-4eb9-b595-03efaa32091c', '/zh/careers', 'Careers at Bio Green Wax Ltd | Join Our Team | Bio Green Wax Ltd', 5, 0, '2026-02-15 13:55:38'),
(1165, '2768c85e-9274-4eb9-b595-03efaa32091c', '/zh/', 'Bio Green Wax Ltd for Edible Oils, fats & Industrial Waxes | Bio Green Wax Ltd', 0, 0, '2026-02-15 13:55:38'),
(1166, '2768c85e-9274-4eb9-b595-03efaa32091c', '/zh/', 'Bio Green Wax Ltd for Edible Oils, fats & Industrial Waxes | Bio Green Wax Ltd', 7, 62, '2026-02-15 13:55:45'),
(1167, '2768c85e-9274-4eb9-b595-03efaa32091c', '/zh/about', 'Bio Green Wax Ltd for Edible Oils, fats & Industrial Waxes | Bio Green Wax Ltd', 0, 0, '2026-02-15 13:55:45'),
(1168, '2768c85e-9274-4eb9-b595-03efaa32091c', '/zh/about', 'About Bio Green Wax Ltd | RSPO SG Certified Oils & Waxes Supplier | Bio Green Wax Ltd', 13, 100, '2026-02-15 13:55:57'),
(1169, '2768c85e-9274-4eb9-b595-03efaa32091c', '/zh/sectors/packaging', 'About Bio Green Wax Ltd | RSPO SG Certified Oils & Waxes Supplier | Bio Green Wax Ltd', 0, 0, '2026-02-15 13:55:57'),
(1170, '2768c85e-9274-4eb9-b595-03efaa32091c', '/zh/sectors/packaging', '包装 - Industries We Serve | Bio Green Wax Ltd', 8, 32, '2026-02-15 13:56:06'),
(1171, '2768c85e-9274-4eb9-b595-03efaa32091c', '/zh/products', '包装 - Industries We Serve | Bio Green Wax Ltd', 0, 0, '2026-02-15 13:56:06'),
(1172, '2768c85e-9274-4eb9-b595-03efaa32091c', '/zh/products', 'Products | Edible Oils, Candle Waxes, Industrial Waxes & Oleochemicals | Bio Green Wax Ltd', 6, 62, '2026-02-15 13:56:12'),
(1173, '2768c85e-9274-4eb9-b595-03efaa32091c', '/pl/products', 'Products | Edible Oils, Candle Waxes, Industrial Waxes & Oleochemicals | Bio Green Wax Ltd', 0, 0, '2026-02-15 13:56:12'),
(1174, '2768c85e-9274-4eb9-b595-03efaa32091c', '/pl/products', 'Products | Edible Oils, Candle Waxes, Industrial Waxes & Oleochemicals | Bio Green Wax Ltd', 13, 98, '2026-02-15 13:56:26'),
(1175, '2768c85e-9274-4eb9-b595-03efaa32091c', '/pl/', 'Bio Green Wax Ltd for Edible Oils, fats & Industrial Waxes | Bio Green Wax Ltd', 0, 0, '2026-02-15 13:56:26'),
(1176, '2768c85e-9274-4eb9-b595-03efaa32091c', '/pl/', 'Bio Green Wax Ltd for Edible Oils, fats & Industrial Waxes | Bio Green Wax Ltd', 6, 0, '2026-02-15 13:56:32'),
(1177, '2768c85e-9274-4eb9-b595-03efaa32091c', '/en', 'Bio Green Wax Ltd for Edible Oils, fats & Industrial Waxes | Bio Green Wax Ltd', 0, 0, '2026-02-15 13:56:32'),
(1178, '2768c85e-9274-4eb9-b595-03efaa32091c', '/en', 'Bio Green Wax Ltd for Edible Oils, fats & Industrial Waxes | Bio Green Wax Ltd', 3, 13, '2026-02-15 13:56:34'),
(1179, '2768c85e-9274-4eb9-b595-03efaa32091c', '/about', 'About Bio Green Wax Ltd | RSPO SG Certified Oils & Waxes Supplier | Bio Green Wax Ltd', 0, 0, '2026-02-15 13:56:34'),
(1180, '2768c85e-9274-4eb9-b595-03efaa32091c', '/about', 'About Bio Green Wax Ltd | RSPO SG Certified Oils & Waxes Supplier | Bio Green Wax Ltd', 8, 54, '2026-02-15 13:56:43'),
(1181, '2768c85e-9274-4eb9-b595-03efaa32091c', '/about', 'About Bio Green Wax Ltd | RSPO SG Certified Oils & Waxes Supplier | Bio Green Wax Ltd', 24, 54, '2026-02-15 13:56:59'),
(1182, '2768c85e-9274-4eb9-b595-03efaa32091c', '/about', 'About Bio Green Wax Ltd | RSPO SG Certified Oils & Waxes Supplier | Bio Green Wax Ltd', 25, 54, '2026-02-15 13:56:59'),
(1183, '56b7f794-07dc-43cf-a010-6f8a55e11612', '/', 'Bio Green Wax Ltd | Premium Edible Oils & Industrial Waxes UK', 0, 0, '2026-02-15 14:01:15'),
(1184, '56b7f794-07dc-43cf-a010-6f8a55e11612', '/', 'Bio Green Wax Ltd for Edible Oils, fats & Industrial Waxes | Bio Green Wax Ltd', 7, 0, '2026-02-15 14:01:22'),
(1185, '56b7f794-07dc-43cf-a010-6f8a55e11612', '/about', 'About Us | Bio Green Wax Ltd', 0, 0, '2026-02-15 14:01:22'),
(1186, '56b7f794-07dc-43cf-a010-6f8a55e11612', '/about', 'About Bio Green Wax Ltd | RSPO SG Certified Oils & Waxes Supplier | Bio Green Wax Ltd', 25, 20, '2026-02-15 14:01:47'),
(1187, '37bd1628-d359-4fbb-84b2-bc4b8ebc0566', '/', 'Bio Green Wax Ltd for Edible Oils, fats & Industrial Waxes | Bio Green Wax Ltd', 78693, 0, '2026-02-15 14:02:21'),
(1188, 'e8cfc247-c22d-4ccf-894a-b2ce4e2616d9', '/certifications', 'Certifications & Quality Standards | Bio Green Wax Ltd', 42202, 0, '2026-02-15 17:44:18'),
(1189, 'e8cfc247-c22d-4ccf-894a-b2ce4e2616d9', '/certifications', 'Certifications & Quality Standards | Bio Green Wax Ltd', 42209, 0, '2026-02-15 17:44:25'),
(1190, 'e8cfc247-c22d-4ccf-894a-b2ce4e2616d9', '/certifications', 'Certifications & Quality Standards | Bio Green Wax Ltd', 42210, 0, '2026-02-15 17:44:25'),
(1191, 'e8cfc247-c22d-4ccf-894a-b2ce4e2616d9', '/certifications', 'Certifications & Quality Standards | Bio Green Wax Ltd', 42212, 0, '2026-02-15 17:44:27'),
(1192, 'e8cfc247-c22d-4ccf-894a-b2ce4e2616d9', '/certifications', 'Certifications & Quality Standards | Bio Green Wax Ltd', 42213, 0, '2026-02-15 17:44:29'),
(1193, 'e8cfc247-c22d-4ccf-894a-b2ce4e2616d9', '/certifications', 'Certifications & Quality Standards | Bio Green Wax Ltd', 42218, 0, '2026-02-15 17:44:34'),
(1194, 'e8cfc247-c22d-4ccf-894a-b2ce4e2616d9', '/certifications', 'Certifications & Quality Standards | Bio Green Wax Ltd', 42333, 0, '2026-02-15 17:46:29'),
(1195, 'e8cfc247-c22d-4ccf-894a-b2ce4e2616d9', '/certifications', 'Certifications & Quality Standards | Bio Green Wax Ltd', 42541, 0, '2026-02-15 17:49:57'),
(1196, 'e8cfc247-c22d-4ccf-894a-b2ce4e2616d9', '/certifications', 'Certifications & Quality Standards | Bio Green Wax Ltd', 42546, 0, '2026-02-15 17:50:02'),
(1197, 'e8cfc247-c22d-4ccf-894a-b2ce4e2616d9', '/certifications', 'Certifications & Quality Standards | Bio Green Wax Ltd', 42646, 0, '2026-02-15 17:51:42'),
(1198, 'e8cfc247-c22d-4ccf-894a-b2ce4e2616d9', '/certifications', 'Certifications & Quality Standards | Bio Green Wax Ltd', 42663, 0, '2026-02-15 17:51:59'),
(1199, '56b7f794-07dc-43cf-a010-6f8a55e11612', '/about', 'About Bio Green Wax Ltd | RSPO SG Certified Oils & Waxes Supplier | Bio Green Wax Ltd', 14157, 20, '2026-02-15 17:57:18'),
(1200, '56b7f794-07dc-43cf-a010-6f8a55e11612', '/about', 'About Bio Green Wax Ltd | RSPO SG Certified Oils & Waxes Supplier | Bio Green Wax Ltd', 14157, 20, '2026-02-15 17:57:18'),
(1201, '56b7f794-07dc-43cf-a010-6f8a55e11612', '/about', 'Bio Green Wax Ltd | Premium Edible Oils & Industrial Waxes UK', 0, 0, '2026-02-15 17:57:19'),
(1202, '56b7f794-07dc-43cf-a010-6f8a55e11612', '/about', 'About Bio Green Wax Ltd | RSPO SG Certified Oils & Waxes Supplier | Bio Green Wax Ltd', 65, 81, '2026-02-15 17:58:24'),
(1203, '56b7f794-07dc-43cf-a010-6f8a55e11612', '/about', 'About Bio Green Wax Ltd | RSPO SG Certified Oils & Waxes Supplier | Bio Green Wax Ltd', 210, 81, '2026-02-15 18:00:49'),
(1204, 'e8cfc247-c22d-4ccf-894a-b2ce4e2616d9', '/certifications', 'Certifications & Quality Standards | Bio Green Wax Ltd', 43343, 0, '2026-02-15 18:03:19'),
(1205, 'e8cfc247-c22d-4ccf-894a-b2ce4e2616d9', '/certifications', 'Certifications & Quality Standards | Bio Green Wax Ltd', 43347, 0, '2026-02-15 18:03:22'),
(1206, 'e8cfc247-c22d-4ccf-894a-b2ce4e2616d9', '/certifications', 'Certifications & Quality Standards | Bio Green Wax Ltd', 43375, 0, '2026-02-15 18:03:51'),
(1207, 'e8cfc247-c22d-4ccf-894a-b2ce4e2616d9', '/certifications', 'Certifications & Quality Standards | Bio Green Wax Ltd', 43386, 0, '2026-02-15 18:04:01'),
(1208, '89ee82d8-6cc9-4784-8e3c-fd7f27778d51', '/about', 'Bio Green Wax Ltd | Premium Edible Oils & Industrial Waxes UK', 0, 0, '2026-02-15 18:12:20'),
(1209, '56b7f794-07dc-43cf-a010-6f8a55e11612', '/about', 'About Bio Green Wax Ltd | RSPO SG Certified Oils & Waxes Supplier | Bio Green Wax Ltd', 980, 81, '2026-02-15 18:13:38'),
(1210, 'e8cfc247-c22d-4ccf-894a-b2ce4e2616d9', '/certifications', 'Certifications & Quality Standards | Bio Green Wax Ltd', 44113, 0, '2026-02-15 18:16:08'),
(1211, '56b7f794-07dc-43cf-a010-6f8a55e11612', '/about', 'About Bio Green Wax Ltd | RSPO SG Certified Oils & Waxes Supplier | Bio Green Wax Ltd', 1133, 81, '2026-02-15 18:16:12'),
(1212, 'bcc9a82d-c239-4fb2-a9a8-a5fd3e5af896', '/', 'Bio Green Wax Ltd | Premium Edible Oils & Industrial Waxes UK', 0, 0, '2026-02-15 18:16:45'),
(1213, 'bcc9a82d-c239-4fb2-a9a8-a5fd3e5af896', '/', 'Bio Green Wax Ltd for Edible Oils, fats & Industrial Waxes | Bio Green Wax Ltd', 5, 0, '2026-02-15 18:16:50'),
(1214, 'bcc9a82d-c239-4fb2-a9a8-a5fd3e5af896', '/about', 'Bio Green Wax Ltd for Edible Oils, fats & Industrial Waxes | Bio Green Wax Ltd', 0, 0, '2026-02-15 18:16:50'),
(1215, 'bcc9a82d-c239-4fb2-a9a8-a5fd3e5af896', '/about', 'About Bio Green Wax Ltd | RSPO SG Certified Oils & Waxes Supplier | Bio Green Wax Ltd', 55, 0, '2026-02-15 18:17:46'),
(1216, 'e8cfc247-c22d-4ccf-894a-b2ce4e2616d9', '/certifications', 'Certifications & Quality Standards | Bio Green Wax Ltd', 44871, 0, '2026-02-15 18:28:46'),
(1217, 'e8cfc247-c22d-4ccf-894a-b2ce4e2616d9', '/certifications', 'Certifications & Quality Standards | Bio Green Wax Ltd', 44876, 0, '2026-02-15 18:28:51'),
(1218, 'e8cfc247-c22d-4ccf-894a-b2ce4e2616d9', '/certifications', 'Certifications & Quality Standards | Bio Green Wax Ltd', 44990, 0, '2026-02-15 18:30:46'),
(1219, 'e8cfc247-c22d-4ccf-894a-b2ce4e2616d9', '/certifications', 'Certifications & Quality Standards | Bio Green Wax Ltd', 44995, 0, '2026-02-15 18:30:50'),
(1220, 'e8cfc247-c22d-4ccf-894a-b2ce4e2616d9', '/certifications', 'Certifications & Quality Standards | Bio Green Wax Ltd', 45051, 0, '2026-02-15 18:31:46'),
(1221, '56b7f794-07dc-43cf-a010-6f8a55e11612', '/about', 'About Bio Green Wax Ltd | RSPO SG Certified Oils & Waxes Supplier | Bio Green Wax Ltd', 2325, 81, '2026-02-15 18:36:04'),
(1222, '3c5d9ce3-b441-41a0-b767-4b74047759b8', '/', 'Bio Green Wax Ltd | Premium Edible Oils & Industrial Waxes UK', 0, 0, '2026-02-15 18:39:34'),
(1223, '37bd1628-d359-4fbb-84b2-bc4b8ebc0566', '/', 'Bio Green Wax Ltd for Edible Oils, fats & Industrial Waxes | Bio Green Wax Ltd', 95998, 0, '2026-02-15 18:50:46'),
(1224, 'e8cfc247-c22d-4ccf-894a-b2ce4e2616d9', '/certifications', 'Certifications & Quality Standards | Bio Green Wax Ltd', 46477, 0, '2026-02-15 18:55:33'),
(1225, 'e8cfc247-c22d-4ccf-894a-b2ce4e2616d9', '/certifications', 'Certifications & Quality Standards | Bio Green Wax Ltd', 46738, 0, '2026-02-15 18:59:54'),
(1226, 'e8cfc247-c22d-4ccf-894a-b2ce4e2616d9', '/certifications', 'Certifications & Quality Standards | Bio Green Wax Ltd', 46936, 0, '2026-02-15 19:03:12'),
(1227, 'e8cfc247-c22d-4ccf-894a-b2ce4e2616d9', '/certifications', 'Certifications & Quality Standards | Bio Green Wax Ltd', 46940, 0, '2026-02-15 19:03:16'),
(1228, 'e8cfc247-c22d-4ccf-894a-b2ce4e2616d9', '/certifications', 'Certifications & Quality Standards | Bio Green Wax Ltd', 46949, 0, '2026-02-15 19:03:24'),
(1229, 'e8cfc247-c22d-4ccf-894a-b2ce4e2616d9', '/certifications', 'Certifications & Quality Standards | Bio Green Wax Ltd', 46954, 0, '2026-02-15 19:03:30'),
(1230, 'e8cfc247-c22d-4ccf-894a-b2ce4e2616d9', '/certifications', 'Certifications & Quality Standards | Bio Green Wax Ltd', 47320, 0, '2026-02-15 19:09:36'),
(1231, 'e8cfc247-c22d-4ccf-894a-b2ce4e2616d9', '/certifications', 'Certifications & Quality Standards | Bio Green Wax Ltd', 47624, 0, '2026-02-15 19:14:40'),
(1232, 'e8cfc247-c22d-4ccf-894a-b2ce4e2616d9', '/certifications', 'Certifications & Quality Standards | Bio Green Wax Ltd', 47708, 0, '2026-02-15 19:16:04'),
(1233, 'e8cfc247-c22d-4ccf-894a-b2ce4e2616d9', '/certifications', 'Certifications & Quality Standards | Bio Green Wax Ltd', 47773, 0, '2026-02-15 19:17:09'),
(1234, 'bc1d930c-4005-41de-babb-ad77d203e4f1', '/', 'Bio Green Wax Ltd | Premium Edible Oils & Industrial Waxes UK', 0, 0, '2026-02-15 19:29:39'),
(1235, 'bc1d930c-4005-41de-babb-ad77d203e4f1', '/', 'Bio Green Wax Ltd for Edible Oils, fats & Industrial Waxes | Bio Green Wax Ltd', 14, 68, '2026-02-15 19:29:53'),
(1236, 'bc1d930c-4005-41de-babb-ad77d203e4f1', '/', 'Bio Green Wax Ltd for Edible Oils, fats & Industrial Waxes | Bio Green Wax Ltd', 14, 68, '2026-02-15 19:29:53'),
(1237, 'bc1d930c-4005-41de-babb-ad77d203e4f1', '/', 'Bio Green Wax Ltd | Premium Edible Oils & Industrial Waxes UK', 0, 0, '2026-02-15 19:35:49'),
(1238, 'bc1d930c-4005-41de-babb-ad77d203e4f1', '/', 'Bio Green Wax Ltd for Edible Oils, fats & Industrial Waxes | Bio Green Wax Ltd', 38, 55, '2026-02-15 19:36:27'),
(1239, 'de83f759-eba6-47e2-aa88-897dd353031e', '/products', 'Products | Edible Oils, Candle Waxes, Industrial Waxes & Oleochemicals | Bio Green Wax Ltd', 98488, 31, '2026-02-15 19:36:33'),
(1240, 'de83f759-eba6-47e2-aa88-897dd353031e', '/', 'Premium Edible Oils & Industrial Waxes Supplier | Bio Green Wax Ltd', 0, 0, '2026-02-15 19:36:33'),
(1241, 'de83f759-eba6-47e2-aa88-897dd353031e', '/', 'Bio Green Wax Ltd for Edible Oils, fats & Industrial Waxes | Bio Green Wax Ltd', 3, 0, '2026-02-15 19:36:36'),
(1242, 'de83f759-eba6-47e2-aa88-897dd353031e', '/products', 'Products | Edible Oils, Candle Waxes, Industrial Waxes & Oleochemicals | Bio Green Wax Ltd', 0, 0, '2026-02-15 19:36:36'),
(1243, 'de83f759-eba6-47e2-aa88-897dd353031e', '/products', 'Products | Edible Oils, Candle Waxes, Industrial Waxes & Oleochemicals | Bio Green Wax Ltd', 33, 91, '2026-02-15 19:37:09'),
(1244, 'de83f759-eba6-47e2-aa88-897dd353031e', '/zh/products', 'Products | Edible Oils, Candle Waxes, Industrial Waxes & Oleochemicals | Bio Green Wax Ltd', 0, 0, '2026-02-15 19:37:09'),
(1245, 'de83f759-eba6-47e2-aa88-897dd353031e', '/zh/products', 'Products | Edible Oils, Candle Waxes, Industrial Waxes & Oleochemicals | Bio Green Wax Ltd', 6, 27, '2026-02-15 19:37:14'),
(1246, 'de83f759-eba6-47e2-aa88-897dd353031e', '/en/products', 'Products | Edible Oils, Candle Waxes, Industrial Waxes & Oleochemicals | Bio Green Wax Ltd', 0, 0, '2026-02-15 19:37:15'),
(1247, 'de83f759-eba6-47e2-aa88-897dd353031e', '/en/products', 'Products | Edible Oils, Candle Waxes, Industrial Waxes & Oleochemicals | Bio Green Wax Ltd', 5, 45, '2026-02-15 19:37:20'),
(1248, 'de83f759-eba6-47e2-aa88-897dd353031e', '/', 'Bio Green Wax Ltd for Edible Oils, fats & Industrial Waxes | Bio Green Wax Ltd', 0, 0, '2026-02-15 19:37:20'),
(1249, 'de83f759-eba6-47e2-aa88-897dd353031e', '/', 'Bio Green Wax Ltd for Edible Oils, fats & Industrial Waxes | Bio Green Wax Ltd', 5, 12, '2026-02-15 19:37:25'),
(1250, 'bc1d930c-4005-41de-babb-ad77d203e4f1', '/', 'Bio Green Wax Ltd for Edible Oils, fats & Industrial Waxes | Bio Green Wax Ltd', 133, 55, '2026-02-15 19:38:02'),
(1251, 'bc1d930c-4005-41de-babb-ad77d203e4f1', '/', 'Bio Green Wax Ltd for Edible Oils, fats & Industrial Waxes | Bio Green Wax Ltd', 5998, 55, '2026-02-15 21:15:47'),
(1252, 'bc1d930c-4005-41de-babb-ad77d203e4f1', '/contact', 'Contact Us | Bio Green Wax Ltd', 0, 0, '2026-02-15 21:15:47'),
(1253, 'bc1d930c-4005-41de-babb-ad77d203e4f1', '/contact', 'Contact Us | Bio Green Wax Ltd', 4, 0, '2026-02-15 21:15:52'),
(1254, 'bc1d930c-4005-41de-babb-ad77d203e4f1', '/', 'Bio Green Wax Ltd for Edible Oils, fats & Industrial Waxes | Bio Green Wax Ltd', 0, 0, '2026-02-15 21:15:52'),
(1255, 'bc1d930c-4005-41de-babb-ad77d203e4f1', '/', 'Bio Green Wax Ltd for Edible Oils, fats & Industrial Waxes | Bio Green Wax Ltd', 3, 0, '2026-02-15 21:15:55'),
(1256, 'de83f759-eba6-47e2-aa88-897dd353031e', '/', 'Bio Green Wax Ltd for Edible Oils, fats & Industrial Waxes | Bio Green Wax Ltd', 5921, 12, '2026-02-15 21:16:00'),
(1257, 'de83f759-eba6-47e2-aa88-897dd353031e', '/', 'Bio Green Wax Ltd for Edible Oils, fats & Industrial Waxes | Bio Green Wax Ltd', 5921, 12, '2026-02-15 21:16:00'),
(1258, 'bc1d930c-4005-41de-babb-ad77d203e4f1', '/', 'Bio Green Wax Ltd for Edible Oils, fats & Industrial Waxes | Bio Green Wax Ltd', 93, 0, '2026-02-15 21:17:25'),
(1259, 'bc1d930c-4005-41de-babb-ad77d203e4f1', '/about', 'About Us | Bio Green Wax Ltd', 0, 0, '2026-02-15 21:17:25'),
(1260, 'bc1d930c-4005-41de-babb-ad77d203e4f1', '/about', 'About Bio Green Wax Ltd | RSPO SG Certified Oils & Waxes Supplier | Bio Green Wax Ltd', 97, 84, '2026-02-15 21:19:01'),
(1261, 'bc1d930c-4005-41de-babb-ad77d203e4f1', '/about', 'About Bio Green Wax Ltd | RSPO SG Certified Oils & Waxes Supplier | Bio Green Wax Ltd', 126, 84, '2026-02-15 21:19:30'),
(1262, 'bc1d930c-4005-41de-babb-ad77d203e4f1', '/', 'Bio Green Wax Ltd for Edible Oils, fats & Industrial Waxes | Bio Green Wax Ltd', 0, 0, '2026-02-15 21:19:30'),
(1263, 'e8cfc247-c22d-4ccf-894a-b2ce4e2616d9', '/certifications', 'Certifications & Quality Standards | Bio Green Wax Ltd', 55121, 0, '2026-02-15 21:19:37'),
(1264, 'e8cfc247-c22d-4ccf-894a-b2ce4e2616d9', '/certifications', 'Certifications & Quality Standards | Bio Green Wax Ltd', 55127, 0, '2026-02-15 21:19:43'),
(1265, 'bc1d930c-4005-41de-babb-ad77d203e4f1', '/', 'Bio Green Wax Ltd for Edible Oils, fats & Industrial Waxes | Bio Green Wax Ltd', 12, 0, '2026-02-15 21:19:43'),
(1266, '37bd1628-d359-4fbb-84b2-bc4b8ebc0566', '/', 'Bio Green Wax Ltd for Edible Oils, fats & Industrial Waxes | Bio Green Wax Ltd', 105871, 0, '2026-02-15 21:35:19'),
(1267, '37bd1628-d359-4fbb-84b2-bc4b8ebc0566', '/', 'Bio Green Wax Ltd for Edible Oils, fats & Industrial Waxes | Bio Green Wax Ltd', 106723, 0, '2026-02-15 21:49:31'),
(1268, '37bd1628-d359-4fbb-84b2-bc4b8ebc0566', '/', 'Bio Green Wax Ltd for Edible Oils, fats & Industrial Waxes | Bio Green Wax Ltd', 107325, 0, '2026-02-15 21:59:33'),
(1269, '37bd1628-d359-4fbb-84b2-bc4b8ebc0566', '/', 'Bio Green Wax Ltd for Edible Oils, fats & Industrial Waxes | Bio Green Wax Ltd', 107355, 0, '2026-02-15 22:00:02'),
(1270, '37bd1628-d359-4fbb-84b2-bc4b8ebc0566', '/', 'Bio Green Wax Ltd for Edible Oils, fats & Industrial Waxes | Bio Green Wax Ltd', 107421, 0, '2026-02-15 22:01:09'),
(1271, 'e8cfc247-c22d-4ccf-894a-b2ce4e2616d9', '/certifications', 'Certifications & Quality Standards | Bio Green Wax Ltd', 60349, 0, '2026-02-15 22:46:45'),
(1272, 'e8cfc247-c22d-4ccf-894a-b2ce4e2616d9', '/certifications', 'Certifications & Quality Standards | Bio Green Wax Ltd', 60361, 0, '2026-02-15 22:46:56'),
(1273, 'e8cfc247-c22d-4ccf-894a-b2ce4e2616d9', '/certifications', 'Certifications & Quality Standards | Bio Green Wax Ltd', 60491, 0, '2026-02-15 22:49:07'),
(1274, 'bc1d930c-4005-41de-babb-ad77d203e4f1', '/', 'Bio Green Wax Ltd for Edible Oils, fats & Industrial Waxes | Bio Green Wax Ltd', 5511, 0, '2026-02-15 22:51:21'),
(1275, '37bd1628-d359-4fbb-84b2-bc4b8ebc0566', '/', 'Bio Green Wax Ltd for Edible Oils, fats & Industrial Waxes | Bio Green Wax Ltd', 110773, 0, '2026-02-15 22:57:00'),
(1276, '37bd1628-d359-4fbb-84b2-bc4b8ebc0566', '/', 'Bio Green Wax Ltd for Edible Oils, fats & Industrial Waxes | Bio Green Wax Ltd', 110773, 0, '2026-02-15 22:57:37'),
(1277, 'bc1d930c-4005-41de-babb-ad77d203e4f1', '/', 'Bio Green Wax Ltd for Edible Oils, fats & Industrial Waxes | Bio Green Wax Ltd', 7525, 0, '2026-02-15 23:24:55'),
(1278, 'bc1d930c-4005-41de-babb-ad77d203e4f1', '/', 'Bio Green Wax Ltd for Edible Oils, fats & Industrial Waxes | Bio Green Wax Ltd', 7536, 0, '2026-02-15 23:25:07'),
(1279, 'bc1d930c-4005-41de-babb-ad77d203e4f1', '/', 'Bio Green Wax Ltd for Edible Oils, fats & Industrial Waxes | Bio Green Wax Ltd', 7730, 0, '2026-02-15 23:28:20'),
(1280, 'bc1d930c-4005-41de-babb-ad77d203e4f1', '/', 'Bio Green Wax Ltd for Edible Oils, fats & Industrial Waxes | Bio Green Wax Ltd', 7737, 0, '2026-02-15 23:28:27'),
(1281, 'bc1d930c-4005-41de-babb-ad77d203e4f1', '/', 'Bio Green Wax Ltd for Edible Oils, fats & Industrial Waxes | Bio Green Wax Ltd', 7741, 0, '2026-02-15 23:28:31'),
(1282, 'bc1d930c-4005-41de-babb-ad77d203e4f1', '/', 'Bio Green Wax Ltd for Edible Oils, fats & Industrial Waxes | Bio Green Wax Ltd', 7748, 0, '2026-02-15 23:28:38'),
(1283, 'bcc9a82d-c239-4fb2-a9a8-a5fd3e5af896', '/about', 'About Bio Green Wax Ltd | RSPO SG Certified Oils & Waxes Supplier | Bio Green Wax Ltd', 19720, 0, '2026-02-15 23:45:30'),
(1284, 'bcc9a82d-c239-4fb2-a9a8-a5fd3e5af896', '/about', 'About Bio Green Wax Ltd | RSPO SG Certified Oils & Waxes Supplier | Bio Green Wax Ltd', 19720, 0, '2026-02-15 23:46:01'),
(1285, '56b7f794-07dc-43cf-a010-6f8a55e11612', '/about', 'About Bio Green Wax Ltd | RSPO SG Certified Oils & Waxes Supplier | Bio Green Wax Ltd', 21214, 81, '2026-02-15 23:50:52'),
(1286, 'bc1d930c-4005-41de-babb-ad77d203e4f1', '/', 'Bio Green Wax Ltd for Edible Oils, fats & Industrial Waxes | Bio Green Wax Ltd', 9274, 0, '2026-02-15 23:54:04'),
(1287, '9d99ec46-9f5e-40f6-a4b4-8d1561ee13e0', '/', 'Bio Green Wax Ltd | Premium Edible Oils & Industrial Waxes UK', 0, 0, '2026-02-16 01:09:48'),
(1288, '9d99ec46-9f5e-40f6-a4b4-8d1561ee13e0', '/', 'Premium Edible Oils & Industrial Waxes Supplier | Bio Green Wax Ltd', 12, 93, '2026-02-16 01:09:59'),
(1289, '293a4a4a-e56e-44e2-8690-0d6e987f8953', '/', 'Bio Green Wax Ltd | Premium Edible Oils & Industrial Waxes UK', 0, 0, '2026-02-16 06:56:54'),
(1290, '293a4a4a-e56e-44e2-8690-0d6e987f8953', '/', 'Bio Green Wax Ltd for Edible Oils, fats & Industrial Waxes | Bio Green Wax Ltd', 91, 101, '2026-02-16 06:58:24'),
(1291, '293a4a4a-e56e-44e2-8690-0d6e987f8953', '/certifications', 'Bio Green Wax Ltd for Edible Oils, fats & Industrial Waxes | Bio Green Wax Ltd', 0, 0, '2026-02-16 06:58:25'),
(1292, '293a4a4a-e56e-44e2-8690-0d6e987f8953', '/certifications', 'Certifications & Quality Standards | Bio Green Wax Ltd | Bio Green Wax Ltd', 48, 101, '2026-02-16 06:59:13'),
(1293, '293a4a4a-e56e-44e2-8690-0d6e987f8953', '/products', 'Certifications & Quality Standards | Bio Green Wax Ltd | Bio Green Wax Ltd', 0, 0, '2026-02-16 06:59:14'),
(1294, '293a4a4a-e56e-44e2-8690-0d6e987f8953', '/products', 'Products | Edible Oils, Candle Waxes, Industrial Waxes & Oleochemicals | Bio Green Wax Ltd', 56, 101, '2026-02-16 07:00:10');
INSERT INTO `page_views` (`id`, `session_id`, `page_path`, `page_title`, `time_on_page`, `scroll_depth`, `viewed_at`) VALUES
(1295, '293a4a4a-e56e-44e2-8690-0d6e987f8953', '/sectors/candle-making', 'Products | Edible Oils, Candle Waxes, Industrial Waxes & Oleochemicals | Bio Green Wax Ltd', 0, 0, '2026-02-16 07:00:11'),
(1296, '293a4a4a-e56e-44e2-8690-0d6e987f8953', '/sectors/candle-making', 'Candle Making - Industries We Serve | Bio Green Wax Ltd', 17, 102, '2026-02-16 07:00:28'),
(1297, '293a4a4a-e56e-44e2-8690-0d6e987f8953', '/products', 'Products | Edible Oils, Candle Waxes, Industrial Waxes & Oleochemicals | Bio Green Wax Ltd', 0, 0, '2026-02-16 07:00:29'),
(1298, '293a4a4a-e56e-44e2-8690-0d6e987f8953', '/products', 'Products | Edible Oils, Candle Waxes, Industrial Waxes & Oleochemicals | Bio Green Wax Ltd', 67, 266, '2026-02-16 07:01:36'),
(1299, '4d59aba7-dc65-4150-a3b5-a17330db36e7', '/', 'Bio Green Wax Ltd | Premium Edible Oils & Industrial Waxes UK', 0, 0, '2026-02-16 07:05:40'),
(1300, '4d59aba7-dc65-4150-a3b5-a17330db36e7', '/', 'Bio Green Wax Ltd for Edible Oils, fats & Industrial Waxes | Bio Green Wax Ltd', 126, 0, '2026-02-16 07:07:46'),
(1301, '4d59aba7-dc65-4150-a3b5-a17330db36e7', '/products', 'Bio Green Wax Ltd for Edible Oils, fats & Industrial Waxes | Bio Green Wax Ltd', 0, 0, '2026-02-16 07:07:46'),
(1302, '4d59aba7-dc65-4150-a3b5-a17330db36e7', '/products', 'Products | Edible Oils, Candle Waxes, Industrial Waxes & Oleochemicals | Bio Green Wax Ltd', 153, 100, '2026-02-16 07:10:20'),
(1303, '4d59aba7-dc65-4150-a3b5-a17330db36e7', '/products', 'Products | Edible Oils, Candle Waxes, Industrial Waxes & Oleochemicals | Bio Green Wax Ltd', 581, 100, '2026-02-16 07:17:28'),
(1304, '4d59aba7-dc65-4150-a3b5-a17330db36e7', '/careers', 'Products | Edible Oils, Candle Waxes, Industrial Waxes & Oleochemicals | Bio Green Wax Ltd', 0, 0, '2026-02-16 07:17:28'),
(1305, '4d59aba7-dc65-4150-a3b5-a17330db36e7', '/careers', 'Careers at Bio Green Wax Ltd | Join Our Team | Bio Green Wax Ltd', 31, 43, '2026-02-16 07:17:59'),
(1306, '4d59aba7-dc65-4150-a3b5-a17330db36e7', '/about', 'Careers at Bio Green Wax Ltd | Join Our Team | Bio Green Wax Ltd', 0, 0, '2026-02-16 07:17:59'),
(1307, '4d59aba7-dc65-4150-a3b5-a17330db36e7', '/about', 'About Bio Green Wax Ltd | RSPO SG Certified Oils & Waxes Supplier | Bio Green Wax Ltd', 47, 56, '2026-02-16 07:18:47'),
(1308, '4d59aba7-dc65-4150-a3b5-a17330db36e7', '/certifications', 'About Bio Green Wax Ltd | RSPO SG Certified Oils & Waxes Supplier | Bio Green Wax Ltd', 0, 0, '2026-02-16 07:18:47'),
(1309, '4d59aba7-dc65-4150-a3b5-a17330db36e7', '/certifications', 'Certifications & Quality Standards | Bio Green Wax Ltd | Bio Green Wax Ltd', 10, 15, '2026-02-16 07:18:57'),
(1310, '4d59aba7-dc65-4150-a3b5-a17330db36e7', '/certifications', 'Certifications & Quality Standards | Bio Green Wax Ltd | Bio Green Wax Ltd', 51, 15, '2026-02-16 07:19:37'),
(1311, '1437ae3f-b552-4ef4-adad-8414daa410f5', '/products', 'Bio Green Wax Ltd | Premium Edible Oils & Industrial Waxes UK', 0, 0, '2026-02-16 07:26:07'),
(1312, '1437ae3f-b552-4ef4-adad-8414daa410f5', '/products', 'Products | Edible Oils, Candle Waxes, Industrial Waxes & Oleochemicals | Bio Green Wax Ltd', 78, 2, '2026-02-16 07:27:25'),
(1313, '4d59aba7-dc65-4150-a3b5-a17330db36e7', '/certifications', 'Certifications & Quality Standards | Bio Green Wax Ltd | Bio Green Wax Ltd', 3275, 15, '2026-02-16 08:13:22'),
(1314, '4d59aba7-dc65-4150-a3b5-a17330db36e7', '/certifications', 'Certifications & Quality Standards | Bio Green Wax Ltd | Bio Green Wax Ltd', 3290, 15, '2026-02-16 08:13:37'),
(1315, '4d59aba7-dc65-4150-a3b5-a17330db36e7', '/certifications', 'Certifications & Quality Standards | Bio Green Wax Ltd | Bio Green Wax Ltd', 3319, 100, '2026-02-16 08:14:06'),
(1316, '4d59aba7-dc65-4150-a3b5-a17330db36e7', '/certifications', 'Certifications & Quality Standards | Bio Green Wax Ltd | Bio Green Wax Ltd', 3329, 100, '2026-02-16 08:14:16'),
(1317, '4d59aba7-dc65-4150-a3b5-a17330db36e7', '/certifications', 'Certifications & Quality Standards | Bio Green Wax Ltd | Bio Green Wax Ltd', 3378, 100, '2026-02-16 08:15:04'),
(1318, '4d59aba7-dc65-4150-a3b5-a17330db36e7', '/contact', 'Certifications & Quality Standards | Bio Green Wax Ltd | Bio Green Wax Ltd', 0, 0, '2026-02-16 08:15:06'),
(1319, '4d59aba7-dc65-4150-a3b5-a17330db36e7', '/contact', 'Contact Bio Green Wax Ltd | Request Quotes & Samples | Bio Green Wax Ltd', 25, 36, '2026-02-16 08:15:30'),
(1320, '4d59aba7-dc65-4150-a3b5-a17330db36e7', '/sectors/packaging', 'Contact Bio Green Wax Ltd | Request Quotes & Samples | Bio Green Wax Ltd', 0, 0, '2026-02-16 08:15:30'),
(1321, '4d59aba7-dc65-4150-a3b5-a17330db36e7', '/sectors/packaging', 'Packaging - Industries We Serve | Bio Green Wax Ltd', 15, 33, '2026-02-16 08:15:45'),
(1322, '4d59aba7-dc65-4150-a3b5-a17330db36e7', '/sectors/pharmaceuticals', 'Packaging - Industries We Serve | Bio Green Wax Ltd', 0, 0, '2026-02-16 08:15:45'),
(1323, '4d59aba7-dc65-4150-a3b5-a17330db36e7', '/sectors/pharmaceuticals', 'Pharmaceuticals - Industries We Serve | Bio Green Wax Ltd', 16, 28, '2026-02-16 08:16:02'),
(1324, '4d59aba7-dc65-4150-a3b5-a17330db36e7', '/about', 'About Us | Bio Green Wax Ltd', 0, 0, '2026-02-16 08:16:02'),
(1325, '4d59aba7-dc65-4150-a3b5-a17330db36e7', '/about', 'About Bio Green Wax Ltd | RSPO SG Certified Oils & Waxes Supplier | Bio Green Wax Ltd', 59, 53, '2026-02-16 08:17:01'),
(1326, '4d59aba7-dc65-4150-a3b5-a17330db36e7', '/', 'Premium Edible Oils & Industrial Waxes Supplier | Bio Green Wax Ltd', 0, 0, '2026-02-16 08:17:01'),
(1327, '4d59aba7-dc65-4150-a3b5-a17330db36e7', '/', 'Bio Green Wax Ltd for Edible Oils, fats & Industrial Waxes | Bio Green Wax Ltd', 74, 82, '2026-02-16 08:18:16'),
(1328, '4d59aba7-dc65-4150-a3b5-a17330db36e7', '/news', 'Bio Green Wax Ltd for Edible Oils, fats & Industrial Waxes | Bio Green Wax Ltd', 0, 0, '2026-02-16 08:18:16'),
(1329, '4d59aba7-dc65-4150-a3b5-a17330db36e7', '/news', 'News & Industry Updates | Bio Green Wax Ltd | Bio Green Wax Ltd', 15, 53, '2026-02-16 08:18:31'),
(1330, '4d59aba7-dc65-4150-a3b5-a17330db36e7', '/news/trade-show-success-uk-candle-expo', 'News & Industry Updates | Bio Green Wax Ltd | Bio Green Wax Ltd', 0, 0, '2026-02-16 08:18:32'),
(1331, '4d59aba7-dc65-4150-a3b5-a17330db36e7', '/news/trade-show-success-uk-candle-expo', 'Trade Show Success at UK Candle Expo | Bio Green Wax Ltd', 25, 37, '2026-02-16 08:18:56'),
(1332, '4d59aba7-dc65-4150-a3b5-a17330db36e7', '/news', 'News & Industry Updates | Bio Green Wax Ltd | Bio Green Wax Ltd', 0, 0, '2026-02-16 08:18:57'),
(1333, '4d59aba7-dc65-4150-a3b5-a17330db36e7', '/news', 'News & Industry Updates | Bio Green Wax Ltd | Bio Green Wax Ltd', 4, 23, '2026-02-16 08:19:01'),
(1334, '4d59aba7-dc65-4150-a3b5-a17330db36e7', '/news/new-rspo-certification-achieved', 'News & Industry Updates | Bio Green Wax Ltd | Bio Green Wax Ltd', 0, 0, '2026-02-16 08:19:02'),
(1335, '4d59aba7-dc65-4150-a3b5-a17330db36e7', '/news/new-rspo-certification-achieved', 'New RSPO Certification Achieved | Bio Green Wax Ltd', 11, 35, '2026-02-16 08:19:13'),
(1336, '4d59aba7-dc65-4150-a3b5-a17330db36e7', '/news', 'News & Industry Updates | Bio Green Wax Ltd | Bio Green Wax Ltd', 0, 0, '2026-02-16 08:19:13'),
(1337, '4d59aba7-dc65-4150-a3b5-a17330db36e7', '/news', 'News & Industry Updates | Bio Green Wax Ltd | Bio Green Wax Ltd', 5, 20, '2026-02-16 08:19:18'),
(1338, '4d59aba7-dc65-4150-a3b5-a17330db36e7', '/news/bio-green-wax-expands-product-range', 'News & Industry Updates | Bio Green Wax Ltd | Bio Green Wax Ltd', 0, 0, '2026-02-16 08:19:18'),
(1339, '4d59aba7-dc65-4150-a3b5-a17330db36e7', '/news/bio-green-wax-expands-product-range', 'Bio Green Wax Expands Product Range | Bio Green Wax Ltd', 18, 45, '2026-02-16 08:19:36'),
(1340, '4d59aba7-dc65-4150-a3b5-a17330db36e7', '/news', 'News & Industry Updates | Bio Green Wax Ltd | Bio Green Wax Ltd', 0, 0, '2026-02-16 08:19:39'),
(1341, '4d59aba7-dc65-4150-a3b5-a17330db36e7', '/news', 'News & Industry Updates | Bio Green Wax Ltd | Bio Green Wax Ltd', 231, 22, '2026-02-16 08:23:27'),
(1342, '4d59aba7-dc65-4150-a3b5-a17330db36e7', '/news', 'News & Industry Updates | Bio Green Wax Ltd | Bio Green Wax Ltd', 967, 22, '2026-02-16 08:35:45'),
(1343, '1437ae3f-b552-4ef4-adad-8414daa410f5', '/products', 'Products | Edible Oils, Candle Waxes, Industrial Waxes & Oleochemicals | Bio Green Wax Ltd', 9518, 2, '2026-02-16 10:04:45'),
(1344, '37bd1628-d359-4fbb-84b2-bc4b8ebc0566', '/', 'Bio Green Wax Ltd | Premium Edible Oils & Industrial Waxes UK', 0, 0, '2026-02-16 10:05:37'),
(1345, '37bd1628-d359-4fbb-84b2-bc4b8ebc0566', '/', 'Bio Green Wax Ltd for Edible Oils, fats & Industrial Waxes | Bio Green Wax Ltd', 8, 89, '2026-02-16 10:05:45'),
(1346, '37bd1628-d359-4fbb-84b2-bc4b8ebc0566', '/', 'Bio Green Wax Ltd for Edible Oils, fats & Industrial Waxes | Bio Green Wax Ltd', 8, 89, '2026-02-16 10:05:45'),
(1347, 'cda96c46-8c89-4319-afcc-ca492f1a9451', '/products', 'Our Products - Edible Oils & Industrial Waxes | Bio Green Wax Ltd', 101296, 0, '2026-02-16 10:06:02'),
(1348, 'cda96c46-8c89-4319-afcc-ca492f1a9451', '/products', 'Our Products - Edible Oils & Industrial Waxes | Bio Green Wax Ltd', 101296, 0, '2026-02-16 10:06:02'),
(1349, 'fe2edf2b-af51-4c46-b4f5-c6ea6a12e112', '/', 'Bio Green Wax Ltd | Premium Edible Oils & Industrial Waxes UK', 0, 0, '2026-02-16 10:06:36'),
(1350, 'fe2edf2b-af51-4c46-b4f5-c6ea6a12e112', '/', 'Bio Green Wax Ltd | Premium Edible Oils & Industrial Waxes UK', 1, 0, '2026-02-16 10:06:36'),
(1351, 'bc1d930c-4005-41de-babb-ad77d203e4f1', '/', 'Bio Green Wax Ltd for Edible Oils, fats & Industrial Waxes | Bio Green Wax Ltd', 46431, 0, '2026-02-16 10:13:22'),
(1352, 'fead1bd8-54c7-455c-ba18-904092bd2438', '/', 'Bio Green Wax Ltd | Premium Edible Oils & Industrial Waxes UK', 0, 0, '2026-02-16 10:35:43'),
(1353, 'ab24e62f-1786-4e75-9833-c7a19a7baccc', '/', 'Bio Green Wax Ltd | Premium Edible Oils & Industrial Waxes UK', 0, 0, '2026-02-16 11:23:49'),
(1354, 'b9ac0f03-8e0c-4287-9cbe-ac8e6e1462c2', '/products', 'Bio Green Wax Ltd | Premium Edible Oils & Industrial Waxes UK', 0, 0, '2026-02-16 12:38:34'),
(1355, 'bc1d930c-4005-41de-babb-ad77d203e4f1', '/', 'Bio Green Wax Ltd for Edible Oils, fats & Industrial Waxes | Bio Green Wax Ltd', 55289, 0, '2026-02-16 12:41:00'),
(1356, 'bc1d930c-4005-41de-babb-ad77d203e4f1', '/', 'Bio Green Wax Ltd for Edible Oils, fats & Industrial Waxes | Bio Green Wax Ltd', 55289, 0, '2026-02-16 12:41:01'),
(1357, 'bc1d930c-4005-41de-babb-ad77d203e4f1', '/', 'Bio Green Wax Ltd for Edible Oils, fats & Industrial Waxes | Bio Green Wax Ltd', 55290, 0, '2026-02-16 12:41:01'),
(1358, 'bc1d930c-4005-41de-babb-ad77d203e4f1', '/', 'Bio Green Wax Ltd for Edible Oils, fats & Industrial Waxes | Bio Green Wax Ltd', 55290, 0, '2026-02-16 12:41:02'),
(1359, 'bc1d930c-4005-41de-babb-ad77d203e4f1', '/', 'Bio Green Wax Ltd for Edible Oils, fats & Industrial Waxes | Bio Green Wax Ltd', 55292, 0, '2026-02-16 12:41:03'),
(1360, 'bc1d930c-4005-41de-babb-ad77d203e4f1', '/', 'Bio Green Wax Ltd for Edible Oils, fats & Industrial Waxes | Bio Green Wax Ltd', 55292, 0, '2026-02-16 12:41:04'),
(1361, 'bc1d930c-4005-41de-babb-ad77d203e4f1', '/', 'Bio Green Wax Ltd for Edible Oils, fats & Industrial Waxes | Bio Green Wax Ltd', 55293, 0, '2026-02-16 12:41:05'),
(1362, 'bc1d930c-4005-41de-babb-ad77d203e4f1', '/', 'Bio Green Wax Ltd for Edible Oils, fats & Industrial Waxes | Bio Green Wax Ltd', 55294, 0, '2026-02-16 12:41:05'),
(1363, 'bc1d930c-4005-41de-babb-ad77d203e4f1', '/', 'Bio Green Wax Ltd for Edible Oils, fats & Industrial Waxes | Bio Green Wax Ltd', 55296, 0, '2026-02-16 12:41:07'),
(1364, 'bc1d930c-4005-41de-babb-ad77d203e4f1', '/', 'Bio Green Wax Ltd for Edible Oils, fats & Industrial Waxes | Bio Green Wax Ltd', 55297, 0, '2026-02-16 12:41:08'),
(1365, 'bc1d930c-4005-41de-babb-ad77d203e4f1', '/', 'Bio Green Wax Ltd for Edible Oils, fats & Industrial Waxes | Bio Green Wax Ltd', 55298, 0, '2026-02-16 12:41:09'),
(1366, 'bc1d930c-4005-41de-babb-ad77d203e4f1', '/', 'Bio Green Wax Ltd for Edible Oils, fats & Industrial Waxes | Bio Green Wax Ltd', 55674, 0, '2026-02-16 12:47:25'),
(1367, 'bc1d930c-4005-41de-babb-ad77d203e4f1', '/', 'Bio Green Wax Ltd for Edible Oils, fats & Industrial Waxes | Bio Green Wax Ltd', 55961, 0, '2026-02-16 12:52:13'),
(1368, 'bc1d930c-4005-41de-babb-ad77d203e4f1', '/', 'Bio Green Wax Ltd for Edible Oils, fats & Industrial Waxes | Bio Green Wax Ltd', 55965, 0, '2026-02-16 12:52:17'),
(1369, 'bc1d930c-4005-41de-babb-ad77d203e4f1', '/', 'Bio Green Wax Ltd for Edible Oils, fats & Industrial Waxes | Bio Green Wax Ltd', 55966, 0, '2026-02-16 12:52:17'),
(1370, 'bc1d930c-4005-41de-babb-ad77d203e4f1', '/', 'Bio Green Wax Ltd for Edible Oils, fats & Industrial Waxes | Bio Green Wax Ltd', 55981, 0, '2026-02-16 12:52:32'),
(1371, 'bc1d930c-4005-41de-babb-ad77d203e4f1', '/', 'Bio Green Wax Ltd for Edible Oils, fats & Industrial Waxes | Bio Green Wax Ltd', 55982, 0, '2026-02-16 12:52:33'),
(1372, 'bc1d930c-4005-41de-babb-ad77d203e4f1', '/', 'Bio Green Wax Ltd for Edible Oils, fats & Industrial Waxes | Bio Green Wax Ltd', 55992, 0, '2026-02-16 12:52:43'),
(1373, 'bc1d930c-4005-41de-babb-ad77d203e4f1', '/', 'Bio Green Wax Ltd for Edible Oils, fats & Industrial Waxes | Bio Green Wax Ltd', 56027, 0, '2026-02-16 12:53:19'),
(1374, '56b7f794-07dc-43cf-a010-6f8a55e11612', '/about', 'About Bio Green Wax Ltd | RSPO SG Certified Oils & Waxes Supplier | Bio Green Wax Ltd', 68696, 81, '2026-02-16 13:02:16'),
(1375, 'bc1d930c-4005-41de-babb-ad77d203e4f1', '/', 'Bio Green Wax Ltd for Edible Oils, fats & Industrial Waxes | Bio Green Wax Ltd', 56605, 0, '2026-02-16 13:02:57'),
(1376, 'bc1d930c-4005-41de-babb-ad77d203e4f1', '/', 'Bio Green Wax Ltd for Edible Oils, fats & Industrial Waxes | Bio Green Wax Ltd', 56605, 0, '2026-02-16 13:02:57'),
(1377, 'bfbb09cd-8642-432d-9f60-cde91f4eebc4', '/', 'Bio Green Wax Ltd | Premium Edible Oils & Industrial Waxes UK', 0, 0, '2026-02-17 06:56:41'),
(1378, 'bfbb09cd-8642-432d-9f60-cde91f4eebc4', '/', 'Bio Green Wax Ltd for Edible Oils, fats & Industrial Waxes | Bio Green Wax Ltd', 5, 0, '2026-02-17 06:56:46'),
(1379, 'bfbb09cd-8642-432d-9f60-cde91f4eebc4', '/about', 'About Us | Bio Green Wax Ltd', 0, 0, '2026-02-17 06:56:46'),
(1380, 'bfbb09cd-8642-432d-9f60-cde91f4eebc4', '/about', 'About Bio Green Wax Ltd | RSPO SG Certified Oils & Waxes Supplier | Bio Green Wax Ltd', 479, 74, '2026-02-17 07:04:45'),
(1381, 'bfbb09cd-8642-432d-9f60-cde91f4eebc4', '/about', 'About Bio Green Wax Ltd | RSPO SG Certified Oils & Waxes Supplier | Bio Green Wax Ltd', 1069, 74, '2026-02-17 07:14:36'),
(1382, 'bfbb09cd-8642-432d-9f60-cde91f4eebc4', '/about', 'About Bio Green Wax Ltd | RSPO SG Certified Oils & Waxes Supplier | Bio Green Wax Ltd', 1072, 74, '2026-02-17 07:14:38'),
(1383, 'bfbb09cd-8642-432d-9f60-cde91f4eebc4', '/about', 'About Bio Green Wax Ltd | RSPO SG Certified Oils & Waxes Supplier | Bio Green Wax Ltd', 1189, 74, '2026-02-17 07:16:35'),
(1384, 'bfbb09cd-8642-432d-9f60-cde91f4eebc4', '/about', 'About Bio Green Wax Ltd | RSPO SG Certified Oils & Waxes Supplier | Bio Green Wax Ltd', 2713, 74, '2026-02-17 07:42:00'),
(1385, '28b6cb07-653b-45c7-82cd-c37993cfc64b', '/', 'Bio Green Wax Ltd | Premium Edible Oils & Industrial Waxes UK', 0, 0, '2026-02-17 10:58:45'),
(1386, '826e19be-838b-49d6-87a9-73e4ec8ca070', '/', 'Bio Green Wax Ltd | Premium Edible Oils & Industrial Waxes UK', 0, 0, '2026-02-17 12:57:34'),
(1387, '826e19be-838b-49d6-87a9-73e4ec8ca070', '/', 'Bio Green Wax Ltd for Edible Oils, fats & Industrial Waxes | Bio Green Wax Ltd', 18, 66, '2026-02-17 12:57:52'),
(1388, '826e19be-838b-49d6-87a9-73e4ec8ca070', '/products', 'Bio Green Wax Ltd for Edible Oils, fats & Industrial Waxes | Bio Green Wax Ltd', 0, 0, '2026-02-17 12:57:52'),
(1389, '826e19be-838b-49d6-87a9-73e4ec8ca070', '/products', 'Products | Edible Oils, Candle Waxes, Industrial Waxes & Oleochemicals | Bio Green Wax Ltd', 3, 10, '2026-02-17 12:57:56'),
(1390, '826e19be-838b-49d6-87a9-73e4ec8ca070', '/', 'Bio Green Wax Ltd for Edible Oils, fats & Industrial Waxes | Bio Green Wax Ltd', 0, 0, '2026-02-17 12:57:56'),
(1391, '826e19be-838b-49d6-87a9-73e4ec8ca070', '/', 'Bio Green Wax Ltd for Edible Oils, fats & Industrial Waxes | Bio Green Wax Ltd', 3, 52, '2026-02-17 12:57:59'),
(1392, '826e19be-838b-49d6-87a9-73e4ec8ca070', '/products', 'Products | Edible Oils, Candle Waxes, Industrial Waxes & Oleochemicals | Bio Green Wax Ltd', 0, 0, '2026-02-17 12:57:59'),
(1393, '826e19be-838b-49d6-87a9-73e4ec8ca070', '/products', 'Products | Edible Oils, Candle Waxes, Industrial Waxes & Oleochemicals | Bio Green Wax Ltd', 7, 68, '2026-02-17 12:58:06'),
(1394, '826e19be-838b-49d6-87a9-73e4ec8ca070', '/products/palm-paraffin-blended-wax-jarcandles', 'Products | Edible Oils, Candle Waxes, Industrial Waxes & Oleochemicals | Bio Green Wax Ltd', 0, 0, '2026-02-17 12:58:06'),
(1395, '826e19be-838b-49d6-87a9-73e4ec8ca070', '/products/palm-paraffin-blended-wax-jarcandles', 'Palm-Paraffin blended wax for jar candles | Bio Green Wax Ltd', 3, 28, '2026-02-17 12:58:09'),
(1396, '826e19be-838b-49d6-87a9-73e4ec8ca070', '/contact', 'Palm-Paraffin blended wax for jar candles | Bio Green Wax Ltd', 0, 0, '2026-02-17 12:58:09'),
(1397, '826e19be-838b-49d6-87a9-73e4ec8ca070', '/contact', 'Contact Bio Green Wax Ltd | Request Quotes & Samples | Bio Green Wax Ltd', 2, 100, '2026-02-17 12:58:12'),
(1398, '826e19be-838b-49d6-87a9-73e4ec8ca070', '/contact', 'Contact Bio Green Wax Ltd | Request Quotes & Samples | Bio Green Wax Ltd', 2, 100, '2026-02-17 12:58:12'),
(1399, 'eb858c4a-021c-4d70-8228-8e9f67bf10d5', '/', 'Bio Green Wax Ltd for Edible Oils, fats & Industrial Waxes | Bio Green Wax Ltd', 3, 0, '2026-02-17 13:54:48'),
(1400, 'eb858c4a-021c-4d70-8228-8e9f67bf10d5', '/products', 'Products | Edible Oils, Candle Waxes, Industrial Waxes & Oleochemicals | Bio Green Wax Ltd', 4, 6, '2026-02-17 13:55:14'),
(1401, 'eb858c4a-021c-4d70-8228-8e9f67bf10d5', '/products', 'Products | Edible Oils, Candle Waxes, Industrial Waxes & Oleochemicals | Bio Green Wax Ltd', 0, 0, '2026-02-17 13:55:14'),
(1402, 'eb858c4a-021c-4d70-8228-8e9f67bf10d5', '/', 'Bio Green Wax Ltd | Premium Edible Oils & Industrial Waxes UK', 0, 0, '2026-02-17 13:55:14'),
(1403, 'eb858c4a-021c-4d70-8228-8e9f67bf10d5', '/', 'Bio Green Wax Ltd for Edible Oils, fats & Industrial Waxes | Bio Green Wax Ltd', 0, 0, '2026-02-17 13:55:14'),
(1404, 'eb858c4a-021c-4d70-8228-8e9f67bf10d5', '/', 'Bio Green Wax Ltd for Edible Oils, fats & Industrial Waxes | Bio Green Wax Ltd', 41, 0, '2026-02-17 13:55:55'),
(1405, 'eb858c4a-021c-4d70-8228-8e9f67bf10d5', '/about', 'About Us | Bio Green Wax Ltd', 0, 0, '2026-02-17 13:55:55'),
(1406, '7ae52c99-e1dd-4d74-90d5-16f45e2d04ff', '/', 'Bio Green Wax Ltd | Premium Edible Oils & Industrial Waxes UK', 0, 0, '2026-02-17 13:56:05'),
(1407, '7ae52c99-e1dd-4d74-90d5-16f45e2d04ff', '/', 'Bio Green Wax Ltd for Edible Oils, fats & Industrial Waxes | Bio Green Wax Ltd', 2, 0, '2026-02-17 13:56:06'),
(1408, '7ae52c99-e1dd-4d74-90d5-16f45e2d04ff', '/about', 'Bio Green Wax Ltd for Edible Oils, fats & Industrial Waxes | Bio Green Wax Ltd', 0, 0, '2026-02-17 13:56:06'),
(1409, '7ae52c99-e1dd-4d74-90d5-16f45e2d04ff', '/about', 'About Bio Green Wax Ltd | RSPO SG Certified Oils & Waxes Supplier | Bio Green Wax Ltd', 12, 0, '2026-02-17 13:56:20'),
(1410, 'c254b2a4-2409-48af-8695-1c9a00dfc8de', '/', 'Bio Green Wax Ltd | Premium Edible Oils & Industrial Waxes UK', 0, 0, '2026-02-17 13:56:20'),
(1411, 'c254b2a4-2409-48af-8695-1c9a00dfc8de', '/', 'Bio Green Wax Ltd for Edible Oils, fats & Industrial Waxes | Bio Green Wax Ltd', 6, 0, '2026-02-17 13:56:25'),
(1412, 'c254b2a4-2409-48af-8695-1c9a00dfc8de', '/', 'Bio Green Wax Ltd for Edible Oils, fats & Industrial Waxes | Bio Green Wax Ltd', 6, 0, '2026-02-17 13:56:25'),
(1413, 'eb858c4a-021c-4d70-8228-8e9f67bf10d5', '/about', 'About Bio Green Wax Ltd | RSPO SG Certified Oils & Waxes Supplier | Bio Green Wax Ltd', 31, 57, '2026-02-17 13:56:26'),
(1414, 'eb858c4a-021c-4d70-8228-8e9f67bf10d5', '/about', 'About Bio Green Wax Ltd | RSPO SG Certified Oils & Waxes Supplier | Bio Green Wax Ltd', 31, 57, '2026-02-17 13:56:26'),
(1415, 'eb858c4a-021c-4d70-8228-8e9f67bf10d5', '/about', 'Bio Green Wax Ltd | Premium Edible Oils & Industrial Waxes UK', 0, 0, '2026-02-17 13:56:26'),
(1416, 'eb858c4a-021c-4d70-8228-8e9f67bf10d5', '/about', 'About Bio Green Wax Ltd | RSPO SG Certified Oils & Waxes Supplier | Bio Green Wax Ltd', 15, 20, '2026-02-17 13:56:42'),
(1417, 'eb858c4a-021c-4d70-8228-8e9f67bf10d5', '/', 'Premium Edible Oils & Industrial Waxes Supplier | Bio Green Wax Ltd', 0, 0, '2026-02-17 13:56:42'),
(1418, 'eb858c4a-021c-4d70-8228-8e9f67bf10d5', '/', 'Bio Green Wax Ltd for Edible Oils, fats & Industrial Waxes | Bio Green Wax Ltd', 6, 0, '2026-02-17 13:56:48'),
(1419, 'eb858c4a-021c-4d70-8228-8e9f67bf10d5', '/about', 'About Bio Green Wax Ltd | RSPO SG Certified Oils & Waxes Supplier | Bio Green Wax Ltd', 0, 0, '2026-02-17 13:56:48'),
(1420, '7ae52c99-e1dd-4d74-90d5-16f45e2d04ff', '/about', 'About Bio Green Wax Ltd | RSPO SG Certified Oils & Waxes Supplier | Bio Green Wax Ltd', 59, 77, '2026-02-17 13:57:06'),
(1421, '7ae52c99-e1dd-4d74-90d5-16f45e2d04ff', '/about', 'About Bio Green Wax Ltd | RSPO SG Certified Oils & Waxes Supplier | Bio Green Wax Ltd', 99, 77, '2026-02-17 13:57:45'),
(1422, '7ae52c99-e1dd-4d74-90d5-16f45e2d04ff', '/about', 'About Bio Green Wax Ltd | RSPO SG Certified Oils & Waxes Supplier | Bio Green Wax Ltd', 99, 77, '2026-02-17 13:57:45'),
(1423, '7ae52c99-e1dd-4d74-90d5-16f45e2d04ff', '/about', 'Bio Green Wax Ltd | Premium Edible Oils & Industrial Waxes UK', 0, 0, '2026-02-17 13:57:45'),
(1424, '7ae52c99-e1dd-4d74-90d5-16f45e2d04ff', '/about', 'About Bio Green Wax Ltd | RSPO SG Certified Oils & Waxes Supplier | Bio Green Wax Ltd', 41, 81, '2026-02-17 13:58:26'),
(1425, 'eb858c4a-021c-4d70-8228-8e9f67bf10d5', '/about', 'About Bio Green Wax Ltd | RSPO SG Certified Oils & Waxes Supplier | Bio Green Wax Ltd', 114, 46, '2026-02-17 13:58:43'),
(1426, 'eb858c4a-021c-4d70-8228-8e9f67bf10d5', '/about', 'About Bio Green Wax Ltd | RSPO SG Certified Oils & Waxes Supplier | Bio Green Wax Ltd', 114, 46, '2026-02-17 13:58:43'),
(1427, '7ae52c99-e1dd-4d74-90d5-16f45e2d04ff', '/about', 'About Bio Green Wax Ltd | RSPO SG Certified Oils & Waxes Supplier | Bio Green Wax Ltd', 90, 81, '2026-02-17 13:59:15'),
(1428, '7ae52c99-e1dd-4d74-90d5-16f45e2d04ff', '/about', 'About Bio Green Wax Ltd | RSPO SG Certified Oils & Waxes Supplier | Bio Green Wax Ltd', 91, 81, '2026-02-17 13:59:16'),
(1429, '7ae52c99-e1dd-4d74-90d5-16f45e2d04ff', '/about', 'About Bio Green Wax Ltd | RSPO SG Certified Oils & Waxes Supplier | Bio Green Wax Ltd', 114, 81, '2026-02-17 13:59:40'),
(1430, 'eb858c4a-021c-4d70-8228-8e9f67bf10d5', '/', 'Bio Green Wax Ltd | Premium Edible Oils & Industrial Waxes UK', 0, 0, '2026-02-17 14:01:49'),
(1431, 'eb858c4a-021c-4d70-8228-8e9f67bf10d5', '/', 'Bio Green Wax Ltd for Edible Oils, fats & Industrial Waxes | Bio Green Wax Ltd', 5, 0, '2026-02-17 14:01:55'),
(1432, 'eb858c4a-021c-4d70-8228-8e9f67bf10d5', '/about', 'About Us | Bio Green Wax Ltd', 0, 0, '2026-02-17 14:01:55'),
(1433, 'eb858c4a-021c-4d70-8228-8e9f67bf10d5', '/about', 'About Bio Green Wax Ltd | RSPO SG Certified Oils & Waxes Supplier | Bio Green Wax Ltd', 21, 0, '2026-02-17 14:02:16'),
(1434, 'eb858c4a-021c-4d70-8228-8e9f67bf10d5', '/about', 'About Bio Green Wax Ltd | RSPO SG Certified Oils & Waxes Supplier | Bio Green Wax Ltd', 48, 30, '2026-02-17 14:02:43'),
(1435, 'eb858c4a-021c-4d70-8228-8e9f67bf10d5', '/about', 'About Bio Green Wax Ltd | RSPO SG Certified Oils & Waxes Supplier | Bio Green Wax Ltd', 560, 30, '2026-02-17 14:11:15'),
(1436, 'a0b29e7c-4cfa-4e7c-a769-8ab600c42949', '/', 'Bio Green Wax Ltd | Premium Edible Oils & Industrial Waxes UK', 0, 0, '2026-02-17 14:11:19'),
(1437, 'a0b29e7c-4cfa-4e7c-a769-8ab600c42949', '/about', 'About Us | Bio Green Wax Ltd', 4, 16, '2026-02-17 14:11:22'),
(1438, 'a0b29e7c-4cfa-4e7c-a769-8ab600c42949', '/about', 'Bio Green Wax Ltd | Premium Edible Oils & Industrial Waxes UK', 0, 0, '2026-02-17 14:11:23'),
(1439, 'ec853b41-6551-4427-8812-c22be1317f1f', '/about', 'Bio Green Wax Ltd | Premium Edible Oils & Industrial Waxes UK', 0, 0, '2026-02-17 14:11:31'),
(1440, 'eb858c4a-021c-4d70-8228-8e9f67bf10d5', '/about', 'About Bio Green Wax Ltd | RSPO SG Certified Oils & Waxes Supplier | Bio Green Wax Ltd', 580, 30, '2026-02-17 14:11:35'),
(1441, 'eb858c4a-021c-4d70-8228-8e9f67bf10d5', '/about', 'About Bio Green Wax Ltd | RSPO SG Certified Oils & Waxes Supplier | Bio Green Wax Ltd', 586, 30, '2026-02-17 14:11:40'),
(1442, 'a0b29e7c-4cfa-4e7c-a769-8ab600c42949', '/', 'Premium Edible Oils & Industrial Waxes Supplier | Bio Green Wax Ltd', 2, 0, '2026-02-17 14:11:46'),
(1443, 'a0b29e7c-4cfa-4e7c-a769-8ab600c42949', '/about', 'About Us | Bio Green Wax Ltd', 4, 16, '2026-02-17 14:11:46'),
(1444, 'a0b29e7c-4cfa-4e7c-a769-8ab600c42949', '/about', 'About Us | Bio Green Wax Ltd', 14, 8, '2026-02-17 14:11:46'),
(1445, 'eb858c4a-021c-4d70-8228-8e9f67bf10d5', '/about', 'About Bio Green Wax Ltd | RSPO SG Certified Oils & Waxes Supplier | Bio Green Wax Ltd', 632, 30, '2026-02-17 14:12:27'),
(1446, 'eb858c4a-021c-4d70-8228-8e9f67bf10d5', '/about', 'About Bio Green Wax Ltd | RSPO SG Certified Oils & Waxes Supplier | Bio Green Wax Ltd', 632, 30, '2026-02-17 14:12:27'),
(1447, 'a0b29e7c-4cfa-4e7c-a769-8ab600c42949', '/about', 'About Us | Bio Green Wax Ltd', 92, 8, '2026-02-17 14:12:55'),
(1448, 'a0b29e7c-4cfa-4e7c-a769-8ab600c42949', '/about', 'About Us | Bio Green Wax Ltd', 100, 8, '2026-02-17 14:13:03'),
(1449, 'e8b9f036-f43c-4131-b908-c3d03c46fe90', '/', 'Bio Green Wax Ltd | Premium Edible Oils & Industrial Waxes UK', 0, 0, '2026-02-17 14:14:01'),
(1450, 'e8b9f036-f43c-4131-b908-c3d03c46fe90', '/', 'Premium Edible Oils & Industrial Waxes Supplier | Bio Green Wax Ltd', 55, 58, '2026-02-17 14:14:55'),
(1451, 'e8b9f036-f43c-4131-b908-c3d03c46fe90', '/', 'Premium Edible Oils & Industrial Waxes Supplier | Bio Green Wax Ltd', 248, 58, '2026-02-17 14:18:09'),
(1452, 'a0b29e7c-4cfa-4e7c-a769-8ab600c42949', '/about', 'About Us | Bio Green Wax Ltd', 421, 8, '2026-02-17 14:18:24'),
(1453, 'a0b29e7c-4cfa-4e7c-a769-8ab600c42949', '/about', 'About Us | Bio Green Wax Ltd', 422, 8, '2026-02-17 14:18:24'),
(1454, 'a0b29e7c-4cfa-4e7c-a769-8ab600c42949', '/about', 'Bio Green Wax Ltd | Premium Edible Oils & Industrial Waxes UK', 0, 0, '2026-02-17 14:18:25'),
(1455, 'a0b29e7c-4cfa-4e7c-a769-8ab600c42949', '/about', 'About Bio Green Wax Ltd | RSPO SG Certified Oils & Waxes Supplier | Bio Green Wax Ltd', 1, 0, '2026-02-17 14:18:26'),
(1456, 'a0b29e7c-4cfa-4e7c-a769-8ab600c42949', '/about', 'About Bio Green Wax Ltd | RSPO SG Certified Oils & Waxes Supplier | Bio Green Wax Ltd', 1, 0, '2026-02-17 14:18:26'),
(1457, 'a0b29e7c-4cfa-4e7c-a769-8ab600c42949', '/about', 'Bio Green Wax Ltd | Premium Edible Oils & Industrial Waxes UK', 0, 0, '2026-02-17 14:18:26'),
(1458, 'a0b29e7c-4cfa-4e7c-a769-8ab600c42949', '/about', 'About Bio Green Wax Ltd | RSPO SG Certified Oils & Waxes Supplier | Bio Green Wax Ltd', 2, 16, '2026-02-17 14:18:28'),
(1459, 'a0b29e7c-4cfa-4e7c-a769-8ab600c42949', '/about', 'About Bio Green Wax Ltd | RSPO SG Certified Oils & Waxes Supplier | Bio Green Wax Ltd', 2, 16, '2026-02-17 14:18:28'),
(1460, 'a0b29e7c-4cfa-4e7c-a769-8ab600c42949', '/about', 'Bio Green Wax Ltd | Premium Edible Oils & Industrial Waxes UK', 0, 0, '2026-02-17 14:18:29'),
(1461, 'a0b29e7c-4cfa-4e7c-a769-8ab600c42949', '/about', 'About Bio Green Wax Ltd | RSPO SG Certified Oils & Waxes Supplier | Bio Green Wax Ltd', 2, 65, '2026-02-17 14:18:31'),
(1462, 'a0b29e7c-4cfa-4e7c-a769-8ab600c42949', '/', 'About Bio Green Wax Ltd | RSPO SG Certified Oils & Waxes Supplier | Bio Green Wax Ltd', 0, 0, '2026-02-17 14:18:31'),
(1463, 'a0b29e7c-4cfa-4e7c-a769-8ab600c42949', '/', 'Bio Green Wax Ltd for Edible Oils, fats & Industrial Waxes | Bio Green Wax Ltd', 5, 98, '2026-02-17 14:18:37'),
(1464, 'e8b9f036-f43c-4131-b908-c3d03c46fe90', '/', 'Premium Edible Oils & Industrial Waxes Supplier | Bio Green Wax Ltd', 278, 58, '2026-02-17 14:18:38'),
(1465, 'e8b9f036-f43c-4131-b908-c3d03c46fe90', '/', 'Premium Edible Oils & Industrial Waxes Supplier | Bio Green Wax Ltd', 278, 58, '2026-02-17 14:18:38'),
(1466, 'e8b9f036-f43c-4131-b908-c3d03c46fe90', '/', 'Bio Green Wax Ltd | Premium Edible Oils & Industrial Waxes UK', 0, 0, '2026-02-17 14:18:38'),
(1467, 'e8b9f036-f43c-4131-b908-c3d03c46fe90', '/', 'Bio Green Wax Ltd for Edible Oils, fats & Industrial Waxes | Bio Green Wax Ltd', 7, 100, '2026-02-17 14:18:46'),
(1468, 'e8b9f036-f43c-4131-b908-c3d03c46fe90', '/', 'Bio Green Wax Ltd for Edible Oils, fats & Industrial Waxes | Bio Green Wax Ltd', 8, 100, '2026-02-17 14:18:46'),
(1469, 'e8b9f036-f43c-4131-b908-c3d03c46fe90', '/', 'Bio Green Wax Ltd | Premium Edible Oils & Industrial Waxes UK', 0, 0, '2026-02-17 14:18:46'),
(1470, 'e8b9f036-f43c-4131-b908-c3d03c46fe90', '/', 'Bio Green Wax Ltd for Edible Oils, fats & Industrial Waxes | Bio Green Wax Ltd', 7, 70, '2026-02-17 14:18:53'),
(1471, 'e8b9f036-f43c-4131-b908-c3d03c46fe90', '/', 'Bio Green Wax Ltd for Edible Oils, fats & Industrial Waxes | Bio Green Wax Ltd', 7, 70, '2026-02-17 14:18:54'),
(1472, 'a0b29e7c-4cfa-4e7c-a769-8ab600c42949', '/', 'Bio Green Wax Ltd for Edible Oils, fats & Industrial Waxes | Bio Green Wax Ltd', 101, 98, '2026-02-17 14:20:12'),
(1473, 'a0b29e7c-4cfa-4e7c-a769-8ab600c42949', '/', 'Bio Green Wax Ltd for Edible Oils, fats & Industrial Waxes | Bio Green Wax Ltd', 144, 98, '2026-02-17 14:20:55'),
(1474, 'a0b29e7c-4cfa-4e7c-a769-8ab600c42949', '/', 'Bio Green Wax Ltd for Edible Oils, fats & Industrial Waxes | Bio Green Wax Ltd', 157, 98, '2026-02-17 14:21:08'),
(1475, 'a0b29e7c-4cfa-4e7c-a769-8ab600c42949', '/', 'Bio Green Wax Ltd for Edible Oils, fats & Industrial Waxes | Bio Green Wax Ltd', 167, 98, '2026-02-17 14:21:18'),
(1476, 'ec853b41-6551-4427-8812-c22be1317f1f', '/about', 'About Us | Bio Green Wax Ltd', 895, 12, '2026-02-17 14:26:25'),
(1477, 'ec853b41-6551-4427-8812-c22be1317f1f', '/about', 'About Us | Bio Green Wax Ltd', 895, 12, '2026-02-17 14:26:26'),
(1478, 'ec853b41-6551-4427-8812-c22be1317f1f', '/about', 'Bio Green Wax Ltd | Premium Edible Oils & Industrial Waxes UK', 0, 0, '2026-02-17 14:26:26'),
(1479, 'ec853b41-6551-4427-8812-c22be1317f1f', '/about', 'About Bio Green Wax Ltd | RSPO SG Certified Oils & Waxes Supplier | Bio Green Wax Ltd', 3, 16, '2026-02-17 14:26:29'),
(1480, 'eb858c4a-021c-4d70-8228-8e9f67bf10d5', '/', 'Bio Green Wax Ltd | Premium Edible Oils & Industrial Waxes UK', 0, 0, '2026-02-17 14:27:24'),
(1481, 'eb858c4a-021c-4d70-8228-8e9f67bf10d5', '/', 'Bio Green Wax Ltd for Edible Oils, fats & Industrial Waxes | Bio Green Wax Ltd', 2, 0, '2026-02-17 14:27:26'),
(1482, 'eb858c4a-021c-4d70-8228-8e9f67bf10d5', '/about', 'About Us | Bio Green Wax Ltd', 0, 0, '2026-02-17 14:27:26'),
(1483, 'eb858c4a-021c-4d70-8228-8e9f67bf10d5', '/about', 'About Bio Green Wax Ltd | RSPO SG Certified Oils & Waxes Supplier | Bio Green Wax Ltd', 10, 47, '2026-02-17 14:27:36'),
(1484, 'eb858c4a-021c-4d70-8228-8e9f67bf10d5', '/about', 'About Bio Green Wax Ltd | RSPO SG Certified Oils & Waxes Supplier | Bio Green Wax Ltd', 10, 47, '2026-02-17 14:27:36'),
(1485, 'a0b29e7c-4cfa-4e7c-a769-8ab600c42949', '/', 'Bio Green Wax Ltd for Edible Oils, fats & Industrial Waxes | Bio Green Wax Ltd', 548, 98, '2026-02-17 14:27:40'),
(1486, 'a0b29e7c-4cfa-4e7c-a769-8ab600c42949', '/', 'Bio Green Wax Ltd for Edible Oils, fats & Industrial Waxes | Bio Green Wax Ltd', 1676, 98, '2026-02-17 14:46:29'),
(1487, 'a0b29e7c-4cfa-4e7c-a769-8ab600c42949', '/', 'Bio Green Wax Ltd for Edible Oils, fats & Industrial Waxes | Bio Green Wax Ltd', 1713, 98, '2026-02-17 14:47:05'),
(1488, 'a0b29e7c-4cfa-4e7c-a769-8ab600c42949', '/', 'Bio Green Wax Ltd for Edible Oils, fats & Industrial Waxes | Bio Green Wax Ltd', 1713, 98, '2026-02-17 14:47:05'),
(1489, '7ae52c99-e1dd-4d74-90d5-16f45e2d04ff', '/about', 'About Bio Green Wax Ltd | RSPO SG Certified Oils & Waxes Supplier | Bio Green Wax Ltd', 2967, 81, '2026-02-17 14:47:13'),
(1490, '7ae52c99-e1dd-4d74-90d5-16f45e2d04ff', '/about', 'About Bio Green Wax Ltd | RSPO SG Certified Oils & Waxes Supplier | Bio Green Wax Ltd', 3088, 81, '2026-02-17 14:49:14'),
(1491, '4ac4c5f5-0976-4980-8895-368dd8714ed7', '/', 'Bio Green Wax Ltd | Premium Edible Oils & Industrial Waxes UK', 0, 0, '2026-02-17 14:53:04'),
(1492, '4ac4c5f5-0976-4980-8895-368dd8714ed7', '/', 'Bio Green Wax Ltd for Edible Oils, fats & Industrial Waxes | Bio Green Wax Ltd', 2, 0, '2026-02-17 14:53:04'),
(1493, '4ac4c5f5-0976-4980-8895-368dd8714ed7', '/about', 'Bio Green Wax Ltd for Edible Oils, fats & Industrial Waxes | Bio Green Wax Ltd', 0, 0, '2026-02-17 14:53:04'),
(1494, '4ac4c5f5-0976-4980-8895-368dd8714ed7', '/about', 'About Bio Green Wax Ltd | RSPO SG Certified Oils & Waxes Supplier | Bio Green Wax Ltd', 2, 8, '2026-02-17 14:53:07'),
(1495, '4ac4c5f5-0976-4980-8895-368dd8714ed7', '/about', 'About Bio Green Wax Ltd | RSPO SG Certified Oils & Waxes Supplier | Bio Green Wax Ltd', 697, 8, '2026-02-17 15:04:42'),
(1496, '4ac4c5f5-0976-4980-8895-368dd8714ed7', '/about', 'About Bio Green Wax Ltd | RSPO SG Certified Oils & Waxes Supplier | Bio Green Wax Ltd', 722, 8, '2026-02-17 15:05:07'),
(1497, '4ac4c5f5-0976-4980-8895-368dd8714ed7', '/about', 'About Bio Green Wax Ltd | RSPO SG Certified Oils & Waxes Supplier | Bio Green Wax Ltd', 966, 8, '2026-02-17 15:09:11'),
(1498, '4ac4c5f5-0976-4980-8895-368dd8714ed7', '/about', 'About Bio Green Wax Ltd | RSPO SG Certified Oils & Waxes Supplier | Bio Green Wax Ltd', 1035, 8, '2026-02-17 15:10:20'),
(1499, '4ac4c5f5-0976-4980-8895-368dd8714ed7', '/about', 'About Bio Green Wax Ltd | RSPO SG Certified Oils & Waxes Supplier | Bio Green Wax Ltd', 1038, 8, '2026-02-17 15:10:22'),
(1500, '4ac4c5f5-0976-4980-8895-368dd8714ed7', '/about', 'About Bio Green Wax Ltd | RSPO SG Certified Oils & Waxes Supplier | Bio Green Wax Ltd', 1058, 8, '2026-02-17 15:10:42'),
(1501, '4ac4c5f5-0976-4980-8895-368dd8714ed7', '/about', 'About Bio Green Wax Ltd | RSPO SG Certified Oils & Waxes Supplier | Bio Green Wax Ltd', 1085, 8, '2026-02-17 15:11:09'),
(1502, '4ac4c5f5-0976-4980-8895-368dd8714ed7', '/about', 'About Bio Green Wax Ltd | RSPO SG Certified Oils & Waxes Supplier | Bio Green Wax Ltd', 1225, 8, '2026-02-17 15:13:29'),
(1503, '4ac4c5f5-0976-4980-8895-368dd8714ed7', '/about', 'About Bio Green Wax Ltd | RSPO SG Certified Oils & Waxes Supplier | Bio Green Wax Ltd', 1453, 8, '2026-02-17 15:17:18'),
(1504, '4ac4c5f5-0976-4980-8895-368dd8714ed7', '/about', 'About Bio Green Wax Ltd | RSPO SG Certified Oils & Waxes Supplier | Bio Green Wax Ltd', 1455, 12, '2026-02-17 15:17:20'),
(1505, '4ac4c5f5-0976-4980-8895-368dd8714ed7', '/about', 'About Bio Green Wax Ltd | RSPO SG Certified Oils & Waxes Supplier | Bio Green Wax Ltd', 1591, 12, '2026-02-17 15:19:35'),
(1506, '4ac4c5f5-0976-4980-8895-368dd8714ed7', '/about', 'About Bio Green Wax Ltd | RSPO SG Certified Oils & Waxes Supplier | Bio Green Wax Ltd', 1591, 12, '2026-02-17 15:19:35'),
(1507, '4ac4c5f5-0976-4980-8895-368dd8714ed7', '/about', 'Bio Green Wax Ltd | Premium Edible Oils & Industrial Waxes UK', 0, 0, '2026-02-17 15:19:36'),
(1508, '4ac4c5f5-0976-4980-8895-368dd8714ed7', '/about', 'About Bio Green Wax Ltd | RSPO SG Certified Oils & Waxes Supplier | Bio Green Wax Ltd', 4, 12, '2026-02-17 15:19:40'),
(1509, '4ac4c5f5-0976-4980-8895-368dd8714ed7', '/about', 'About Bio Green Wax Ltd | RSPO SG Certified Oils & Waxes Supplier | Bio Green Wax Ltd', 4, 12, '2026-02-17 15:19:40'),
(1510, '4ac4c5f5-0976-4980-8895-368dd8714ed7', '/about', 'Bio Green Wax Ltd | Premium Edible Oils & Industrial Waxes UK', 0, 0, '2026-02-17 15:19:40'),
(1511, '4ac4c5f5-0976-4980-8895-368dd8714ed7', '/about', 'About Bio Green Wax Ltd | RSPO SG Certified Oils & Waxes Supplier | Bio Green Wax Ltd', 2, 0, '2026-02-17 15:19:43'),
(1512, '4ac4c5f5-0976-4980-8895-368dd8714ed7', '/about', 'About Bio Green Wax Ltd | RSPO SG Certified Oils & Waxes Supplier | Bio Green Wax Ltd', 3, 0, '2026-02-17 15:19:43'),
(1513, '4ac4c5f5-0976-4980-8895-368dd8714ed7', '/about', 'Bio Green Wax Ltd | Premium Edible Oils & Industrial Waxes UK', 0, 0, '2026-02-17 15:19:43'),
(1514, '4ac4c5f5-0976-4980-8895-368dd8714ed7', '/about', 'About Bio Green Wax Ltd | RSPO SG Certified Oils & Waxes Supplier | Bio Green Wax Ltd', 3, 0, '2026-02-17 15:19:47'),
(1515, '4ac4c5f5-0976-4980-8895-368dd8714ed7', '/about', 'About Bio Green Wax Ltd | RSPO SG Certified Oils & Waxes Supplier | Bio Green Wax Ltd', 9, 0, '2026-02-17 15:19:52'),
(1516, '4ac4c5f5-0976-4980-8895-368dd8714ed7', '/about', 'Bio Green Wax Ltd | Premium Edible Oils & Industrial Waxes UK', 0, 0, '2026-02-17 15:19:52'),
(1517, '4ac4c5f5-0976-4980-8895-368dd8714ed7', '/about', 'About Bio Green Wax Ltd | RSPO SG Certified Oils & Waxes Supplier | Bio Green Wax Ltd', 9, 0, '2026-02-17 15:19:52'),
(1518, '4ac4c5f5-0976-4980-8895-368dd8714ed7', '/about', 'About Bio Green Wax Ltd | RSPO SG Certified Oils & Waxes Supplier | Bio Green Wax Ltd', 7, 0, '2026-02-17 15:20:00'),
(1519, '4ac4c5f5-0976-4980-8895-368dd8714ed7', '/about', 'About Bio Green Wax Ltd | RSPO SG Certified Oils & Waxes Supplier | Bio Green Wax Ltd', 473, 0, '2026-02-17 15:27:46'),
(1520, '4ac4c5f5-0976-4980-8895-368dd8714ed7', '/about', 'About Bio Green Wax Ltd | RSPO SG Certified Oils & Waxes Supplier | Bio Green Wax Ltd', 473, 0, '2026-02-17 15:27:46'),
(1521, '4ac4c5f5-0976-4980-8895-368dd8714ed7', '/about', 'Bio Green Wax Ltd | Premium Edible Oils & Industrial Waxes UK', 0, 0, '2026-02-17 15:27:46'),
(1522, '4ac4c5f5-0976-4980-8895-368dd8714ed7', '/about', 'About Bio Green Wax Ltd | RSPO SG Certified Oils & Waxes Supplier | Bio Green Wax Ltd', 18, 0, '2026-02-17 15:28:05'),
(1523, '4ac4c5f5-0976-4980-8895-368dd8714ed7', '/about', 'About Bio Green Wax Ltd | RSPO SG Certified Oils & Waxes Supplier | Bio Green Wax Ltd', 776, 0, '2026-02-17 15:40:43'),
(1524, '4ac4c5f5-0976-4980-8895-368dd8714ed7', '/about', 'About Bio Green Wax Ltd | RSPO SG Certified Oils & Waxes Supplier | Bio Green Wax Ltd', 964, 0, '2026-02-17 15:43:50'),
(1525, '4ac4c5f5-0976-4980-8895-368dd8714ed7', '/about', 'About Bio Green Wax Ltd | RSPO SG Certified Oils & Waxes Supplier | Bio Green Wax Ltd', 964, 0, '2026-02-17 15:43:50'),
(1526, 'eb858c4a-021c-4d70-8228-8e9f67bf10d5', '/', 'Bio Green Wax Ltd | Premium Edible Oils & Industrial Waxes UK', 0, 0, '2026-02-17 15:44:30'),
(1527, 'eb858c4a-021c-4d70-8228-8e9f67bf10d5', '/', 'Bio Green Wax Ltd for Edible Oils, fats & Industrial Waxes | Bio Green Wax Ltd', 4, 0, '2026-02-17 15:44:34'),
(1528, 'eb858c4a-021c-4d70-8228-8e9f67bf10d5', '/about', 'Bio Green Wax Ltd for Edible Oils, fats & Industrial Waxes | Bio Green Wax Ltd', 0, 0, '2026-02-17 15:44:34'),
(1529, 'eb858c4a-021c-4d70-8228-8e9f67bf10d5', '/about', 'About Bio Green Wax Ltd | RSPO SG Certified Oils & Waxes Supplier | Bio Green Wax Ltd', 10, 51, '2026-02-17 15:44:45'),
(1530, 'df72f900-4716-4bcd-a9f7-fd42aa253cd6', '/', 'Bio Green Wax Ltd | Premium Edible Oils & Industrial Waxes UK', 0, 0, '2026-02-17 15:48:27'),
(1531, 'df72f900-4716-4bcd-a9f7-fd42aa253cd6', '/', 'Bio Green Wax Ltd | Premium Edible Oils & Industrial Waxes UK', 4, 0, '2026-02-17 15:48:31'),
(1532, '4ac4c5f5-0976-4980-8895-368dd8714ed7', '/', 'Bio Green Wax Ltd | Premium Edible Oils & Industrial Waxes UK', 0, 0, '2026-02-17 15:59:35'),
(1533, '4ac4c5f5-0976-4980-8895-368dd8714ed7', '/', 'Bio Green Wax Ltd for Edible Oils, fats & Industrial Waxes | Bio Green Wax Ltd', 2, 0, '2026-02-17 15:59:37'),
(1534, '4ac4c5f5-0976-4980-8895-368dd8714ed7', '/about', 'Bio Green Wax Ltd for Edible Oils, fats & Industrial Waxes | Bio Green Wax Ltd', 0, 0, '2026-02-17 15:59:37'),
(1535, '4ac4c5f5-0976-4980-8895-368dd8714ed7', '/about', 'About Bio Green Wax Ltd | RSPO SG Certified Oils & Waxes Supplier | Bio Green Wax Ltd', 2, 12, '2026-02-17 15:59:40'),
(1536, '4ac4c5f5-0976-4980-8895-368dd8714ed7', '/about', 'About Bio Green Wax Ltd | RSPO SG Certified Oils & Waxes Supplier | Bio Green Wax Ltd', 2, 12, '2026-02-17 15:59:40'),
(1537, '4ac4c5f5-0976-4980-8895-368dd8714ed7', '/about', 'Bio Green Wax Ltd | Premium Edible Oils & Industrial Waxes UK', 0, 0, '2026-02-17 15:59:41'),
(1538, '4ac4c5f5-0976-4980-8895-368dd8714ed7', '/about', 'About Bio Green Wax Ltd | RSPO SG Certified Oils & Waxes Supplier | Bio Green Wax Ltd', 7, 85, '2026-02-17 15:59:48'),
(1539, '4ac4c5f5-0976-4980-8895-368dd8714ed7', '/about', 'About Bio Green Wax Ltd | RSPO SG Certified Oils & Waxes Supplier | Bio Green Wax Ltd', 23, 85, '2026-02-17 16:00:04'),
(1540, '4ac4c5f5-0976-4980-8895-368dd8714ed7', '/about', 'About Bio Green Wax Ltd | RSPO SG Certified Oils & Waxes Supplier | Bio Green Wax Ltd', 23, 85, '2026-02-17 16:00:04'),
(1541, 'eb858c4a-021c-4d70-8228-8e9f67bf10d5', '/about', 'About Bio Green Wax Ltd | RSPO SG Certified Oils & Waxes Supplier | Bio Green Wax Ltd', 1745, 51, '2026-02-17 16:13:39'),
(1542, 'eb858c4a-021c-4d70-8228-8e9f67bf10d5', '/about', 'About Bio Green Wax Ltd | RSPO SG Certified Oils & Waxes Supplier | Bio Green Wax Ltd', 1745, 51, '2026-02-17 16:13:39'),
(1543, 'eb858c4a-021c-4d70-8228-8e9f67bf10d5', '/about', 'Bio Green Wax Ltd | Premium Edible Oils & Industrial Waxes UK', 0, 0, '2026-02-17 16:13:40'),
(1544, 'eb858c4a-021c-4d70-8228-8e9f67bf10d5', '/about', 'About Us | Bio Green Wax Ltd', 10, 30, '2026-02-17 16:13:50'),
(1545, 'eb858c4a-021c-4d70-8228-8e9f67bf10d5', '/about', 'Bio Green Wax Ltd | Premium Edible Oils & Industrial Waxes UK', 0, 0, '2026-02-17 16:13:50'),
(1546, 'eb858c4a-021c-4d70-8228-8e9f67bf10d5', '/about', 'About Us | Bio Green Wax Ltd', 10, 30, '2026-02-17 16:13:50'),
(1547, 'eb858c4a-021c-4d70-8228-8e9f67bf10d5', '/about', 'About Bio Green Wax Ltd | RSPO SG Certified Oils & Waxes Supplier | Bio Green Wax Ltd', 11, 43, '2026-02-17 16:14:01'),
(1548, 'eb858c4a-021c-4d70-8228-8e9f67bf10d5', '/about', 'About Bio Green Wax Ltd | RSPO SG Certified Oils & Waxes Supplier | Bio Green Wax Ltd', 11, 43, '2026-02-17 16:14:01'),
(1549, 'eb858c4a-021c-4d70-8228-8e9f67bf10d5', '/', 'Bio Green Wax Ltd | Premium Edible Oils & Industrial Waxes UK', 0, 0, '2026-02-17 16:15:31'),
(1550, 'eb858c4a-021c-4d70-8228-8e9f67bf10d5', '/', 'Bio Green Wax Ltd for Edible Oils, fats & Industrial Waxes | Bio Green Wax Ltd', 1, 0, '2026-02-17 16:15:32'),
(1551, 'eb858c4a-021c-4d70-8228-8e9f67bf10d5', '/about', 'About Us | Bio Green Wax Ltd', 0, 0, '2026-02-17 16:15:33'),
(1552, 'eb858c4a-021c-4d70-8228-8e9f67bf10d5', '/about', 'About Bio Green Wax Ltd | RSPO SG Certified Oils & Waxes Supplier | Bio Green Wax Ltd', 44, 13, '2026-02-17 16:16:17'),
(1553, 'eb858c4a-021c-4d70-8228-8e9f67bf10d5', '/about', 'About Bio Green Wax Ltd | RSPO SG Certified Oils & Waxes Supplier | Bio Green Wax Ltd', 139, 15, '2026-02-17 16:17:52'),
(1554, 'eb858c4a-021c-4d70-8228-8e9f67bf10d5', '/about', 'About Bio Green Wax Ltd | RSPO SG Certified Oils & Waxes Supplier | Bio Green Wax Ltd', 946, 15, '2026-02-17 16:31:19'),
(1555, 'eb858c4a-021c-4d70-8228-8e9f67bf10d5', '/about', 'About Bio Green Wax Ltd | RSPO SG Certified Oils & Waxes Supplier | Bio Green Wax Ltd', 999, 15, '2026-02-17 16:32:11'),
(1556, 'eb858c4a-021c-4d70-8228-8e9f67bf10d5', '/about', 'About Bio Green Wax Ltd | RSPO SG Certified Oils & Waxes Supplier | Bio Green Wax Ltd', 1044, 15, '2026-02-17 16:32:56'),
(1557, 'eb858c4a-021c-4d70-8228-8e9f67bf10d5', '/about', 'About Bio Green Wax Ltd | RSPO SG Certified Oils & Waxes Supplier | Bio Green Wax Ltd', 2788, 33, '2026-02-17 17:02:01'),
(1558, 'eb858c4a-021c-4d70-8228-8e9f67bf10d5', '/about', 'About Bio Green Wax Ltd | RSPO SG Certified Oils & Waxes Supplier | Bio Green Wax Ltd', 3495, 50, '2026-02-17 17:13:48'),
(1559, 'eb858c4a-021c-4d70-8228-8e9f67bf10d5', '/', 'Bio Green Wax Ltd for Edible Oils, fats & Industrial Waxes | Bio Green Wax Ltd', 0, 0, '2026-02-17 17:13:48'),
(1560, 'eb858c4a-021c-4d70-8228-8e9f67bf10d5', '/', 'Bio Green Wax Ltd for Edible Oils, fats & Industrial Waxes | Bio Green Wax Ltd', 3, 0, '2026-02-17 17:13:50'),
(1561, '8b702425-ac57-4407-a382-966f1ff54e96', '/', 'Bio Green Wax Ltd | Premium Edible Oils & Industrial Waxes UK', 0, 0, '2026-02-17 18:48:23'),
(1562, '71cffe40-70e9-4f7b-b598-5b67ec2f50a5', '/', 'Bio Green Wax Ltd | Premium Edible Oils & Industrial Waxes UK', 0, 0, '2026-02-18 02:33:05'),
(1563, '71cffe40-70e9-4f7b-b598-5b67ec2f50a5', '/', 'Premium Edible Oils & Industrial Waxes Supplier | Bio Green Wax Ltd', 3, 0, '2026-02-18 02:33:08'),
(1564, '71cffe40-70e9-4f7b-b598-5b67ec2f50a5', '/about', 'Premium Edible Oils & Industrial Waxes Supplier | Bio Green Wax Ltd', 0, 0, '2026-02-18 02:33:08'),
(1565, '71cffe40-70e9-4f7b-b598-5b67ec2f50a5', '/about', 'About Us | Bio Green Wax Ltd', 7, 72, '2026-02-18 02:33:16'),
(1566, '71cffe40-70e9-4f7b-b598-5b67ec2f50a5', '/about', 'Bio Green Wax Ltd | Premium Edible Oils & Industrial Waxes UK', 0, 0, '2026-02-18 02:33:16'),
(1567, '71cffe40-70e9-4f7b-b598-5b67ec2f50a5', '/about', 'About Us | Bio Green Wax Ltd', 16, 68, '2026-02-18 02:33:32'),
(1568, '6edeb1c9-c42b-41fc-b881-9234a2a825d1', '/', 'Bio Green Wax Ltd | Premium Edible Oils & Industrial Waxes UK', 0, 0, '2026-02-18 03:00:16'),
(1569, '6edeb1c9-c42b-41fc-b881-9234a2a825d1', '/', 'Bio Green Wax Ltd for Edible Oils, fats & Industrial Waxes | Bio Green Wax Ltd', 2, 0, '2026-02-18 03:00:18'),
(1570, '6edeb1c9-c42b-41fc-b881-9234a2a825d1', '/about', 'About Us | Bio Green Wax Ltd', 0, 0, '2026-02-18 03:00:18'),
(1571, '6edeb1c9-c42b-41fc-b881-9234a2a825d1', '/about', 'About Bio Green Wax Ltd | RSPO SG Certified Oils & Waxes Supplier | Bio Green Wax Ltd', 2, 21, '2026-02-18 03:00:20'),
(1572, '6edeb1c9-c42b-41fc-b881-9234a2a825d1', '/about', 'About Bio Green Wax Ltd | RSPO SG Certified Oils & Waxes Supplier | Bio Green Wax Ltd', 2, 21, '2026-02-18 03:00:20'),
(1573, '6edeb1c9-c42b-41fc-b881-9234a2a825d1', '/about', 'Bio Green Wax Ltd | Premium Edible Oils & Industrial Waxes UK', 0, 0, '2026-02-18 03:00:20'),
(1574, '6edeb1c9-c42b-41fc-b881-9234a2a825d1', '/about', 'About Bio Green Wax Ltd | RSPO SG Certified Oils & Waxes Supplier | Bio Green Wax Ltd', 4, 59, '2026-02-18 03:00:24'),
(1575, '6edeb1c9-c42b-41fc-b881-9234a2a825d1', '/about', 'About Bio Green Wax Ltd | RSPO SG Certified Oils & Waxes Supplier | Bio Green Wax Ltd', 44, 59, '2026-02-18 03:01:04'),
(1576, '6edeb1c9-c42b-41fc-b881-9234a2a825d1', '/about', 'About Bio Green Wax Ltd | RSPO SG Certified Oils & Waxes Supplier | Bio Green Wax Ltd', 66, 59, '2026-02-18 03:01:26'),
(1577, '6edeb1c9-c42b-41fc-b881-9234a2a825d1', '/about', 'About Bio Green Wax Ltd | RSPO SG Certified Oils & Waxes Supplier | Bio Green Wax Ltd', 66, 59, '2026-02-18 03:01:26'),
(1578, '6edeb1c9-c42b-41fc-b881-9234a2a825d1', '/about', 'Bio Green Wax Ltd | Premium Edible Oils & Industrial Waxes UK', 0, 0, '2026-02-18 03:01:26'),
(1579, '6edeb1c9-c42b-41fc-b881-9234a2a825d1', '/about', 'About Bio Green Wax Ltd | RSPO SG Certified Oils & Waxes Supplier | Bio Green Wax Ltd', 2, 18, '2026-02-18 03:01:28'),
(1580, '6edeb1c9-c42b-41fc-b881-9234a2a825d1', '/about', 'About Bio Green Wax Ltd | RSPO SG Certified Oils & Waxes Supplier | Bio Green Wax Ltd', 2, 18, '2026-02-18 03:01:28'),
(1581, '6edeb1c9-c42b-41fc-b881-9234a2a825d1', '/about', 'Bio Green Wax Ltd | Premium Edible Oils & Industrial Waxes UK', 0, 0, '2026-02-18 03:01:28'),
(1582, '6edeb1c9-c42b-41fc-b881-9234a2a825d1', '/about', 'About Bio Green Wax Ltd | RSPO SG Certified Oils & Waxes Supplier | Bio Green Wax Ltd', 4, 24, '2026-02-18 03:01:32'),
(1583, '6edeb1c9-c42b-41fc-b881-9234a2a825d1', '/about', 'About Bio Green Wax Ltd | RSPO SG Certified Oils & Waxes Supplier | Bio Green Wax Ltd', 47, 88, '2026-02-18 03:02:16'),
(1584, '6edeb1c9-c42b-41fc-b881-9234a2a825d1', '/about', 'About Bio Green Wax Ltd | RSPO SG Certified Oils & Waxes Supplier | Bio Green Wax Ltd', 47, 88, '2026-02-18 03:02:16'),
(1585, '6edeb1c9-c42b-41fc-b881-9234a2a825d1', '/about', 'Bio Green Wax Ltd | Premium Edible Oils & Industrial Waxes UK', 0, 0, '2026-02-18 03:02:16'),
(1586, '6edeb1c9-c42b-41fc-b881-9234a2a825d1', '/about', 'About Bio Green Wax Ltd | RSPO SG Certified Oils & Waxes Supplier | Bio Green Wax Ltd', 3, 0, '2026-02-18 03:02:18'),
(1587, '6edeb1c9-c42b-41fc-b881-9234a2a825d1', '/about', 'About Bio Green Wax Ltd | RSPO SG Certified Oils & Waxes Supplier | Bio Green Wax Ltd', 3, 0, '2026-02-18 03:02:19'),
(1588, 'b22c0101-e3c0-4e3c-9890-b1d3b944ce1e', '/', 'Bio Green Wax Ltd | Premium Edible Oils & Industrial Waxes UK', 0, 0, '2026-02-18 03:02:31'),
(1589, 'b22c0101-e3c0-4e3c-9890-b1d3b944ce1e', '/', 'Bio Green Wax Ltd for Edible Oils, fats & Industrial Waxes | Bio Green Wax Ltd', 5, 78, '2026-02-18 03:02:36'),
(1590, 'b22c0101-e3c0-4e3c-9890-b1d3b944ce1e', '/about', 'About Us | Bio Green Wax Ltd', 0, 0, '2026-02-18 03:02:36'),
(1591, 'b22c0101-e3c0-4e3c-9890-b1d3b944ce1e', '/about', 'About Bio Green Wax Ltd | RSPO SG Certified Oils & Waxes Supplier | Bio Green Wax Ltd', 10, 94, '2026-02-18 03:02:46'),
(1592, 'b22c0101-e3c0-4e3c-9890-b1d3b944ce1e', '/about', 'About Bio Green Wax Ltd | RSPO SG Certified Oils & Waxes Supplier | Bio Green Wax Ltd', 21, 94, '2026-02-18 03:02:57'),
(1593, 'b22c0101-e3c0-4e3c-9890-b1d3b944ce1e', '/about', 'About Bio Green Wax Ltd | RSPO SG Certified Oils & Waxes Supplier | Bio Green Wax Ltd', 243, 94, '2026-02-18 03:06:40'),
(1594, 'eb858c4a-021c-4d70-8228-8e9f67bf10d5', '/', 'Bio Green Wax Ltd for Edible Oils, fats & Industrial Waxes | Bio Green Wax Ltd', 35574, 0, '2026-02-18 03:06:43'),
(1595, 'eb858c4a-021c-4d70-8228-8e9f67bf10d5', '/', 'Bio Green Wax Ltd for Edible Oils, fats & Industrial Waxes | Bio Green Wax Ltd', 35574, 0, '2026-02-18 03:06:43');
INSERT INTO `page_views` (`id`, `session_id`, `page_path`, `page_title`, `time_on_page`, `scroll_depth`, `viewed_at`) VALUES
(1596, 'eb858c4a-021c-4d70-8228-8e9f67bf10d5', '/', 'Bio Green Wax Ltd | Premium Edible Oils & Industrial Waxes UK', 0, 0, '2026-02-18 03:06:43'),
(1597, 'eb858c4a-021c-4d70-8228-8e9f67bf10d5', '/', 'Bio Green Wax Ltd for Edible Oils, fats & Industrial Waxes | Bio Green Wax Ltd', 2, 0, '2026-02-18 03:06:46'),
(1598, 'eb858c4a-021c-4d70-8228-8e9f67bf10d5', '/about', 'About Bio Green Wax Ltd | RSPO SG Certified Oils & Waxes Supplier | Bio Green Wax Ltd', 0, 0, '2026-02-18 03:06:46'),
(1599, 'b22c0101-e3c0-4e3c-9890-b1d3b944ce1e', '/about', 'About Bio Green Wax Ltd | RSPO SG Certified Oils & Waxes Supplier | Bio Green Wax Ltd', 255, 94, '2026-02-18 03:06:51'),
(1600, 'eb858c4a-021c-4d70-8228-8e9f67bf10d5', '/about', 'About Bio Green Wax Ltd | RSPO SG Certified Oils & Waxes Supplier | Bio Green Wax Ltd', 32, 33, '2026-02-18 03:07:18'),
(1601, 'eb858c4a-021c-4d70-8228-8e9f67bf10d5', '/about', 'About Bio Green Wax Ltd | RSPO SG Certified Oils & Waxes Supplier | Bio Green Wax Ltd', 48, 33, '2026-02-18 03:07:34'),
(1602, 'eb858c4a-021c-4d70-8228-8e9f67bf10d5', '/about', 'About Bio Green Wax Ltd | RSPO SG Certified Oils & Waxes Supplier | Bio Green Wax Ltd', 48, 33, '2026-02-18 03:07:34'),
(1603, 'b22c0101-e3c0-4e3c-9890-b1d3b944ce1e', '/about', 'About Bio Green Wax Ltd | RSPO SG Certified Oils & Waxes Supplier | Bio Green Wax Ltd', 367, 94, '2026-02-18 03:08:43'),
(1604, 'b22c0101-e3c0-4e3c-9890-b1d3b944ce1e', '/about', 'About Bio Green Wax Ltd | RSPO SG Certified Oils & Waxes Supplier | Bio Green Wax Ltd', 367, 94, '2026-02-18 03:08:43'),
(1605, 'b22c0101-e3c0-4e3c-9890-b1d3b944ce1e', '/about', 'Bio Green Wax Ltd | Premium Edible Oils & Industrial Waxes UK', 0, 0, '2026-02-18 03:08:44'),
(1606, 'b22c0101-e3c0-4e3c-9890-b1d3b944ce1e', '/about', 'About Bio Green Wax Ltd | RSPO SG Certified Oils & Waxes Supplier | Bio Green Wax Ltd', 7, 59, '2026-02-18 03:08:51'),
(1607, 'b22c0101-e3c0-4e3c-9890-b1d3b944ce1e', '/about', 'About Bio Green Wax Ltd | RSPO SG Certified Oils & Waxes Supplier | Bio Green Wax Ltd', 24, 59, '2026-02-18 03:09:08'),
(1608, 'b22c0101-e3c0-4e3c-9890-b1d3b944ce1e', '/about', 'About Bio Green Wax Ltd | RSPO SG Certified Oils & Waxes Supplier | Bio Green Wax Ltd', 483, 59, '2026-02-18 03:16:46'),
(1609, 'b22c0101-e3c0-4e3c-9890-b1d3b944ce1e', '/about', 'About Bio Green Wax Ltd | RSPO SG Certified Oils & Waxes Supplier | Bio Green Wax Ltd', 483, 59, '2026-02-18 03:16:47'),
(1610, '71cffe40-70e9-4f7b-b598-5b67ec2f50a5', '/about', 'About Us | Bio Green Wax Ltd', 3225, 68, '2026-02-18 03:27:01'),
(1611, '541ab0d3-d76d-4d8f-921c-f8522d74366d', '/', 'Bio Green Wax Ltd | Premium Edible Oils & Industrial Waxes UK', 0, 0, '2026-02-18 03:27:20'),
(1612, '541ab0d3-d76d-4d8f-921c-f8522d74366d', '/', 'Bio Green Wax Ltd for Edible Oils, fats & Industrial Waxes | Bio Green Wax Ltd', 3, 0, '2026-02-18 03:27:23'),
(1613, '541ab0d3-d76d-4d8f-921c-f8522d74366d', '/about', 'About Us | Bio Green Wax Ltd', 0, 0, '2026-02-18 03:27:23'),
(1614, '541ab0d3-d76d-4d8f-921c-f8522d74366d', '/about', 'About Bio Green Wax Ltd | RSPO SG Certified Oils & Waxes Supplier | Bio Green Wax Ltd', 5, 15, '2026-02-18 03:27:28'),
(1615, '541ab0d3-d76d-4d8f-921c-f8522d74366d', '/about', 'Bio Green Wax Ltd | Premium Edible Oils & Industrial Waxes UK', 0, 0, '2026-02-18 03:27:29'),
(1616, '541ab0d3-d76d-4d8f-921c-f8522d74366d', '/about', 'About Bio Green Wax Ltd | RSPO SG Certified Oils & Waxes Supplier | Bio Green Wax Ltd', 13, 70, '2026-02-18 03:27:42'),
(1617, '541ab0d3-d76d-4d8f-921c-f8522d74366d', '/about', 'About Bio Green Wax Ltd | RSPO SG Certified Oils & Waxes Supplier | Bio Green Wax Ltd', 2085, 101, '2026-02-18 04:02:14'),
(1618, '79a3af34-6dd6-443b-b18b-21a05a0a74c7', '/', 'Bio Green Wax Ltd | Premium Edible Oils & Industrial Waxes UK', 0, 0, '2026-02-18 04:56:52'),
(1619, 'eb858c4a-021c-4d70-8228-8e9f67bf10d5', '/', 'Bio Green Wax Ltd | Premium Edible Oils & Industrial Waxes UK', 0, 0, '2026-02-18 05:25:58'),
(1620, 'eb858c4a-021c-4d70-8228-8e9f67bf10d5', '/', 'Bio Green Wax Ltd for Edible Oils, fats & Industrial Waxes | Bio Green Wax Ltd', 2, 0, '2026-02-18 05:25:59'),
(1621, 'eb858c4a-021c-4d70-8228-8e9f67bf10d5', '/about', 'About Us | Bio Green Wax Ltd', 0, 0, '2026-02-18 05:26:00'),
(1622, 'eb858c4a-021c-4d70-8228-8e9f67bf10d5', '/about', 'About Us | Bio Green Wax Ltd', 3, 12, '2026-02-18 05:26:03'),
(1623, 'eb858c4a-021c-4d70-8228-8e9f67bf10d5', '/about', 'About Us | Bio Green Wax Ltd', 3, 12, '2026-02-18 05:26:03'),
(1624, 'eb858c4a-021c-4d70-8228-8e9f67bf10d5', '/about', 'Bio Green Wax Ltd | Premium Edible Oils & Industrial Waxes UK', 0, 0, '2026-02-18 05:26:03'),
(1625, 'eb858c4a-021c-4d70-8228-8e9f67bf10d5', '/about', 'About Us | Bio Green Wax Ltd', 4, 0, '2026-02-18 05:26:06'),
(1626, 'eb858c4a-021c-4d70-8228-8e9f67bf10d5', '/about', 'About Us | Bio Green Wax Ltd', 4, 0, '2026-02-18 05:26:06'),
(1627, 'eb858c4a-021c-4d70-8228-8e9f67bf10d5', '/about', 'Bio Green Wax Ltd | Premium Edible Oils & Industrial Waxes UK', 0, 0, '2026-02-18 05:26:06'),
(1628, 'eb858c4a-021c-4d70-8228-8e9f67bf10d5', '/about', 'About Us | Bio Green Wax Ltd', 1, 0, '2026-02-18 05:26:08'),
(1629, 'eb858c4a-021c-4d70-8228-8e9f67bf10d5', '/about', 'About Us | Bio Green Wax Ltd', 1, 0, '2026-02-18 05:26:08'),
(1630, 'eb858c4a-021c-4d70-8228-8e9f67bf10d5', '/about', 'Bio Green Wax Ltd | Premium Edible Oils & Industrial Waxes UK', 0, 0, '2026-02-18 05:26:08'),
(1631, 'eb858c4a-021c-4d70-8228-8e9f67bf10d5', '/about', 'About Us | Bio Green Wax Ltd', 3, 0, '2026-02-18 05:26:11'),
(1632, 'eb858c4a-021c-4d70-8228-8e9f67bf10d5', '/about', 'About Us | Bio Green Wax Ltd', 3, 0, '2026-02-18 05:26:11'),
(1633, 'eb858c4a-021c-4d70-8228-8e9f67bf10d5', '/about', 'Bio Green Wax Ltd | Premium Edible Oils & Industrial Waxes UK', 0, 0, '2026-02-18 05:26:12'),
(1634, 'eb858c4a-021c-4d70-8228-8e9f67bf10d5', '/about', 'About Us | Bio Green Wax Ltd', 14, 0, '2026-02-18 05:26:25'),
(1635, 'c7d79687-0293-44cd-a467-e7955be6b1d5', '/about', 'Bio Green Wax Ltd | Premium Edible Oils & Industrial Waxes UK', 0, 0, '2026-02-18 05:26:30'),
(1636, 'c7d79687-0293-44cd-a467-e7955be6b1d5', '/about', 'About Bio Green Wax Ltd | RSPO SG Certified Oils & Waxes Supplier | Bio Green Wax Ltd', 17, 55, '2026-02-18 05:26:47'),
(1637, 'c7d79687-0293-44cd-a467-e7955be6b1d5', '/', 'Premium Edible Oils & Industrial Waxes Supplier | Bio Green Wax Ltd', 0, 0, '2026-02-18 05:26:47'),
(1638, 'c7d79687-0293-44cd-a467-e7955be6b1d5', '/', 'Bio Green Wax Ltd for Edible Oils, fats & Industrial Waxes | Bio Green Wax Ltd', 54, 69, '2026-02-18 05:27:41'),
(1639, 'c7d79687-0293-44cd-a467-e7955be6b1d5', '/', 'Bio Green Wax Ltd for Edible Oils, fats & Industrial Waxes | Bio Green Wax Ltd', 127, 69, '2026-02-18 05:28:53'),
(1640, 'eb858c4a-021c-4d70-8228-8e9f67bf10d5', '/about', 'About Bio Green Wax Ltd | RSPO SG Certified Oils & Waxes Supplier | Bio Green Wax Ltd', 178, 0, '2026-02-18 05:29:10'),
(1641, 'c7d79687-0293-44cd-a467-e7955be6b1d5', '/', 'Bio Green Wax Ltd for Edible Oils, fats & Industrial Waxes | Bio Green Wax Ltd', 221, 69, '2026-02-18 05:30:28'),
(1642, 'c7d79687-0293-44cd-a467-e7955be6b1d5', '/', 'Bio Green Wax Ltd for Edible Oils, fats & Industrial Waxes | Bio Green Wax Ltd', 345, 69, '2026-02-18 05:32:32'),
(1643, 'c7d79687-0293-44cd-a467-e7955be6b1d5', '/', 'Bio Green Wax Ltd for Edible Oils, fats & Industrial Waxes | Bio Green Wax Ltd', 633, 69, '2026-02-18 05:37:20'),
(1644, 'c7d79687-0293-44cd-a467-e7955be6b1d5', '/about', 'About Us | Bio Green Wax Ltd', 0, 0, '2026-02-18 05:37:20'),
(1645, 'c7d79687-0293-44cd-a467-e7955be6b1d5', '/about', 'About Bio Green Wax Ltd | RSPO SG Certified Oils & Waxes Supplier | Bio Green Wax Ltd', 41, 100, '2026-02-18 05:38:01'),
(1646, 'c7d79687-0293-44cd-a467-e7955be6b1d5', '/', 'Bio Green Wax Ltd for Edible Oils, fats & Industrial Waxes | Bio Green Wax Ltd', 0, 0, '2026-02-18 05:38:01'),
(1647, 'c7d79687-0293-44cd-a467-e7955be6b1d5', '/', 'Bio Green Wax Ltd for Edible Oils, fats & Industrial Waxes | Bio Green Wax Ltd', 6, 12, '2026-02-18 05:38:07'),
(1648, 'eb858c4a-021c-4d70-8228-8e9f67bf10d5', '/about', 'About Bio Green Wax Ltd | RSPO SG Certified Oils & Waxes Supplier | Bio Green Wax Ltd', 770, 95, '2026-02-18 05:39:01'),
(1649, 'eb858c4a-021c-4d70-8228-8e9f67bf10d5', '/', 'About Bio Green Wax Ltd | RSPO SG Certified Oils & Waxes Supplier | Bio Green Wax Ltd', 0, 0, '2026-02-18 05:39:02'),
(1650, 'eb858c4a-021c-4d70-8228-8e9f67bf10d5', '/', 'Bio Green Wax Ltd for Edible Oils, fats & Industrial Waxes | Bio Green Wax Ltd', 6, 65, '2026-02-18 05:39:08'),
(1651, 'eb858c4a-021c-4d70-8228-8e9f67bf10d5', '/', 'Bio Green Wax Ltd for Edible Oils, fats & Industrial Waxes | Bio Green Wax Ltd', 42, 65, '2026-02-18 05:39:44'),
(1652, 'eb858c4a-021c-4d70-8228-8e9f67bf10d5', '/', 'Bio Green Wax Ltd for Edible Oils, fats & Industrial Waxes | Bio Green Wax Ltd', 52, 65, '2026-02-18 05:39:54'),
(1653, 'eb858c4a-021c-4d70-8228-8e9f67bf10d5', '/', 'Bio Green Wax Ltd for Edible Oils, fats & Industrial Waxes | Bio Green Wax Ltd', 53, 65, '2026-02-18 05:39:54'),
(1654, 'eb858c4a-021c-4d70-8228-8e9f67bf10d5', '/', 'Bio Green Wax Ltd for Edible Oils, fats & Industrial Waxes | Bio Green Wax Ltd', 82, 65, '2026-02-18 05:40:24'),
(1655, 'eb858c4a-021c-4d70-8228-8e9f67bf10d5', '/', 'Bio Green Wax Ltd for Edible Oils, fats & Industrial Waxes | Bio Green Wax Ltd', 83, 65, '2026-02-18 05:40:25'),
(1656, 'eb858c4a-021c-4d70-8228-8e9f67bf10d5', '/', 'Bio Green Wax Ltd for Edible Oils, fats & Industrial Waxes | Bio Green Wax Ltd', 92, 65, '2026-02-18 05:40:34'),
(1657, 'eb858c4a-021c-4d70-8228-8e9f67bf10d5', '/', 'Bio Green Wax Ltd for Edible Oils, fats & Industrial Waxes | Bio Green Wax Ltd', 93, 65, '2026-02-18 05:40:35'),
(1658, 'eb858c4a-021c-4d70-8228-8e9f67bf10d5', '/', 'Bio Green Wax Ltd for Edible Oils, fats & Industrial Waxes | Bio Green Wax Ltd', 457, 65, '2026-02-18 05:46:39'),
(1659, 'eb858c4a-021c-4d70-8228-8e9f67bf10d5', '/', 'Bio Green Wax Ltd for Edible Oils, fats & Industrial Waxes | Bio Green Wax Ltd', 508, 65, '2026-02-18 05:47:30'),
(1660, 'eb858c4a-021c-4d70-8228-8e9f67bf10d5', '/', 'Bio Green Wax Ltd for Edible Oils, fats & Industrial Waxes | Bio Green Wax Ltd', 4575, 89, '2026-02-18 06:55:17'),
(1661, 'eb858c4a-021c-4d70-8228-8e9f67bf10d5', '/news/new-rspo-certification-achieved', 'Bio Green Wax Ltd for Edible Oils, fats & Industrial Waxes | Bio Green Wax Ltd', 0, 0, '2026-02-18 06:55:17'),
(1662, 'eb858c4a-021c-4d70-8228-8e9f67bf10d5', '/news/new-rspo-certification-achieved', 'New RSPO Certification Achieved | Bio Green Wax Ltd', 4, 0, '2026-02-18 06:55:21'),
(1663, 'eb858c4a-021c-4d70-8228-8e9f67bf10d5', '/news', 'New RSPO Certification Achieved | Bio Green Wax Ltd', 0, 0, '2026-02-18 06:55:21'),
(1664, 'eb858c4a-021c-4d70-8228-8e9f67bf10d5', '/news', 'News & Industry Updates | Bio Green Wax Ltd | Bio Green Wax Ltd', 5, 93, '2026-02-18 06:55:25'),
(1665, 'eb858c4a-021c-4d70-8228-8e9f67bf10d5', '/', 'Bio Green Wax Ltd for Edible Oils, fats & Industrial Waxes | Bio Green Wax Ltd', 0, 0, '2026-02-18 06:55:25'),
(1666, 'eb858c4a-021c-4d70-8228-8e9f67bf10d5', '/', 'Bio Green Wax Ltd for Edible Oils, fats & Industrial Waxes | Bio Green Wax Ltd', 134, 100, '2026-02-18 06:57:39'),
(1667, 'eb858c4a-021c-4d70-8228-8e9f67bf10d5', '/', 'Bio Green Wax Ltd for Edible Oils, fats & Industrial Waxes | Bio Green Wax Ltd', 150, 100, '2026-02-18 06:57:55'),
(1668, 'eb858c4a-021c-4d70-8228-8e9f67bf10d5', '/', 'Bio Green Wax Ltd for Edible Oils, fats & Industrial Waxes | Bio Green Wax Ltd', 291, 100, '2026-02-18 07:00:17'),
(1669, 'eb858c4a-021c-4d70-8228-8e9f67bf10d5', '/about', 'About Bio Green Wax Ltd | RSPO SG Certified Oils & Waxes Supplier | Bio Green Wax Ltd', 0, 0, '2026-02-18 07:00:17'),
(1670, 'eb858c4a-021c-4d70-8228-8e9f67bf10d5', '/about', 'About Bio Green Wax Ltd | RSPO SG Certified Oils & Waxes Supplier | Bio Green Wax Ltd', 9, 64, '2026-02-18 07:00:26'),
(1671, 'eb858c4a-021c-4d70-8228-8e9f67bf10d5', '/ru/about', 'About Bio Green Wax Ltd | RSPO SG Certified Oils & Waxes Supplier | Bio Green Wax Ltd', 0, 0, '2026-02-18 07:00:26'),
(1672, 'eb858c4a-021c-4d70-8228-8e9f67bf10d5', '/ru/about', 'About Bio Green Wax Ltd | RSPO SG Certified Oils & Waxes Supplier | Bio Green Wax Ltd', 9, 20, '2026-02-18 07:00:34'),
(1673, 'eb858c4a-021c-4d70-8228-8e9f67bf10d5', '/de/about', 'About Bio Green Wax Ltd | RSPO SG Certified Oils & Waxes Supplier | Bio Green Wax Ltd', 0, 0, '2026-02-18 07:00:34'),
(1674, 'eb858c4a-021c-4d70-8228-8e9f67bf10d5', '/de/about', 'About Bio Green Wax Ltd | RSPO SG Certified Oils & Waxes Supplier | Bio Green Wax Ltd', 4, 0, '2026-02-18 07:00:38'),
(1675, 'eb858c4a-021c-4d70-8228-8e9f67bf10d5', '/en/about', 'About Bio Green Wax Ltd | RSPO SG Certified Oils & Waxes Supplier | Bio Green Wax Ltd', 0, 0, '2026-02-18 07:00:38'),
(1676, 'eb858c4a-021c-4d70-8228-8e9f67bf10d5', '/en/about', 'About Bio Green Wax Ltd | RSPO SG Certified Oils & Waxes Supplier | Bio Green Wax Ltd', 7, 0, '2026-02-18 07:00:45'),
(1677, 'eb858c4a-021c-4d70-8228-8e9f67bf10d5', '/en/about', 'About Bio Green Wax Ltd | RSPO SG Certified Oils & Waxes Supplier | Bio Green Wax Ltd', 82, 0, '2026-02-18 07:02:00'),
(1678, 'eb858c4a-021c-4d70-8228-8e9f67bf10d5', '/en/about', 'About Bio Green Wax Ltd | RSPO SG Certified Oils & Waxes Supplier | Bio Green Wax Ltd', 570, 0, '2026-02-18 07:10:09'),
(1679, 'eb858c4a-021c-4d70-8228-8e9f67bf10d5', '/en/about', 'About Bio Green Wax Ltd | RSPO SG Certified Oils & Waxes Supplier | Bio Green Wax Ltd', 635, 0, '2026-02-18 07:11:14'),
(1680, 'eb858c4a-021c-4d70-8228-8e9f67bf10d5', '/en/about', 'About Bio Green Wax Ltd | RSPO SG Certified Oils & Waxes Supplier | Bio Green Wax Ltd', 5173, 28, '2026-02-18 08:26:52'),
(1681, 'eb858c4a-021c-4d70-8228-8e9f67bf10d5', '/en/about', 'About Bio Green Wax Ltd | RSPO SG Certified Oils & Waxes Supplier | Bio Green Wax Ltd', 5226, 63, '2026-02-18 08:27:45'),
(1682, 'c7d79687-0293-44cd-a467-e7955be6b1d5', '/', 'Bio Green Wax Ltd for Edible Oils, fats & Industrial Waxes | Bio Green Wax Ltd', 10605, 12, '2026-02-18 08:34:47'),
(1683, 'c7d79687-0293-44cd-a467-e7955be6b1d5', '/', 'Bio Green Wax Ltd for Edible Oils, fats & Industrial Waxes | Bio Green Wax Ltd', 12069, 12, '2026-02-18 08:59:10'),
(1684, 'eb858c4a-021c-4d70-8228-8e9f67bf10d5', '/en/about', 'About Bio Green Wax Ltd | RSPO SG Certified Oils & Waxes Supplier | Bio Green Wax Ltd', 7313, 63, '2026-02-18 09:02:31'),
(1685, 'eb858c4a-021c-4d70-8228-8e9f67bf10d5', '/en/about', 'About Bio Green Wax Ltd | RSPO SG Certified Oils & Waxes Supplier | Bio Green Wax Ltd', 7403, 63, '2026-02-18 09:04:01'),
(1686, 'eb858c4a-021c-4d70-8228-8e9f67bf10d5', '/en/about', 'About Bio Green Wax Ltd | RSPO SG Certified Oils & Waxes Supplier | Bio Green Wax Ltd', 7407, 63, '2026-02-18 09:04:06'),
(1687, 'c7d79687-0293-44cd-a467-e7955be6b1d5', '/', 'Bio Green Wax Ltd for Edible Oils, fats & Industrial Waxes | Bio Green Wax Ltd', 20625, 12, '2026-02-18 11:21:46'),
(1688, 'eb858c4a-021c-4d70-8228-8e9f67bf10d5', '/en/about', 'About Bio Green Wax Ltd | RSPO SG Certified Oils & Waxes Supplier | Bio Green Wax Ltd', 15924, 63, '2026-02-18 11:26:02'),
(1689, '7fbe9f34-069c-470e-9ef6-7054329ca48d', '/', 'Bio Green Wax Ltd | Premium Edible Oils & Industrial Waxes UK', 0, 0, '2026-02-19 05:12:02'),
(1690, 'eb858c4a-021c-4d70-8228-8e9f67bf10d5', '/en/about', 'About Bio Green Wax Ltd | RSPO SG Certified Oils & Waxes Supplier | Bio Green Wax Ltd', 85656, 63, '2026-02-19 06:48:15'),
(1691, 'eb858c4a-021c-4d70-8228-8e9f67bf10d5', '/en/about', 'About Bio Green Wax Ltd | RSPO SG Certified Oils & Waxes Supplier | Bio Green Wax Ltd', 85657, 63, '2026-02-19 06:48:15'),
(1692, 'eb858c4a-021c-4d70-8228-8e9f67bf10d5', '/en/about', 'Bio Green Wax Ltd | Premium Edible Oils & Industrial Waxes UK', 0, 0, '2026-02-19 06:48:15'),
(1693, 'eb858c4a-021c-4d70-8228-8e9f67bf10d5', '/en/about', 'About Us | Bio Green Wax Ltd', 11, 47, '2026-02-19 06:48:26'),
(1694, 'eb858c4a-021c-4d70-8228-8e9f67bf10d5', '/en/about', 'About Us | Bio Green Wax Ltd', 11, 47, '2026-02-19 06:48:26'),
(1695, 'eb858c4a-021c-4d70-8228-8e9f67bf10d5', '/en/about', 'Bio Green Wax Ltd | Premium Edible Oils & Industrial Waxes UK', 0, 0, '2026-02-19 06:48:26'),
(1696, 'eb858c4a-021c-4d70-8228-8e9f67bf10d5', '/en/about', 'About Us | Bio Green Wax Ltd', 6, 0, '2026-02-19 06:48:32'),
(1697, 'eb858c4a-021c-4d70-8228-8e9f67bf10d5', '/en/about', 'About Us | Bio Green Wax Ltd', 6, 0, '2026-02-19 06:48:32'),
(1698, 'eb858c4a-021c-4d70-8228-8e9f67bf10d5', '/en/about', 'Bio Green Wax Ltd | Premium Edible Oils & Industrial Waxes UK', 0, 0, '2026-02-19 06:48:32'),
(1699, 'eb858c4a-021c-4d70-8228-8e9f67bf10d5', '/en/about', 'About Us | Bio Green Wax Ltd', 2, 0, '2026-02-19 06:48:34'),
(1700, 'eb858c4a-021c-4d70-8228-8e9f67bf10d5', '/en/about', 'About Us | Bio Green Wax Ltd', 2, 0, '2026-02-19 06:48:34'),
(1701, 'eb858c4a-021c-4d70-8228-8e9f67bf10d5', '/en/about', 'Bio Green Wax Ltd | Premium Edible Oils & Industrial Waxes UK', 0, 0, '2026-02-19 06:48:34'),
(1702, 'eb858c4a-021c-4d70-8228-8e9f67bf10d5', '/en/about', 'About Bio Green Wax Ltd | RSPO SG Certified Oils & Waxes Supplier | Bio Green Wax Ltd', 6, 0, '2026-02-19 06:48:40'),
(1703, 'eb858c4a-021c-4d70-8228-8e9f67bf10d5', '/en/about', 'About Bio Green Wax Ltd | RSPO SG Certified Oils & Waxes Supplier | Bio Green Wax Ltd', 6, 0, '2026-02-19 06:48:40'),
(1704, 'eb858c4a-021c-4d70-8228-8e9f67bf10d5', '/ABOUT', 'Bio Green Wax Ltd | Premium Edible Oils & Industrial Waxes UK', 0, 0, '2026-02-19 06:48:40'),
(1705, 'eb858c4a-021c-4d70-8228-8e9f67bf10d5', '/ABOUT', 'About Bio Green Wax Ltd | RSPO SG Certified Oils & Waxes Supplier | Bio Green Wax Ltd', 4, 0, '2026-02-19 06:48:43'),
(1706, 'eb858c4a-021c-4d70-8228-8e9f67bf10d5', '/about', 'About Bio Green Wax Ltd | RSPO SG Certified Oils & Waxes Supplier | Bio Green Wax Ltd', 0, 0, '2026-02-19 06:48:43'),
(1707, 'eb858c4a-021c-4d70-8228-8e9f67bf10d5', '/about', 'About Bio Green Wax Ltd | RSPO SG Certified Oils & Waxes Supplier | Bio Green Wax Ltd', 9, 81, '2026-02-19 06:48:53'),
(1708, 'eb858c4a-021c-4d70-8228-8e9f67bf10d5', '/de/about', 'About Bio Green Wax Ltd | RSPO SG Certified Oils & Waxes Supplier | Bio Green Wax Ltd', 0, 0, '2026-02-19 06:48:53'),
(1709, 'eb858c4a-021c-4d70-8228-8e9f67bf10d5', '/de/about', 'About Bio Green Wax Ltd | RSPO SG Certified Oils & Waxes Supplier | Bio Green Wax Ltd', 10, 64, '2026-02-19 06:49:03'),
(1710, 'eb858c4a-021c-4d70-8228-8e9f67bf10d5', '/sw/about', 'About Bio Green Wax Ltd | RSPO SG Certified Oils & Waxes Supplier | Bio Green Wax Ltd', 0, 0, '2026-02-19 06:49:03'),
(1711, 'eb858c4a-021c-4d70-8228-8e9f67bf10d5', '/sw/about', 'About Bio Green Wax Ltd | RSPO SG Certified Oils & Waxes Supplier | Bio Green Wax Ltd', 7, 48, '2026-02-19 06:49:11'),
(1712, 'eb858c4a-021c-4d70-8228-8e9f67bf10d5', '/zh/about', 'About Bio Green Wax Ltd | RSPO SG Certified Oils & Waxes Supplier | Bio Green Wax Ltd', 0, 0, '2026-02-19 06:49:11'),
(1713, 'eb858c4a-021c-4d70-8228-8e9f67bf10d5', '/zh/about', 'About Bio Green Wax Ltd | RSPO SG Certified Oils & Waxes Supplier | Bio Green Wax Ltd', 22, 68, '2026-02-19 06:49:32'),
(1714, 'c7d79687-0293-44cd-a467-e7955be6b1d5', '/', 'Bio Green Wax Ltd for Edible Oils, fats & Industrial Waxes | Bio Green Wax Ltd', 92528, 12, '2026-02-19 07:20:09'),
(1715, 'c7d79687-0293-44cd-a467-e7955be6b1d5', '/about', 'About Bio Green Wax Ltd | RSPO SG Certified Oils & Waxes Supplier | Bio Green Wax Ltd', 0, 0, '2026-02-19 07:20:09'),
(1716, 'c7d79687-0293-44cd-a467-e7955be6b1d5', '/about', 'About Bio Green Wax Ltd | RSPO SG Certified Oils & Waxes Supplier | Bio Green Wax Ltd', 10, 49, '2026-02-19 07:20:20'),
(1717, 'c7d79687-0293-44cd-a467-e7955be6b1d5', '/news', 'About Bio Green Wax Ltd | RSPO SG Certified Oils & Waxes Supplier | Bio Green Wax Ltd', 0, 0, '2026-02-19 07:20:20'),
(1718, 'c7d79687-0293-44cd-a467-e7955be6b1d5', '/news', 'News & Industry Updates | Bio Green Wax Ltd | Bio Green Wax Ltd', 6, 100, '2026-02-19 07:20:26'),
(1719, 'c7d79687-0293-44cd-a467-e7955be6b1d5', '/', 'Bio Green Wax Ltd for Edible Oils, fats & Industrial Waxes | Bio Green Wax Ltd', 0, 0, '2026-02-19 07:20:26'),
(1720, 'c7d79687-0293-44cd-a467-e7955be6b1d5', '/', 'Bio Green Wax Ltd for Edible Oils, fats & Industrial Waxes | Bio Green Wax Ltd', 33, 0, '2026-02-19 07:20:59'),
(1721, 'c7d79687-0293-44cd-a467-e7955be6b1d5', '/', 'Bio Green Wax Ltd for Edible Oils, fats & Industrial Waxes | Bio Green Wax Ltd', 242, 0, '2026-02-19 07:24:28'),
(1722, 'c7d79687-0293-44cd-a467-e7955be6b1d5', '/', 'Bio Green Wax Ltd for Edible Oils, fats & Industrial Waxes | Bio Green Wax Ltd', 242, 0, '2026-02-19 07:24:28'),
(1723, 'c7d79687-0293-44cd-a467-e7955be6b1d5', '/', 'Bio Green Wax Ltd | Premium Edible Oils & Industrial Waxes UK', 0, 0, '2026-02-19 07:29:05'),
(1724, 'c7d79687-0293-44cd-a467-e7955be6b1d5', '/', 'Bio Green Wax Ltd for Edible Oils, fats & Industrial Waxes | Bio Green Wax Ltd', 67, 67, '2026-02-19 07:30:12'),
(1725, 'c7d79687-0293-44cd-a467-e7955be6b1d5', '/', 'Bio Green Wax Ltd for Edible Oils, fats & Industrial Waxes | Bio Green Wax Ltd', 67, 67, '2026-02-19 07:30:12'),
(1726, 'c7d79687-0293-44cd-a467-e7955be6b1d5', '/', 'Bio Green Wax Ltd | Premium Edible Oils & Industrial Waxes UK', 0, 0, '2026-02-19 07:30:45'),
(1727, 'c7d79687-0293-44cd-a467-e7955be6b1d5', '/', 'Bio Green Wax Ltd for Edible Oils, fats & Industrial Waxes | Bio Green Wax Ltd', 115, 100, '2026-02-19 07:32:41'),
(1728, 'c7d79687-0293-44cd-a467-e7955be6b1d5', '/products/hydrogenated-castor-oil', 'Bio Green Wax Ltd for Edible Oils, fats & Industrial Waxes | Bio Green Wax Ltd', 0, 0, '2026-02-19 07:32:41'),
(1729, 'c7d79687-0293-44cd-a467-e7955be6b1d5', '/products/hydrogenated-castor-oil', 'Hydrogenated Castor Oil | Bio Green Wax Ltd', 25, 0, '2026-02-19 07:33:05'),
(1730, 'c7d79687-0293-44cd-a467-e7955be6b1d5', '/', 'Bio Green Wax Ltd for Edible Oils, fats & Industrial Waxes | Bio Green Wax Ltd', 0, 0, '2026-02-19 07:33:05'),
(1731, 'c7d79687-0293-44cd-a467-e7955be6b1d5', '/', 'Bio Green Wax Ltd for Edible Oils, fats & Industrial Waxes | Bio Green Wax Ltd', 24, 9, '2026-02-19 07:33:30'),
(1732, 'c7d79687-0293-44cd-a467-e7955be6b1d5', '/', 'Bio Green Wax Ltd for Edible Oils, fats & Industrial Waxes | Bio Green Wax Ltd', 214, 9, '2026-02-19 07:36:40'),
(1733, 'c7d79687-0293-44cd-a467-e7955be6b1d5', '/', 'Bio Green Wax Ltd for Edible Oils, fats & Industrial Waxes | Bio Green Wax Ltd', 215, 9, '2026-02-19 07:36:41'),
(1734, 'c7d79687-0293-44cd-a467-e7955be6b1d5', '/', 'Bio Green Wax Ltd for Edible Oils, fats & Industrial Waxes | Bio Green Wax Ltd', 254, 9, '2026-02-19 07:37:19'),
(1735, 'c7d79687-0293-44cd-a467-e7955be6b1d5', '/', 'Bio Green Wax Ltd for Edible Oils, fats & Industrial Waxes | Bio Green Wax Ltd', 1803, 9, '2026-02-19 08:03:09'),
(1736, 'c7d79687-0293-44cd-a467-e7955be6b1d5', '/', 'Bio Green Wax Ltd for Edible Oils, fats & Industrial Waxes | Bio Green Wax Ltd', 2067, 9, '2026-02-19 08:07:32'),
(1737, '17435ffc-3a64-4a72-95b8-c819a555f61c', '/', 'Bio Green Wax Ltd | Premium Edible Oils & Industrial Waxes UK', 0, 0, '2026-02-19 11:34:31'),
(1738, 'c7d79687-0293-44cd-a467-e7955be6b1d5', '/', 'Bio Green Wax Ltd for Edible Oils, fats & Industrial Waxes | Bio Green Wax Ltd', 19165, 9, '2026-02-19 12:52:30'),
(1739, 'c7d79687-0293-44cd-a467-e7955be6b1d5', '/', 'Bio Green Wax Ltd for Edible Oils, fats & Industrial Waxes | Bio Green Wax Ltd', 19266, 9, '2026-02-19 12:54:11'),
(1740, 'c7d79687-0293-44cd-a467-e7955be6b1d5', '/', 'Bio Green Wax Ltd for Edible Oils, fats & Industrial Waxes | Bio Green Wax Ltd', 19322, 9, '2026-02-19 12:55:07'),
(1741, 'c7d79687-0293-44cd-a467-e7955be6b1d5', '/', 'Bio Green Wax Ltd for Edible Oils, fats & Industrial Waxes | Bio Green Wax Ltd', 19343, 9, '2026-02-19 12:55:28'),
(1742, '9b00d865-5f71-496e-97c0-a34d49b26302', '/', 'Bio Green Wax Ltd | Premium Edible Oils & Industrial Waxes UK', 0, 0, '2026-02-19 15:53:01'),
(1743, '9b00d865-5f71-496e-97c0-a34d49b26302', '/', 'Bio Green Wax Ltd | Premium Edible Oils & Industrial Waxes UK', 5, 0, '2026-02-19 15:53:04'),
(1744, 'aad26fb7-7729-4d3a-920e-e237066cddec', '/products', 'Bio Green Wax Ltd | Premium Edible Oils & Industrial Waxes UK', 0, 0, '2026-02-20 05:34:51'),
(1745, 'aad26fb7-7729-4d3a-920e-e237066cddec', '/products', 'Bio Green Wax Ltd | Premium Edible Oils & Industrial Waxes UK', 14, 120, '2026-02-20 05:35:04'),
(1746, 'aad26fb7-7729-4d3a-920e-e237066cddec', '/', 'Bio Green Wax Ltd | Premium Edible Oils & Industrial Waxes UK', 0, 0, '2026-02-20 05:35:05'),
(1747, 'aad26fb7-7729-4d3a-920e-e237066cddec', '/', 'Bio Green Wax Ltd for Edible Oils, fats & Industrial Waxes | Bio Green Wax Ltd', 30, 103, '2026-02-20 05:35:34'),
(1748, 'aad26fb7-7729-4d3a-920e-e237066cddec', '/products', 'Products | Edible Oils, Candle Waxes, Industrial Waxes & Oleochemicals | Bio Green Wax Ltd', 0, 0, '2026-02-20 05:35:35'),
(1749, 'aad26fb7-7729-4d3a-920e-e237066cddec', '/products', 'Products | Edible Oils, Candle Waxes, Industrial Waxes & Oleochemicals | Bio Green Wax Ltd', 40, 92, '2026-02-20 05:36:15'),
(1750, 'aad26fb7-7729-4d3a-920e-e237066cddec', '/products', 'Products | Edible Oils, Candle Waxes, Industrial Waxes & Oleochemicals | Bio Green Wax Ltd', 1380, 92, '2026-02-20 05:58:35'),
(1751, 'aad26fb7-7729-4d3a-920e-e237066cddec', '/', 'Bio Green Wax Ltd for Edible Oils, fats & Industrial Waxes | Bio Green Wax Ltd', 0, 0, '2026-02-20 05:58:35'),
(1752, 'aad26fb7-7729-4d3a-920e-e237066cddec', '/', 'Bio Green Wax Ltd for Edible Oils, fats & Industrial Waxes | Bio Green Wax Ltd', 69, 66, '2026-02-20 05:59:44'),
(1753, 'aad26fb7-7729-4d3a-920e-e237066cddec', '/products/palm-kernel-olein', 'Bio Green Wax Ltd for Edible Oils, fats & Industrial Waxes | Bio Green Wax Ltd', 0, 0, '2026-02-20 05:59:44'),
(1754, 'aad26fb7-7729-4d3a-920e-e237066cddec', '/products/palm-kernel-olein', 'Palm Kernel Olein | Bio Green Wax Ltd', 23, 0, '2026-02-20 06:00:08'),
(1755, 'aad26fb7-7729-4d3a-920e-e237066cddec', '/', 'Bio Green Wax Ltd for Edible Oils, fats & Industrial Waxes | Bio Green Wax Ltd', 0, 0, '2026-02-20 06:00:08'),
(1756, 'aad26fb7-7729-4d3a-920e-e237066cddec', '/', 'Bio Green Wax Ltd for Edible Oils, fats & Industrial Waxes | Bio Green Wax Ltd', 188, 101, '2026-02-20 06:03:16'),
(1757, 'c7d79687-0293-44cd-a467-e7955be6b1d5', '/', 'Bio Green Wax Ltd for Edible Oils, fats & Industrial Waxes | Bio Green Wax Ltd', 85678, 9, '2026-02-20 07:21:04'),
(1758, 'c7d79687-0293-44cd-a467-e7955be6b1d5', '/', 'Bio Green Wax Ltd for Edible Oils, fats & Industrial Waxes | Bio Green Wax Ltd', 85744, 9, '2026-02-20 07:22:10'),
(1759, 'c7d79687-0293-44cd-a467-e7955be6b1d5', '/', 'Bio Green Wax Ltd for Edible Oils, fats & Industrial Waxes | Bio Green Wax Ltd', 85747, 9, '2026-02-20 07:22:12'),
(1760, 'c7d79687-0293-44cd-a467-e7955be6b1d5', '/', 'Bio Green Wax Ltd for Edible Oils, fats & Industrial Waxes | Bio Green Wax Ltd', 86896, 9, '2026-02-20 07:41:22'),
(1761, 'c7d79687-0293-44cd-a467-e7955be6b1d5', '/', 'Bio Green Wax Ltd for Edible Oils, fats & Industrial Waxes | Bio Green Wax Ltd', 87649, 9, '2026-02-20 07:53:55'),
(1762, 'c7d79687-0293-44cd-a467-e7955be6b1d5', '/', 'Bio Green Wax Ltd for Edible Oils, fats & Industrial Waxes | Bio Green Wax Ltd', 87735, 9, '2026-02-20 07:55:20'),
(1763, 'af95d315-6142-4e6a-a5b6-a9877832f2e8', '/', 'Bio Green Wax Ltd | Premium Edible Oils & Industrial Waxes UK', 0, 0, '2026-02-20 11:04:59'),
(1764, 'ca3d0646-552b-4187-bd34-c57ba13e4a11', '/', 'Bio Green Wax Ltd | Premium Edible Oils & Industrial Waxes UK', 0, 0, '2026-02-20 14:09:30'),
(1765, '6c482a83-3c87-4865-9fec-0c364c32ee79', '/', 'Bio Green Wax Ltd | Premium Edible Oils & Industrial Waxes UK', 0, 0, '2026-02-20 15:41:44'),
(1766, 'c7d79687-0293-44cd-a467-e7955be6b1d5', '/', 'Bio Green Wax Ltd for Edible Oils, fats & Industrial Waxes | Bio Green Wax Ltd', 147882, 9, '2026-02-21 00:37:48'),
(1767, 'c7d79687-0293-44cd-a467-e7955be6b1d5', '/', 'Bio Green Wax Ltd for Edible Oils, fats & Industrial Waxes | Bio Green Wax Ltd', 147895, 9, '2026-02-21 00:38:01'),
(1768, 'c7d79687-0293-44cd-a467-e7955be6b1d5', '/', 'Bio Green Wax Ltd for Edible Oils, fats & Industrial Waxes | Bio Green Wax Ltd', 147934, 9, '2026-02-21 00:38:40'),
(1769, 'c7d79687-0293-44cd-a467-e7955be6b1d5', '/', 'Bio Green Wax Ltd for Edible Oils, fats & Industrial Waxes | Bio Green Wax Ltd', 147938, 9, '2026-02-21 00:38:44'),
(1770, 'c7d79687-0293-44cd-a467-e7955be6b1d5', '/', 'Bio Green Wax Ltd for Edible Oils, fats & Industrial Waxes | Bio Green Wax Ltd', 147994, 9, '2026-02-21 00:39:40'),
(1771, 'c7d79687-0293-44cd-a467-e7955be6b1d5', '/', 'Bio Green Wax Ltd for Edible Oils, fats & Industrial Waxes | Bio Green Wax Ltd', 148002, 9, '2026-02-21 00:39:48'),
(1772, 'c7d79687-0293-44cd-a467-e7955be6b1d5', '/', 'Bio Green Wax Ltd for Edible Oils, fats & Industrial Waxes | Bio Green Wax Ltd', 148004, 9, '2026-02-21 00:39:50'),
(1773, 'c7d79687-0293-44cd-a467-e7955be6b1d5', '/', 'Bio Green Wax Ltd for Edible Oils, fats & Industrial Waxes | Bio Green Wax Ltd', 148015, 9, '2026-02-21 00:40:01'),
(1774, 'c7d79687-0293-44cd-a467-e7955be6b1d5', '/', 'Bio Green Wax Ltd for Edible Oils, fats & Industrial Waxes | Bio Green Wax Ltd', 148149, 9, '2026-02-21 00:42:15'),
(1775, 'c7d79687-0293-44cd-a467-e7955be6b1d5', '/', 'Bio Green Wax Ltd for Edible Oils, fats & Industrial Waxes | Bio Green Wax Ltd', 148151, 9, '2026-02-21 00:42:17'),
(1776, 'c7d79687-0293-44cd-a467-e7955be6b1d5', '/', 'Bio Green Wax Ltd for Edible Oils, fats & Industrial Waxes | Bio Green Wax Ltd', 148236, 9, '2026-02-21 00:43:42'),
(1777, 'c7d79687-0293-44cd-a467-e7955be6b1d5', '/', 'Bio Green Wax Ltd for Edible Oils, fats & Industrial Waxes | Bio Green Wax Ltd', 148358, 9, '2026-02-21 00:45:44'),
(1778, 'c7d79687-0293-44cd-a467-e7955be6b1d5', '/', 'Bio Green Wax Ltd for Edible Oils, fats & Industrial Waxes | Bio Green Wax Ltd', 148378, 9, '2026-02-21 00:46:04'),
(1779, 'c7d79687-0293-44cd-a467-e7955be6b1d5', '/', 'Bio Green Wax Ltd for Edible Oils, fats & Industrial Waxes | Bio Green Wax Ltd', 150381, 9, '2026-02-21 01:19:27'),
(1780, 'c7d79687-0293-44cd-a467-e7955be6b1d5', '/', 'Bio Green Wax Ltd for Edible Oils, fats & Industrial Waxes | Bio Green Wax Ltd', 150459, 9, '2026-02-21 01:20:45'),
(1781, 'afd826ba-4c5c-4566-a2e9-18de5208a477', '/', 'Bio Green Wax Ltd | Premium Edible Oils & Industrial Waxes UK', 0, 0, '2026-02-21 09:47:19'),
(1782, 'bdc338a8-a45f-47db-a86f-e7f1cbbc9895', '/', 'Bio Green Wax Ltd | Premium Edible Oils & Industrial Waxes UK', 0, 0, '2026-02-21 11:03:27'),
(1783, '966ed6e2-b068-41ad-81a2-97c8451fd1dd', '/', 'Bio Green Wax Ltd | Premium Edible Oils & Industrial Waxes UK', 0, 0, '2026-02-21 14:59:17'),
(1784, '966ed6e2-b068-41ad-81a2-97c8451fd1dd', '/', 'Bio Green Wax Ltd for Edible Oils, fats & Industrial Waxes | Bio Green Wax Ltd', 41, 101, '2026-02-21 14:59:57'),
(1785, 'c7d79687-0293-44cd-a467-e7955be6b1d5', '/', 'Bio Green Wax Ltd for Edible Oils, fats & Industrial Waxes | Bio Green Wax Ltd', 201071, 9, '2026-02-21 15:24:15'),
(1786, 'c7d79687-0293-44cd-a467-e7955be6b1d5', '/', 'Bio Green Wax Ltd for Edible Oils, fats & Industrial Waxes | Bio Green Wax Ltd', 201083, 9, '2026-02-21 15:24:27'),
(1787, 'c7d79687-0293-44cd-a467-e7955be6b1d5', '/', 'Bio Green Wax Ltd for Edible Oils, fats & Industrial Waxes | Bio Green Wax Ltd', 201087, 9, '2026-02-21 15:24:31'),
(1788, 'c7d79687-0293-44cd-a467-e7955be6b1d5', '/', 'Bio Green Wax Ltd for Edible Oils, fats & Industrial Waxes | Bio Green Wax Ltd', 201092, 9, '2026-02-21 15:24:37'),
(1789, 'c7d79687-0293-44cd-a467-e7955be6b1d5', '/', 'Bio Green Wax Ltd for Edible Oils, fats & Industrial Waxes | Bio Green Wax Ltd', 201105, 9, '2026-02-21 15:24:50'),
(1790, 'c7d79687-0293-44cd-a467-e7955be6b1d5', '/', 'Bio Green Wax Ltd for Edible Oils, fats & Industrial Waxes | Bio Green Wax Ltd', 201111, 9, '2026-02-21 15:24:56'),
(1791, 'bfbb09cd-8642-432d-9f60-cde91f4eebc4', '/about', 'About Bio Green Wax Ltd | RSPO SG Certified Oils & Waxes Supplier | Bio Green Wax Ltd', 376101, 74, '2026-02-21 15:25:07'),
(1792, 'eb858c4a-021c-4d70-8228-8e9f67bf10d5', '/zh/about', 'About Bio Green Wax Ltd | RSPO SG Certified Oils & Waxes Supplier | Bio Green Wax Ltd', 203758, 68, '2026-02-21 15:25:08'),
(1793, 'bfbb09cd-8642-432d-9f60-cde91f4eebc4', '/about', 'About Bio Green Wax Ltd | RSPO SG Certified Oils & Waxes Supplier | Bio Green Wax Ltd', 376102, 74, '2026-02-21 15:25:08'),
(1794, 'c7d79687-0293-44cd-a467-e7955be6b1d5', '/', 'Bio Green Wax Ltd for Edible Oils, fats & Industrial Waxes | Bio Green Wax Ltd', 201126, 9, '2026-02-21 15:25:10'),
(1795, 'c7d79687-0293-44cd-a467-e7955be6b1d5', '/', 'Bio Green Wax Ltd for Edible Oils, fats & Industrial Waxes | Bio Green Wax Ltd', 201134, 9, '2026-02-21 15:25:19'),
(1796, 'c7d79687-0293-44cd-a467-e7955be6b1d5', '/', 'Bio Green Wax Ltd for Edible Oils, fats & Industrial Waxes | Bio Green Wax Ltd', 201135, 9, '2026-02-21 15:25:19'),
(1797, 'c7d79687-0293-44cd-a467-e7955be6b1d5', '/', 'Bio Green Wax Ltd for Edible Oils, fats & Industrial Waxes | Bio Green Wax Ltd', 201146, 9, '2026-02-21 15:25:30'),
(1798, 'c7d79687-0293-44cd-a467-e7955be6b1d5', '/', 'Bio Green Wax Ltd for Edible Oils, fats & Industrial Waxes | Bio Green Wax Ltd', 201148, 9, '2026-02-21 15:25:32'),
(1799, 'c7d79687-0293-44cd-a467-e7955be6b1d5', '/', 'Bio Green Wax Ltd for Edible Oils, fats & Industrial Waxes | Bio Green Wax Ltd', 201151, 9, '2026-02-21 15:25:35'),
(1800, 'c7d79687-0293-44cd-a467-e7955be6b1d5', '/', 'Bio Green Wax Ltd for Edible Oils, fats & Industrial Waxes | Bio Green Wax Ltd', 201156, 9, '2026-02-21 15:25:41'),
(1801, 'c7d79687-0293-44cd-a467-e7955be6b1d5', '/', 'Bio Green Wax Ltd for Edible Oils, fats & Industrial Waxes | Bio Green Wax Ltd', 201161, 9, '2026-02-21 15:25:45'),
(1802, 'c7d79687-0293-44cd-a467-e7955be6b1d5', '/', 'Bio Green Wax Ltd for Edible Oils, fats & Industrial Waxes | Bio Green Wax Ltd', 201161, 9, '2026-02-21 15:25:46'),
(1803, 'cbca5b02-92b7-43f9-a7dd-5341eb032ab4', '/', 'Bio Green Wax Ltd | Premium Edible Oils & Industrial Waxes UK', 0, 0, '2026-02-21 15:44:46'),
(1804, '7b6db11c-eca8-48d4-97d9-ddd8ec9207d3', '/', 'Bio Green Wax Ltd | Premium Edible Oils & Industrial Waxes UK', 0, 0, '2026-02-21 18:30:38'),
(1805, '7b6db11c-eca8-48d4-97d9-ddd8ec9207d3', '/', 'Bio Green Wax Ltd for Edible Oils, fats & Industrial Waxes | Bio Green Wax Ltd', 7, 0, '2026-02-21 18:30:46'),
(1806, '7b6db11c-eca8-48d4-97d9-ddd8ec9207d3', '/', 'Bio Green Wax Ltd for Edible Oils, fats & Industrial Waxes | Bio Green Wax Ltd', 7, 0, '2026-02-21 18:30:46'),
(1807, 'e0303e65-88d4-49b8-a90d-15f0b851964b', '/', 'Bio Green Wax Ltd | Premium Edible Oils & Industrial Waxes UK', 0, 0, '2026-02-22 02:17:41'),
(1808, '7b6db11c-eca8-48d4-97d9-ddd8ec9207d3', '/', 'Bio Green Wax Ltd | Premium Edible Oils & Industrial Waxes UK', 0, 0, '2026-02-22 04:56:41'),
(1809, '7b6db11c-eca8-48d4-97d9-ddd8ec9207d3', '/', 'Bio Green Wax Ltd for Edible Oils, fats & Industrial Waxes | Bio Green Wax Ltd', 7, 0, '2026-02-22 04:56:48'),
(1810, '7b6db11c-eca8-48d4-97d9-ddd8ec9207d3', '/sectors/candle-making', 'Bio Green Wax Ltd for Edible Oils, fats & Industrial Waxes | Bio Green Wax Ltd', 0, 0, '2026-02-22 04:56:48'),
(1811, '7b6db11c-eca8-48d4-97d9-ddd8ec9207d3', '/sectors/candle-making', 'Candle Making - Industries We Serve | Bio Green Wax Ltd', 5, 0, '2026-02-22 04:56:52'),
(1812, '7b6db11c-eca8-48d4-97d9-ddd8ec9207d3', '/sectors/adhesives', 'Candle Making - Industries We Serve | Bio Green Wax Ltd', 0, 0, '2026-02-22 04:56:52'),
(1813, '7b6db11c-eca8-48d4-97d9-ddd8ec9207d3', '/sectors/adhesives', 'Adhesives - Industries We Serve | Bio Green Wax Ltd', 3, 0, '2026-02-22 04:56:55'),
(1814, '7b6db11c-eca8-48d4-97d9-ddd8ec9207d3', '/sectors/food', 'Adhesives - Industries We Serve | Bio Green Wax Ltd', 0, 0, '2026-02-22 04:56:55'),
(1815, '7b6db11c-eca8-48d4-97d9-ddd8ec9207d3', '/sectors/food', 'Food & Beverage - Industries We Serve | Bio Green Wax Ltd', 2, 0, '2026-02-22 04:56:57'),
(1816, 'f1e07afc-ed84-4e72-a7e6-b45203f16916', '/', 'Bio Green Wax Ltd | Premium Edible Oils & Industrial Waxes UK', 0, 0, '2026-02-22 04:57:05'),
(1817, 'bf79c3be-21a5-4cd2-9dc5-e7d3c7b0ef00', '/sectors', 'Bio Green Wax Ltd | Premium Edible Oils & Industrial Waxes UK', 0, 0, '2026-02-22 04:58:39'),
(1818, '7b6db11c-eca8-48d4-97d9-ddd8ec9207d3', '/sectors/food', 'Food & Beverage - Industries We Serve | Bio Green Wax Ltd', 2843, 0, '2026-02-22 05:44:18'),
(1819, '7b6db11c-eca8-48d4-97d9-ddd8ec9207d3', '/', 'Bio Green Wax Ltd for Edible Oils, fats & Industrial Waxes | Bio Green Wax Ltd', 0, 0, '2026-02-22 05:44:18'),
(1820, '7b6db11c-eca8-48d4-97d9-ddd8ec9207d3', '/', 'Bio Green Wax Ltd for Edible Oils, fats & Industrial Waxes | Bio Green Wax Ltd', 20, 0, '2026-02-22 05:44:38'),
(1821, '7b6db11c-eca8-48d4-97d9-ddd8ec9207d3', '/', 'Bio Green Wax Ltd for Edible Oils, fats & Industrial Waxes | Bio Green Wax Ltd', 20, 0, '2026-02-22 05:44:38'),
(1822, '7b6db11c-eca8-48d4-97d9-ddd8ec9207d3', '/', 'Bio Green Wax Ltd for Edible Oils, fats & Industrial Waxes | Bio Green Wax Ltd', 1, 0, '2026-02-22 08:34:51'),
(1823, '7b6db11c-eca8-48d4-97d9-ddd8ec9207d3', '/about', 'About Bio Green Wax Ltd | RSPO SG Certified Oils & Waxes Supplier | Bio Green Wax Ltd', 9, 6, '2026-02-22 08:35:00'),
(1824, '7b6db11c-eca8-48d4-97d9-ddd8ec9207d3', '/about', 'About Us | Bio Green Wax Ltd', 0, 0, '2026-02-22 08:35:20'),
(1825, '7b6db11c-eca8-48d4-97d9-ddd8ec9207d3', '/', 'Bio Green Wax Ltd | Premium Edible Oils & Industrial Waxes UK', 0, 0, '2026-02-22 08:35:20'),
(1826, '7b6db11c-eca8-48d4-97d9-ddd8ec9207d3', '/about', 'About Bio Green Wax Ltd | RSPO SG Certified Oils & Waxes Supplier | Bio Green Wax Ltd', 795, 6, '2026-02-22 08:48:07'),
(1827, '7b6db11c-eca8-48d4-97d9-ddd8ec9207d3', '/about', 'About Bio Green Wax Ltd | RSPO SG Certified Oils & Waxes Supplier | Bio Green Wax Ltd', 977, 6, '2026-02-22 08:51:08'),
(1828, '7b6db11c-eca8-48d4-97d9-ddd8ec9207d3', '/', 'Bio Green Wax Ltd for Edible Oils, fats & Industrial Waxes | Bio Green Wax Ltd', 0, 0, '2026-02-22 08:51:08'),
(1829, '7b6db11c-eca8-48d4-97d9-ddd8ec9207d3', '/', 'Bio Green Wax Ltd for Edible Oils, fats & Industrial Waxes | Bio Green Wax Ltd', 4, 48, '2026-02-22 08:51:12'),
(1830, '7b6db11c-eca8-48d4-97d9-ddd8ec9207d3', '/', 'Bio Green Wax Ltd for Edible Oils, fats & Industrial Waxes | Bio Green Wax Ltd', 495, 48, '2026-02-22 08:59:24'),
(1831, '7b6db11c-eca8-48d4-97d9-ddd8ec9207d3', '/about', 'About Bio Green Wax Ltd | RSPO SG Certified Oils & Waxes Supplier | Bio Green Wax Ltd', 0, 0, '2026-02-22 08:59:24'),
(1832, '7b6db11c-eca8-48d4-97d9-ddd8ec9207d3', '/about', 'About Bio Green Wax Ltd | RSPO SG Certified Oils & Waxes Supplier | Bio Green Wax Ltd', 11, 39, '2026-02-22 08:59:35'),
(1833, '7b6db11c-eca8-48d4-97d9-ddd8ec9207d3', '/about', 'About Bio Green Wax Ltd | RSPO SG Certified Oils & Waxes Supplier | Bio Green Wax Ltd', 3304, 47, '2026-02-22 09:54:28'),
(1834, '7b6db11c-eca8-48d4-97d9-ddd8ec9207d3', '/about', 'About Bio Green Wax Ltd | RSPO SG Certified Oils & Waxes Supplier | Bio Green Wax Ltd', 3310, 47, '2026-02-22 09:54:34'),
(1835, '7b6db11c-eca8-48d4-97d9-ddd8ec9207d3', '/about', 'About Bio Green Wax Ltd | RSPO SG Certified Oils & Waxes Supplier | Bio Green Wax Ltd', 3314, 47, '2026-02-22 09:54:38'),
(1836, '7b6db11c-eca8-48d4-97d9-ddd8ec9207d3', '/products', 'Products | Edible Oils, Candle Waxes, Industrial Waxes & Oleochemicals | Bio Green Wax Ltd', 318, 98, '2026-02-22 13:53:00'),
(1837, '7b6db11c-eca8-48d4-97d9-ddd8ec9207d3', '/products', 'Products | Edible Oils, Candle Waxes, Industrial Waxes & Oleochemicals | Bio Green Wax Ltd', 317, 98, '2026-02-22 13:53:00'),
(1838, '7b6db11c-eca8-48d4-97d9-ddd8ec9207d3', '/products', 'Bio Green Wax Ltd | Premium Edible Oils & Industrial Waxes UK', 0, 0, '2026-02-22 13:53:00'),
(1839, '7b6db11c-eca8-48d4-97d9-ddd8ec9207d3', '/products', 'Products | Edible Oils, Candle Waxes, Industrial Waxes & Oleochemicals | Bio Green Wax Ltd', 35, 100, '2026-02-22 13:53:35'),
(1840, '7b6db11c-eca8-48d4-97d9-ddd8ec9207d3', '/', 'Products | Edible Oils, Candle Waxes, Industrial Waxes & Oleochemicals | Bio Green Wax Ltd', 0, 0, '2026-02-22 13:53:35'),
(1841, '7b6db11c-eca8-48d4-97d9-ddd8ec9207d3', '/', 'Bio Green Wax Ltd for Edible Oils, fats & Industrial Waxes | Bio Green Wax Ltd', 7, 71, '2026-02-22 13:53:43'),
(1842, '7b6db11c-eca8-48d4-97d9-ddd8ec9207d3', '/about', 'Bio Green Wax Ltd for Edible Oils, fats & Industrial Waxes | Bio Green Wax Ltd', 0, 0, '2026-02-22 13:53:43'),
(1843, '7b6db11c-eca8-48d4-97d9-ddd8ec9207d3', '/about', 'About Bio Green Wax Ltd | RSPO SG Certified Oils & Waxes Supplier | Bio Green Wax Ltd', 26, 57, '2026-02-22 13:54:10'),
(1844, '7b6db11c-eca8-48d4-97d9-ddd8ec9207d3', '/about', 'About Bio Green Wax Ltd | RSPO SG Certified Oils & Waxes Supplier | Bio Green Wax Ltd', 26, 57, '2026-02-22 13:54:10'),
(1845, '486936b0-75d0-4d00-a308-bc6ccaaee45c', '/', 'Bio Green Wax Ltd | Premium Edible Oils & Industrial Waxes UK', 0, 0, '2026-02-22 14:04:59'),
(1846, '486936b0-75d0-4d00-a308-bc6ccaaee45c', '/', 'Bio Green Wax Ltd | Premium Edible Oils & Industrial Waxes UK', 2, 0, '2026-02-22 14:05:01'),
(1847, '486936b0-75d0-4d00-a308-bc6ccaaee45c', '/', 'Premium Edible Oils & Industrial Waxes Supplier | Bio Green Wax Ltd', 6, 0, '2026-02-22 14:05:04'),
(1848, '486936b0-75d0-4d00-a308-bc6ccaaee45c', '/', 'Bio Green Wax Ltd for Edible Oils, fats & Industrial Waxes | Bio Green Wax Ltd', 11, 0, '2026-02-22 14:05:10'),
(1849, '7ecbf06d-f622-4c9e-b2c8-03919aa491d8', '/visitors/overview', 'Bio Green Wax Ltd | Premium Edible Oils & Industrial Waxes UK', 0, 0, '2026-02-22 14:10:29'),
(1850, '7ecbf06d-f622-4c9e-b2c8-03919aa491d8', '/visitors/overview', 'Page Not Found | Bio Green Wax Ltd', 4, 0, '2026-02-22 14:10:33'),
(1851, '7ecbf06d-f622-4c9e-b2c8-03919aa491d8', '/visitors/overview', 'Page Not Found | Bio Green Wax Ltd', 4, 0, '2026-02-22 14:10:33'),
(1852, 'bbe26bb0-579d-4c89-905f-293fc4020abf', '/about', 'About Bio Green Wax Ltd | RSPO SG Certified Oils & Waxes Supplier | Bio Green Wax Ltd', 1575, 101, '2026-02-22 14:10:50'),
(1853, 'c5b78193-2222-48cd-857e-c12fbfc0af42', '/analytics/summary', 'Bio Green Wax Ltd | Premium Edible Oils & Industrial Waxes UK', 0, 0, '2026-02-22 14:29:03'),
(1854, 'c5b78193-2222-48cd-857e-c12fbfc0af42', '/analytics/summary', 'Page Not Found | Bio Green Wax Ltd', 5, 0, '2026-02-22 14:29:07'),
(1855, 'c5b78193-2222-48cd-857e-c12fbfc0af42', '/analytics/summary', 'Page Not Found | Bio Green Wax Ltd', 5, 0, '2026-02-22 14:29:07'),
(1856, '7b6db11c-eca8-48d4-97d9-ddd8ec9207d3', '/', 'Bio Green Wax Ltd | Premium Edible Oils & Industrial Waxes UK', 0, 0, '2026-02-22 14:46:40'),
(1857, '7b6db11c-eca8-48d4-97d9-ddd8ec9207d3', '/', 'Bio Green Wax Ltd for Edible Oils, fats & Industrial Waxes | Bio Green Wax Ltd', 207, 0, '2026-02-22 14:50:07'),
(1858, '7b6db11c-eca8-48d4-97d9-ddd8ec9207d3', '/', 'Bio Green Wax Ltd for Edible Oils, fats & Industrial Waxes | Bio Green Wax Ltd', 207, 0, '2026-02-22 14:50:07'),
(1859, '7b6db11c-eca8-48d4-97d9-ddd8ec9207d3', '/', 'Bio Green Wax Ltd | Premium Edible Oils & Industrial Waxes UK', 0, 0, '2026-02-22 16:21:09'),
(1860, '7b6db11c-eca8-48d4-97d9-ddd8ec9207d3', '/', 'Bio Green Wax Ltd for Edible Oils, fats & Industrial Waxes | Bio Green Wax Ltd', 7, 0, '2026-02-22 16:21:16'),
(1861, '7b6db11c-eca8-48d4-97d9-ddd8ec9207d3', '/products', 'Bio Green Wax Ltd for Edible Oils, fats & Industrial Waxes | Bio Green Wax Ltd', 0, 0, '2026-02-22 16:21:16'),
(1862, '7b6db11c-eca8-48d4-97d9-ddd8ec9207d3', '/products', 'Products | Edible Oils, Candle Waxes, Industrial Waxes & Oleochemicals | Bio Green Wax Ltd', 4, 5, '2026-02-22 16:21:20'),
(1863, '7b6db11c-eca8-48d4-97d9-ddd8ec9207d3', '/products/bw101-palm-wax', 'Products | Edible Oils, Candle Waxes, Industrial Waxes & Oleochemicals | Bio Green Wax Ltd', 0, 0, '2026-02-22 16:21:20'),
(1864, '7b6db11c-eca8-48d4-97d9-ddd8ec9207d3', '/products/bw101-palm-wax', 'Palm Wax | Bio Green Wax Ltd', 23, 66, '2026-02-22 16:21:43'),
(1865, '7b6db11c-eca8-48d4-97d9-ddd8ec9207d3', '/products/bw101-palm-wax', 'Palm Wax | Bio Green Wax Ltd', 79, 66, '2026-02-22 16:22:39'),
(1866, '7b6db11c-eca8-48d4-97d9-ddd8ec9207d3', '/', 'Bio Green Wax Ltd for Edible Oils, fats & Industrial Waxes | Bio Green Wax Ltd', 0, 0, '2026-02-22 16:22:39'),
(1867, '7b6db11c-eca8-48d4-97d9-ddd8ec9207d3', '/', 'Bio Green Wax Ltd for Edible Oils, fats & Industrial Waxes | Bio Green Wax Ltd', 2, 0, '2026-02-22 16:22:41'),
(1868, '967453d5-14ce-42b9-8e28-132346b9ce90', '/', 'Bio Green Wax Ltd | Premium Edible Oils & Industrial Waxes UK', 0, 0, '2026-02-22 16:24:44'),
(1869, '7b6db11c-eca8-48d4-97d9-ddd8ec9207d3', '/', 'Bio Green Wax Ltd for Edible Oils, fats & Industrial Waxes | Bio Green Wax Ltd', 355, 0, '2026-02-22 16:28:34'),
(1870, '7b6db11c-eca8-48d4-97d9-ddd8ec9207d3', '/zh/', 'Bio Green Wax Ltd for Edible Oils, fats & Industrial Waxes | Bio Green Wax Ltd', 0, 0, '2026-02-22 16:28:35'),
(1871, '7b6db11c-eca8-48d4-97d9-ddd8ec9207d3', '/zh/', 'Bio Green Wax Ltd for Edible Oils, fats & Industrial Waxes | Bio Green Wax Ltd', 4, 37, '2026-02-22 16:28:39'),
(1872, '7b6db11c-eca8-48d4-97d9-ddd8ec9207d3', '/de', 'Bio Green Wax Ltd for Edible Oils, fats & Industrial Waxes | Bio Green Wax Ltd', 0, 0, '2026-02-22 16:28:39'),
(1873, '7b6db11c-eca8-48d4-97d9-ddd8ec9207d3', '/de', 'Bio Green Wax Ltd for Edible Oils, fats & Industrial Waxes | Bio Green Wax Ltd', 7, 54, '2026-02-22 16:28:46'),
(1874, '7b6db11c-eca8-48d4-97d9-ddd8ec9207d3', '/sw', 'Bio Green Wax Ltd for Edible Oils, fats & Industrial Waxes | Bio Green Wax Ltd', 0, 0, '2026-02-22 16:28:46'),
(1875, '7b6db11c-eca8-48d4-97d9-ddd8ec9207d3', '/sw', 'Bio Green Wax Ltd for Edible Oils, fats & Industrial Waxes | Bio Green Wax Ltd', 7, 37, '2026-02-22 16:28:53'),
(1876, '7b6db11c-eca8-48d4-97d9-ddd8ec9207d3', '/pl', 'Bio Green Wax Ltd for Edible Oils, fats & Industrial Waxes | Bio Green Wax Ltd', 0, 0, '2026-02-22 16:28:53'),
(1877, '7b6db11c-eca8-48d4-97d9-ddd8ec9207d3', '/pl', 'Bio Green Wax Ltd for Edible Oils, fats & Industrial Waxes | Bio Green Wax Ltd', 4, 36, '2026-02-22 16:28:57'),
(1878, '7b6db11c-eca8-48d4-97d9-ddd8ec9207d3', '/en', 'Bio Green Wax Ltd for Edible Oils, fats & Industrial Waxes | Bio Green Wax Ltd', 0, 0, '2026-02-22 16:28:58'),
(1879, '7b6db11c-eca8-48d4-97d9-ddd8ec9207d3', '/en', 'Bio Green Wax Ltd for Edible Oils, fats & Industrial Waxes | Bio Green Wax Ltd', 3, 0, '2026-02-22 16:29:00'),
(1880, '42805e3e-af68-44ea-8c2d-0f36fc38c9de', '/', 'Bio Green Wax Ltd | Premium Edible Oils & Industrial Waxes UK', 0, 0, '2026-02-22 16:31:17'),
(1881, '42805e3e-af68-44ea-8c2d-0f36fc38c9de', '/', 'Bio Green Wax Ltd for Edible Oils, fats & Industrial Waxes | Bio Green Wax Ltd', 13, 0, '2026-02-22 16:31:30'),
(1882, '7b6db11c-eca8-48d4-97d9-ddd8ec9207d3', '/en', 'Bio Green Wax Ltd for Edible Oils, fats & Industrial Waxes | Bio Green Wax Ltd', 910, 0, '2026-02-22 16:44:08'),
(1883, 'b16956c1-1279-49a0-b043-b491f2697f13', '/', 'Bio Green Wax Ltd | Premium Edible Oils & Industrial Waxes UK', 0, 0, '2026-02-22 16:48:07'),
(1884, 'b16956c1-1279-49a0-b043-b491f2697f13', '/', 'Bio Green Wax Ltd for Edible Oils, fats & Industrial Waxes | Bio Green Wax Ltd', 20, 0, '2026-02-22 16:48:27'),
(1885, '0b9823be-a3db-49d6-8e08-002e941a4e34', '/', 'Bio Green Wax Ltd | Premium Edible Oils & Industrial Waxes UK', 0, 0, '2026-02-22 17:02:28'),
(1886, '78ff4f6e-6871-4d38-af55-c32e5a941563', '/', 'Bio Green Wax Ltd | Premium Edible Oils & Industrial Waxes UK', 0, 0, '2026-02-22 17:10:43'),
(1887, 'bdd04013-8d11-4440-b566-1bd866626081', '/', 'Bio Green Wax Ltd | Premium Edible Oils & Industrial Waxes UK', 0, 0, '2026-02-22 17:10:43'),
(1888, '7b6db11c-eca8-48d4-97d9-ddd8ec9207d3', '/en', 'Bio Green Wax Ltd for Edible Oils, fats & Industrial Waxes | Bio Green Wax Ltd', 5510, 0, '2026-02-22 18:00:47'),
(1889, '7b6db11c-eca8-48d4-97d9-ddd8ec9207d3', '/', 'Bio Green Wax Ltd for Edible Oils, fats & Industrial Waxes | Bio Green Wax Ltd', 0, 0, '2026-02-22 18:00:47'),
(1890, '7b6db11c-eca8-48d4-97d9-ddd8ec9207d3', '/', 'Bio Green Wax Ltd for Edible Oils, fats & Industrial Waxes | Bio Green Wax Ltd', 6, 67, '2026-02-22 18:00:54'),
(1891, '7b6db11c-eca8-48d4-97d9-ddd8ec9207d3', '/zh/', 'Bio Green Wax Ltd for Edible Oils, fats & Industrial Waxes | Bio Green Wax Ltd', 0, 0, '2026-02-22 18:00:54'),
(1892, '7b6db11c-eca8-48d4-97d9-ddd8ec9207d3', '/zh/', 'Bio Green Wax Ltd for Edible Oils, fats & Industrial Waxes | Bio Green Wax Ltd', 14, 100, '2026-02-22 18:01:07'),
(1893, '7b6db11c-eca8-48d4-97d9-ddd8ec9207d3', '/zh/', 'Bio Green Wax Ltd for Edible Oils, fats & Industrial Waxes | Bio Green Wax Ltd', 14, 100, '2026-02-22 18:01:08'),
(1894, '7b6db11c-eca8-48d4-97d9-ddd8ec9207d3', '/zh/', 'Bio Green Wax Ltd | Premium Edible Oils & Industrial Waxes UK', 0, 0, '2026-02-22 18:01:08'),
(1895, '7b6db11c-eca8-48d4-97d9-ddd8ec9207d3', '/zh/', 'Premium Edible Oils & Industrial Waxes Supplier | Bio Green Wax Ltd', 9, 56, '2026-02-22 18:01:17'),
(1896, '7b6db11c-eca8-48d4-97d9-ddd8ec9207d3', '/zh/products', 'Premium Edible Oils & Industrial Waxes Supplier | Bio Green Wax Ltd', 0, 0, '2026-02-22 18:01:17');
INSERT INTO `page_views` (`id`, `session_id`, `page_path`, `page_title`, `time_on_page`, `scroll_depth`, `viewed_at`) VALUES
(1897, '7b6db11c-eca8-48d4-97d9-ddd8ec9207d3', '/zh/products', 'Products | Edible Oils, Candle Waxes, Industrial Waxes & Oleochemicals | Bio Green Wax Ltd', 31, 64, '2026-02-22 18:01:48'),
(1898, '7b6db11c-eca8-48d4-97d9-ddd8ec9207d3', '/zh/', 'Bio Green Wax Ltd for Edible Oils, fats & Industrial Waxes | Bio Green Wax Ltd', 0, 0, '2026-02-22 18:01:48'),
(1899, '7b6db11c-eca8-48d4-97d9-ddd8ec9207d3', '/zh/', 'Bio Green Wax Ltd for Edible Oils, fats & Industrial Waxes | Bio Green Wax Ltd', 8, 69, '2026-02-22 18:01:57'),
(1900, '7b6db11c-eca8-48d4-97d9-ddd8ec9207d3', '/en', 'Bio Green Wax Ltd for Edible Oils, fats & Industrial Waxes | Bio Green Wax Ltd', 0, 0, '2026-02-22 18:01:57'),
(1901, '7b6db11c-eca8-48d4-97d9-ddd8ec9207d3', '/en', 'Bio Green Wax Ltd for Edible Oils, fats & Industrial Waxes | Bio Green Wax Ltd', 10, 83, '2026-02-22 18:02:06'),
(1902, '227a1a3f-f37d-4eb4-bd23-577be2be4bd0', '/', 'Bio Green Wax Ltd | Premium Edible Oils & Industrial Waxes UK', 0, 0, '2026-02-22 18:35:28'),
(1903, '7b6db11c-eca8-48d4-97d9-ddd8ec9207d3', '/en', 'Bio Green Wax Ltd for Edible Oils, fats & Industrial Waxes | Bio Green Wax Ltd', 2111, 83, '2026-02-22 18:37:07'),
(1904, '7b6db11c-eca8-48d4-97d9-ddd8ec9207d3', '/en', 'Bio Green Wax Ltd for Edible Oils, fats & Industrial Waxes | Bio Green Wax Ltd', 2155, 83, '2026-02-22 18:37:52'),
(1905, '7b6db11c-eca8-48d4-97d9-ddd8ec9207d3', '/en', 'Bio Green Wax Ltd for Edible Oils, fats & Industrial Waxes | Bio Green Wax Ltd', 4757, 100, '2026-02-22 19:21:14'),
(1906, '7b6db11c-eca8-48d4-97d9-ddd8ec9207d3', '/products', 'Bio Green Wax Ltd for Edible Oils, fats & Industrial Waxes | Bio Green Wax Ltd', 0, 0, '2026-02-22 19:21:14'),
(1907, '7b6db11c-eca8-48d4-97d9-ddd8ec9207d3', '/products', 'Products | Edible Oils, Candle Waxes, Industrial Waxes & Oleochemicals | Bio Green Wax Ltd', 25, 100, '2026-02-22 19:21:39'),
(1908, '7b6db11c-eca8-48d4-97d9-ddd8ec9207d3', '/products', 'Products | Edible Oils, Candle Waxes, Industrial Waxes & Oleochemicals | Bio Green Wax Ltd', 25, 100, '2026-02-22 19:21:39'),
(1909, '7b6db11c-eca8-48d4-97d9-ddd8ec9207d3', '/products', 'Bio Green Wax Ltd | Premium Edible Oils & Industrial Waxes UK', 0, 0, '2026-02-22 19:21:39'),
(1910, '7b6db11c-eca8-48d4-97d9-ddd8ec9207d3', '/products', 'Products | Edible Oils, Candle Waxes, Industrial Waxes & Oleochemicals | Bio Green Wax Ltd', 12, 0, '2026-02-22 19:21:52'),
(1911, '7b6db11c-eca8-48d4-97d9-ddd8ec9207d3', '/products/sunflower-oil', 'Products | Edible Oils, Candle Waxes, Industrial Waxes & Oleochemicals | Bio Green Wax Ltd', 0, 0, '2026-02-22 19:21:52'),
(1912, '7b6db11c-eca8-48d4-97d9-ddd8ec9207d3', '/products/sunflower-oil', 'Sunflower Oil | Bio Green Wax Ltd', 24, 77, '2026-02-22 19:22:16'),
(1913, '7b6db11c-eca8-48d4-97d9-ddd8ec9207d3', '/', 'Premium Edible Oils & Industrial Waxes Supplier | Bio Green Wax Ltd', 0, 0, '2026-02-22 19:22:16'),
(1914, '7b6db11c-eca8-48d4-97d9-ddd8ec9207d3', '/', 'Bio Green Wax Ltd for Edible Oils, fats & Industrial Waxes | Bio Green Wax Ltd', 3, 0, '2026-02-22 19:22:19'),
(1915, '7b6db11c-eca8-48d4-97d9-ddd8ec9207d3', '/products', 'Products | Edible Oils, Candle Waxes, Industrial Waxes & Oleochemicals | Bio Green Wax Ltd', 0, 0, '2026-02-22 19:22:19'),
(1916, '7b6db11c-eca8-48d4-97d9-ddd8ec9207d3', '/products', 'Products | Edible Oils, Candle Waxes, Industrial Waxes & Oleochemicals | Bio Green Wax Ltd', 14, 100, '2026-02-22 19:22:33'),
(1917, '7b6db11c-eca8-48d4-97d9-ddd8ec9207d3', '/', 'Bio Green Wax Ltd for Edible Oils, fats & Industrial Waxes | Bio Green Wax Ltd', 0, 0, '2026-02-22 19:22:33'),
(1918, '7b6db11c-eca8-48d4-97d9-ddd8ec9207d3', '/', 'Bio Green Wax Ltd for Edible Oils, fats & Industrial Waxes | Bio Green Wax Ltd', 8, 0, '2026-02-22 19:22:41'),
(1919, '7b6db11c-eca8-48d4-97d9-ddd8ec9207d3', '/', 'Bio Green Wax Ltd for Edible Oils, fats & Industrial Waxes | Bio Green Wax Ltd', 343, 11, '2026-02-22 19:28:16'),
(1920, '82bb8029-39a2-411d-98a8-82fa5b7102fb', '/about', 'Bio Green Wax Ltd | Premium Edible Oils & Industrial Waxes UK', 0, 0, '2026-02-23 05:17:44'),
(1921, '7b6db11c-eca8-48d4-97d9-ddd8ec9207d3', '/', 'Bio Green Wax Ltd for Edible Oils, fats & Industrial Waxes | Bio Green Wax Ltd', 39059, 11, '2026-02-23 06:13:34'),
(1922, '7b6db11c-eca8-48d4-97d9-ddd8ec9207d3', '/', 'Bio Green Wax Ltd for Edible Oils, fats & Industrial Waxes | Bio Green Wax Ltd', 39060, 11, '2026-02-23 06:13:34'),
(1923, '7b6db11c-eca8-48d4-97d9-ddd8ec9207d3', '/', 'Bio Green Wax Ltd | Premium Edible Oils & Industrial Waxes UK', 0, 0, '2026-02-23 06:13:34'),
(1924, '7b6db11c-eca8-48d4-97d9-ddd8ec9207d3', '/', 'Premium Edible Oils & Industrial Waxes Supplier | Bio Green Wax Ltd', 11, 56, '2026-02-23 06:13:45'),
(1925, '7b6db11c-eca8-48d4-97d9-ddd8ec9207d3', '/', 'Premium Edible Oils & Industrial Waxes Supplier | Bio Green Wax Ltd', 11, 56, '2026-02-23 06:13:45'),
(1926, '7b6db11c-eca8-48d4-97d9-ddd8ec9207d3', '/', 'Bio Green Wax Ltd | Premium Edible Oils & Industrial Waxes UK', 0, 0, '2026-02-23 06:13:45'),
(1927, '64bf724a-bd6d-4d6a-8de8-a0b6821ebb8e', '/', 'Bio Green Wax Ltd | Premium Edible Oils & Industrial Waxes UK', 0, 0, '2026-02-23 06:13:46'),
(1928, '7b6db11c-eca8-48d4-97d9-ddd8ec9207d3', '/', 'Premium Edible Oils & Industrial Waxes Supplier | Bio Green Wax Ltd', 21, 100, '2026-02-23 06:14:13'),
(1929, '7b6db11c-eca8-48d4-97d9-ddd8ec9207d3', '/', 'Bio Green Wax Ltd for Edible Oils, fats & Industrial Waxes | Bio Green Wax Ltd', 2172, 100, '2026-02-23 06:49:58'),
(1930, '6d8fdcec-d0e6-40a3-b4d7-91782fb31799', '/', 'Bio Green Wax Ltd | Premium Edible Oils & Industrial Waxes UK', 0, 0, '2026-02-23 06:50:38'),
(1931, '6d8fdcec-d0e6-40a3-b4d7-91782fb31799', '/', 'Bio Green Wax Ltd for Edible Oils, fats & Industrial Waxes | Bio Green Wax Ltd', 1, 0, '2026-02-23 06:50:39'),
(1932, '6d8fdcec-d0e6-40a3-b4d7-91782fb31799', '/about', 'Bio Green Wax Ltd for Edible Oils, fats & Industrial Waxes | Bio Green Wax Ltd', 0, 0, '2026-02-23 06:50:39'),
(1933, '6d8fdcec-d0e6-40a3-b4d7-91782fb31799', '/about', 'About Bio Green Wax Ltd | RSPO SG Certified Oils & Waxes Supplier | Bio Green Wax Ltd', 8, 11, '2026-02-23 06:50:47'),
(1934, '6d8fdcec-d0e6-40a3-b4d7-91782fb31799', '/about', 'About Bio Green Wax Ltd | RSPO SG Certified Oils & Waxes Supplier | Bio Green Wax Ltd', 21, 13, '2026-02-23 06:51:00'),
(1935, '6d8fdcec-d0e6-40a3-b4d7-91782fb31799', '/about', 'About Bio Green Wax Ltd | RSPO SG Certified Oils & Waxes Supplier | Bio Green Wax Ltd', 36, 13, '2026-02-23 06:51:15'),
(1936, '6d8fdcec-d0e6-40a3-b4d7-91782fb31799', '/about', 'About Bio Green Wax Ltd | RSPO SG Certified Oils & Waxes Supplier | Bio Green Wax Ltd', 50, 13, '2026-02-23 06:51:29'),
(1937, '6d8fdcec-d0e6-40a3-b4d7-91782fb31799', '/about', 'About Bio Green Wax Ltd | RSPO SG Certified Oils & Waxes Supplier | Bio Green Wax Ltd', 1053, 13, '2026-02-23 07:08:12'),
(1938, '6d8fdcec-d0e6-40a3-b4d7-91782fb31799', '/about', 'About Bio Green Wax Ltd | RSPO SG Certified Oils & Waxes Supplier | Bio Green Wax Ltd', 5262, 13, '2026-02-23 08:18:22'),
(1939, '6c61eb5d-480e-40f6-84cc-6e779d0ce750', '/', 'Bio Green Wax Ltd | Premium Edible Oils & Industrial Waxes UK', 0, 0, '2026-02-23 10:17:35'),
(1940, '6d8fdcec-d0e6-40a3-b4d7-91782fb31799', '/about', 'About Bio Green Wax Ltd | RSPO SG Certified Oils & Waxes Supplier | Bio Green Wax Ltd', 15909, 13, '2026-02-23 11:15:48'),
(1941, '7b6db11c-eca8-48d4-97d9-ddd8ec9207d3', '/', 'Bio Green Wax Ltd for Edible Oils, fats & Industrial Waxes | Bio Green Wax Ltd', 18248, 100, '2026-02-23 11:17:53'),
(1942, '6d2687b2-865c-4b30-bc1a-ed690219ca2f', '/', 'Bio Green Wax Ltd | Premium Edible Oils & Industrial Waxes UK', 0, 0, '2026-02-23 11:37:00'),
(1943, '956bd40d-4d1d-4d90-b12d-f7173c24b494', '/', 'Bio Green Wax Ltd | Premium Edible Oils & Industrial Waxes UK', 0, 0, '2026-02-23 11:37:00'),
(1944, '6d2687b2-865c-4b30-bc1a-ed690219ca2f', '/', 'Bio Green Wax Ltd for Edible Oils, fats & Industrial Waxes | Bio Green Wax Ltd', 2, 0, '2026-02-23 11:37:01'),
(1945, '6d2687b2-865c-4b30-bc1a-ed690219ca2f', '/', 'Bio Green Wax Ltd for Edible Oils, fats & Industrial Waxes | Bio Green Wax Ltd', 2, 0, '2026-02-23 11:37:01'),
(1946, '6d8fdcec-d0e6-40a3-b4d7-91782fb31799', '/about', 'About Bio Green Wax Ltd | RSPO SG Certified Oils & Waxes Supplier | Bio Green Wax Ltd', 29649, 13, '2026-02-23 15:04:47'),
(1947, '3c4946bb-68a9-4d40-9858-3fef77299aba', '/', 'Bio Green Wax Ltd | Premium Edible Oils & Industrial Waxes UK', 0, 0, '2026-02-24 10:08:46'),
(1948, '8dfa8bd3-8a5d-4d78-b7f9-41f87612e624', '/', 'Bio Green Wax Ltd | Premium Edible Oils & Industrial Waxes UK', 0, 0, '2026-02-24 13:01:11'),
(1949, '8dfa8bd3-8a5d-4d78-b7f9-41f87612e624', '/', 'Bio Green Wax Ltd for Edible Oils, fats & Industrial Waxes | Bio Green Wax Ltd', 9, 0, '2026-02-24 13:01:19'),
(1950, '8dfa8bd3-8a5d-4d78-b7f9-41f87612e624', '/', 'Bio Green Wax Ltd for Edible Oils, fats & Industrial Waxes | Bio Green Wax Ltd', 9, 0, '2026-02-24 13:01:19'),
(1951, 'e6ecb404-28be-43ab-b989-10a87429bd8a', '/', 'Bio Green Wax Ltd | Premium Edible Oils & Industrial Waxes UK', 0, 0, '2026-02-24 19:12:22'),
(1952, '7b6db11c-eca8-48d4-97d9-ddd8ec9207d3', '/', 'Bio Green Wax Ltd for Edible Oils, fats & Industrial Waxes | Bio Green Wax Ltd', 133821, 100, '2026-02-24 19:24:06'),
(1953, '6d8fdcec-d0e6-40a3-b4d7-91782fb31799', '/about', 'About Bio Green Wax Ltd | RSPO SG Certified Oils & Waxes Supplier | Bio Green Wax Ltd', 131607, 13, '2026-02-24 19:24:46'),
(1954, '86fd60e4-5085-4329-81a2-894fd5f36204', '/', 'Bio Green Wax Ltd | Premium Edible Oils & Industrial Waxes UK', 0, 0, '2026-02-24 19:42:05'),
(1955, '86fd60e4-5085-4329-81a2-894fd5f36204', '/', 'Bio Green Wax Ltd for Edible Oils, fats & Industrial Waxes | Bio Green Wax Ltd', 16, 85, '2026-02-24 19:42:22'),
(1956, '0fdbc9b1-3a54-4258-9988-e1f1118054dd', '/', 'Bio Green Wax Ltd | Premium Edible Oils & Industrial Waxes UK', 0, 0, '2026-02-24 19:42:24'),
(1957, '6042893a-a2c1-472b-9b77-a2602d9932b0', '/', 'Bio Green Wax Ltd | Premium Edible Oils & Industrial Waxes UK', 0, 0, '2026-02-24 19:42:34'),
(1958, '0fdbc9b1-3a54-4258-9988-e1f1118054dd', '/', 'Bio Green Wax Ltd for Edible Oils, fats & Industrial Waxes | Bio Green Wax Ltd', 13, 87, '2026-02-24 19:42:37'),
(1959, '86fd60e4-5085-4329-81a2-894fd5f36204', '/', 'Bio Green Wax Ltd for Edible Oils, fats & Industrial Waxes | Bio Green Wax Ltd', 36, 85, '2026-02-24 19:42:41'),
(1960, '0fdbc9b1-3a54-4258-9988-e1f1118054dd', '/', 'Bio Green Wax Ltd for Edible Oils, fats & Industrial Waxes | Bio Green Wax Ltd', 23, 87, '2026-02-24 19:42:47'),
(1961, '86fd60e4-5085-4329-81a2-894fd5f36204', '/', 'Bio Green Wax Ltd for Edible Oils, fats & Industrial Waxes | Bio Green Wax Ltd', 43, 85, '2026-02-24 19:42:48'),
(1962, '86fd60e4-5085-4329-81a2-894fd5f36204', '/', 'Bio Green Wax Ltd for Edible Oils, fats & Industrial Waxes | Bio Green Wax Ltd', 52, 85, '2026-02-24 19:42:56'),
(1963, '86fd60e4-5085-4329-81a2-894fd5f36204', '/', 'Bio Green Wax Ltd for Edible Oils, fats & Industrial Waxes | Bio Green Wax Ltd', 1246, 85, '2026-02-24 20:02:50'),
(1964, '86fd60e4-5085-4329-81a2-894fd5f36204', '/about', 'About Us | Bio Green Wax Ltd', 0, 0, '2026-02-24 20:02:50'),
(1965, '86fd60e4-5085-4329-81a2-894fd5f36204', '/about', 'About Bio Green Wax Ltd | RSPO SG Certified Oils & Waxes Supplier | Bio Green Wax Ltd', 22, 19, '2026-02-24 20:03:13'),
(1966, 'b88283ae-97aa-4529-b4bd-156d9634f7b5', '/', 'Bio Green Wax Ltd | Premium Edible Oils & Industrial Waxes UK', 0, 0, '2026-02-24 20:03:25'),
(1967, 'b88283ae-97aa-4529-b4bd-156d9634f7b5', '/', 'Bio Green Wax Ltd for Edible Oils, fats & Industrial Waxes | Bio Green Wax Ltd', 14, 0, '2026-02-24 20:03:39'),
(1968, 'b88283ae-97aa-4529-b4bd-156d9634f7b5', '/about', 'About Us | Bio Green Wax Ltd', 0, 0, '2026-02-24 20:03:39'),
(1969, '86fd60e4-5085-4329-81a2-894fd5f36204', '/about', 'About Bio Green Wax Ltd | RSPO SG Certified Oils & Waxes Supplier | Bio Green Wax Ltd', 61, 19, '2026-02-24 20:03:51'),
(1970, '86fd60e4-5085-4329-81a2-894fd5f36204', '/about', 'About Bio Green Wax Ltd | RSPO SG Certified Oils & Waxes Supplier | Bio Green Wax Ltd', 74, 19, '2026-02-24 20:04:05'),
(1971, 'b88283ae-97aa-4529-b4bd-156d9634f7b5', '/about', 'About Bio Green Wax Ltd | RSPO SG Certified Oils & Waxes Supplier | Bio Green Wax Ltd', 25, 55, '2026-02-24 20:04:05'),
(1972, '86fd60e4-5085-4329-81a2-894fd5f36204', '/about', 'About Bio Green Wax Ltd | RSPO SG Certified Oils & Waxes Supplier | Bio Green Wax Ltd', 1226, 19, '2026-02-24 20:23:16'),
(1973, 'b88283ae-97aa-4529-b4bd-156d9634f7b5', '/about', 'About Bio Green Wax Ltd | RSPO SG Certified Oils & Waxes Supplier | Bio Green Wax Ltd', 1178, 55, '2026-02-24 20:23:18'),
(1974, '86fd60e4-5085-4329-81a2-894fd5f36204', '/about', 'About Bio Green Wax Ltd | RSPO SG Certified Oils & Waxes Supplier | Bio Green Wax Ltd', 2693, 19, '2026-02-24 20:47:43'),
(1975, '86fd60e4-5085-4329-81a2-894fd5f36204', '/about', 'About Bio Green Wax Ltd | RSPO SG Certified Oils & Waxes Supplier | Bio Green Wax Ltd', 3556, 19, '2026-02-24 21:02:07'),
(1976, '86fd60e4-5085-4329-81a2-894fd5f36204', '/about', 'About Bio Green Wax Ltd | RSPO SG Certified Oils & Waxes Supplier | Bio Green Wax Ltd', 3562, 36, '2026-02-24 21:02:12'),
(1977, 'a17f0973-5a6d-4848-9bed-b342af10d7d4', '/', 'Bio Green Wax Ltd | Premium Edible Oils & Industrial Waxes UK', 0, 0, '2026-02-24 21:03:37'),
(1978, 'b88283ae-97aa-4529-b4bd-156d9634f7b5', '/about', 'About Bio Green Wax Ltd | RSPO SG Certified Oils & Waxes Supplier | Bio Green Wax Ltd', 5374, 55, '2026-02-24 21:33:13'),
(1979, 'b88283ae-97aa-4529-b4bd-156d9634f7b5', '/about', 'About Bio Green Wax Ltd | RSPO SG Certified Oils & Waxes Supplier | Bio Green Wax Ltd', 5374, 55, '2026-02-24 21:33:13'),
(1980, '86fd60e4-5085-4329-81a2-894fd5f36204', '/about', 'About Bio Green Wax Ltd | RSPO SG Certified Oils & Waxes Supplier | Bio Green Wax Ltd', 11643, 36, '2026-02-24 23:16:50'),
(1981, '86fd60e4-5085-4329-81a2-894fd5f36204', '/', 'Bio Green Wax Ltd for Edible Oils, fats & Industrial Waxes | Bio Green Wax Ltd', 0, 0, '2026-02-24 23:16:50'),
(1982, '86fd60e4-5085-4329-81a2-894fd5f36204', '/', 'Bio Green Wax Ltd for Edible Oils, fats & Industrial Waxes | Bio Green Wax Ltd', 23, 80, '2026-02-24 23:17:17'),
(1983, '5c1f34fc-a34c-445e-a4fb-f70345e14314', '/', 'Bio Green Wax Ltd | Premium Edible Oils & Industrial Waxes UK', 0, 0, '2026-02-24 23:17:18'),
(1984, '5c1f34fc-a34c-445e-a4fb-f70345e14314', '/', 'Bio Green Wax Ltd for Edible Oils, fats & Industrial Waxes | Bio Green Wax Ltd', 7, 72, '2026-02-24 23:17:24'),
(1985, '5c1f34fc-a34c-445e-a4fb-f70345e14314', '/products', 'Bio Green Wax Ltd for Edible Oils, fats & Industrial Waxes | Bio Green Wax Ltd', 0, 0, '2026-02-24 23:17:25'),
(1986, '5c1f34fc-a34c-445e-a4fb-f70345e14314', '/products', 'Products | Edible Oils, Candle Waxes, Industrial Waxes & Oleochemicals | Bio Green Wax Ltd', 25, 43, '2026-02-24 23:17:50'),
(1987, '5c1f34fc-a34c-445e-a4fb-f70345e14314', '/products/soy-wax', 'Products | Edible Oils, Candle Waxes, Industrial Waxes & Oleochemicals | Bio Green Wax Ltd', 0, 0, '2026-02-24 23:17:50'),
(1988, '5c1f34fc-a34c-445e-a4fb-f70345e14314', '/products/soy-wax', 'Soy Wax | Bio Green Wax Ltd', 136, 0, '2026-02-24 23:20:05'),
(1989, '86fd60e4-5085-4329-81a2-894fd5f36204', '/', 'Bio Green Wax Ltd for Edible Oils, fats & Industrial Waxes | Bio Green Wax Ltd', 472, 80, '2026-02-24 23:24:42'),
(1990, '5c1f34fc-a34c-445e-a4fb-f70345e14314', '/products/soy-wax', 'Soy Wax | Bio Green Wax Ltd', 772, 0, '2026-02-24 23:30:42'),
(1991, '86fd60e4-5085-4329-81a2-894fd5f36204', '/', 'Bio Green Wax Ltd for Edible Oils, fats & Industrial Waxes | Bio Green Wax Ltd', 1147, 80, '2026-02-24 23:36:03'),
(1992, '86fd60e4-5085-4329-81a2-894fd5f36204', '/', 'Bio Green Wax Ltd for Edible Oils, fats & Industrial Waxes | Bio Green Wax Ltd', 1148, 80, '2026-02-24 23:36:03'),
(1993, '86fd60e4-5085-4329-81a2-894fd5f36204', '/', 'Bio Green Wax Ltd for Edible Oils, fats & Industrial Waxes | Bio Green Wax Ltd', 1192, 80, '2026-02-24 23:36:43'),
(1994, '86fd60e4-5085-4329-81a2-894fd5f36204', '/', 'Bio Green Wax Ltd for Edible Oils, fats & Industrial Waxes | Bio Green Wax Ltd', 1212, 80, '2026-02-24 23:37:02'),
(1995, '86fd60e4-5085-4329-81a2-894fd5f36204', '/', 'Bio Green Wax Ltd for Edible Oils, fats & Industrial Waxes | Bio Green Wax Ltd', 1228, 80, '2026-02-24 23:37:19'),
(1996, '86fd60e4-5085-4329-81a2-894fd5f36204', '/', 'Bio Green Wax Ltd for Edible Oils, fats & Industrial Waxes | Bio Green Wax Ltd', 1232, 80, '2026-02-24 23:37:22'),
(1997, '86fd60e4-5085-4329-81a2-894fd5f36204', '/', 'Bio Green Wax Ltd for Edible Oils, fats & Industrial Waxes | Bio Green Wax Ltd', 1416, 80, '2026-02-24 23:40:26'),
(1998, '86fd60e4-5085-4329-81a2-894fd5f36204', '/', 'Bio Green Wax Ltd for Edible Oils, fats & Industrial Waxes | Bio Green Wax Ltd', 23634, 80, '2026-02-25 05:50:44'),
(1999, '86fd60e4-5085-4329-81a2-894fd5f36204', '/', 'Bio Green Wax Ltd for Edible Oils, fats & Industrial Waxes | Bio Green Wax Ltd', 23664, 80, '2026-02-25 05:51:14'),
(2000, '86fd60e4-5085-4329-81a2-894fd5f36204', '/', 'Bio Green Wax Ltd for Edible Oils, fats & Industrial Waxes | Bio Green Wax Ltd', 23771, 80, '2026-02-25 05:53:00'),
(2001, '5c1f34fc-a34c-445e-a4fb-f70345e14314', '/products/soy-wax', 'Soy Wax | Bio Green Wax Ltd', 23735, 0, '2026-02-25 05:53:24'),
(2002, '5c1f34fc-a34c-445e-a4fb-f70345e14314', '/', 'Premium Edible Oils & Industrial Waxes Supplier | Bio Green Wax Ltd', 0, 0, '2026-02-25 05:53:24'),
(2003, '5c1f34fc-a34c-445e-a4fb-f70345e14314', '/', 'Bio Green Wax Ltd for Edible Oils, fats & Industrial Waxes | Bio Green Wax Ltd', 43, 76, '2026-02-25 05:54:07'),
(2004, '86fd60e4-5085-4329-81a2-894fd5f36204', '/', 'Bio Green Wax Ltd for Edible Oils, fats & Industrial Waxes | Bio Green Wax Ltd', 23912, 80, '2026-02-25 05:55:21'),
(2005, '86fd60e4-5085-4329-81a2-894fd5f36204', '/', 'Bio Green Wax Ltd for Edible Oils, fats & Industrial Waxes | Bio Green Wax Ltd', 23953, 80, '2026-02-25 05:56:03'),
(2006, '5c1f34fc-a34c-445e-a4fb-f70345e14314', '/', 'Bio Green Wax Ltd for Edible Oils, fats & Industrial Waxes | Bio Green Wax Ltd', 171, 76, '2026-02-25 05:56:17'),
(2007, '86fd60e4-5085-4329-81a2-894fd5f36204', '/', 'Bio Green Wax Ltd for Edible Oils, fats & Industrial Waxes | Bio Green Wax Ltd', 24050, 80, '2026-02-25 05:57:39'),
(2008, '5c1f34fc-a34c-445e-a4fb-f70345e14314', '/', 'Bio Green Wax Ltd for Edible Oils, fats & Industrial Waxes | Bio Green Wax Ltd', 273, 76, '2026-02-25 05:57:57'),
(2009, '5c1f34fc-a34c-445e-a4fb-f70345e14314', '/', 'Bio Green Wax Ltd for Edible Oils, fats & Industrial Waxes | Bio Green Wax Ltd', 275, 76, '2026-02-25 05:57:59'),
(2010, '86fd60e4-5085-4329-81a2-894fd5f36204', '/', 'Bio Green Wax Ltd for Edible Oils, fats & Industrial Waxes | Bio Green Wax Ltd', 24099, 80, '2026-02-25 05:58:28'),
(2011, '86fd60e4-5085-4329-81a2-894fd5f36204', '/', 'Bio Green Wax Ltd for Edible Oils, fats & Industrial Waxes | Bio Green Wax Ltd', 27755, 80, '2026-02-25 06:59:25'),
(2012, '86fd60e4-5085-4329-81a2-894fd5f36204', '/', 'Bio Green Wax Ltd for Edible Oils, fats & Industrial Waxes | Bio Green Wax Ltd', 27818, 80, '2026-02-25 07:00:27'),
(2013, '86fd60e4-5085-4329-81a2-894fd5f36204', '/', 'Bio Green Wax Ltd for Edible Oils, fats & Industrial Waxes | Bio Green Wax Ltd', 28583, 80, '2026-02-25 07:13:12'),
(2014, '86fd60e4-5085-4329-81a2-894fd5f36204', '/', 'Bio Green Wax Ltd for Edible Oils, fats & Industrial Waxes | Bio Green Wax Ltd', 30144, 80, '2026-02-25 07:39:13'),
(2015, '86fd60e4-5085-4329-81a2-894fd5f36204', '/zh/', 'Bio Green Wax Ltd for Edible Oils, fats & Industrial Waxes | Bio Green Wax Ltd', 0, 0, '2026-02-25 07:39:13'),
(2016, '86fd60e4-5085-4329-81a2-894fd5f36204', '/zh/', 'Bio Green Wax Ltd for Edible Oils, fats & Industrial Waxes | Bio Green Wax Ltd', 142, 0, '2026-02-25 07:41:36'),
(2017, '86fd60e4-5085-4329-81a2-894fd5f36204', '/zh/', 'Bio Green Wax Ltd for Edible Oils, fats & Industrial Waxes | Bio Green Wax Ltd', 5148, 0, '2026-02-25 09:05:01'),
(2018, '86fd60e4-5085-4329-81a2-894fd5f36204', '/en', 'Bio Green Wax Ltd for Edible Oils, fats & Industrial Waxes | Bio Green Wax Ltd', 0, 0, '2026-02-25 09:05:01'),
(2019, '86fd60e4-5085-4329-81a2-894fd5f36204', '/en', 'Bio Green Wax Ltd for Edible Oils, fats & Industrial Waxes | Bio Green Wax Ltd', 9, 24, '2026-02-25 09:05:10'),
(2020, '86fd60e4-5085-4329-81a2-894fd5f36204', '/en', 'Bio Green Wax Ltd for Edible Oils, fats & Industrial Waxes | Bio Green Wax Ltd', 90, 24, '2026-02-25 09:06:31'),
(2021, '86fd60e4-5085-4329-81a2-894fd5f36204', '/en', 'Bio Green Wax Ltd for Edible Oils, fats & Industrial Waxes | Bio Green Wax Ltd', 6807, 24, '2026-02-25 10:58:27'),
(2022, 'a133f076-00f3-4900-8f1c-3e089f7169dc', '/', 'Bio Green Wax Ltd | Premium Edible Oils & Industrial Waxes UK', 0, 0, '2026-02-25 11:57:11'),
(2023, '86fd60e4-5085-4329-81a2-894fd5f36204', '/en', 'Bio Green Wax Ltd for Edible Oils, fats & Industrial Waxes | Bio Green Wax Ltd', 29746, 24, '2026-02-25 17:20:46'),
(2024, '86fd60e4-5085-4329-81a2-894fd5f36204', '/en', 'Bio Green Wax Ltd for Edible Oils, fats & Industrial Waxes | Bio Green Wax Ltd', 29746, 24, '2026-02-25 17:20:46'),
(2025, '183f5107-4900-4010-919d-7214a91929e4', '/', 'Bio Green Wax Ltd | Premium Edible Oils & Industrial Waxes UK', 0, 0, '2026-02-26 12:48:23'),
(2026, '62871837-010c-49dd-addd-db333bc93aae', '/', 'Bio Green Wax Ltd | Premium Edible Oils & Industrial Waxes UK', 0, 0, '2026-02-27 12:53:19'),
(2027, '5955265c-bcfd-45fc-8684-919963faa0dd', '/', 'Bio Green Wax Ltd | Premium Edible Oils & Industrial Waxes UK', 0, 0, '2026-02-27 14:15:02'),
(2028, 'bde4b4b9-23bb-430c-bd68-4496d80ef837', '/', 'Bio Green Wax Ltd | Premium Edible Oils & Industrial Waxes UK', 0, 0, '2026-02-28 16:22:51');

--
-- Dumping data for table `products`
--

INSERT INTO `products` (`id`, `slug`, `name`, `description`, `full_description`, `category`, `category_label`, `categories`, `image_url`, `specifications`, `applications`, `packaging`, `is_active`, `is_featured`, `display_order`, `priority_order`, `synchronized_data`, `created_at`) VALUES
('bdf424df-f9b0-4a79-84d6-f6ed1eb1e84f', 'palm-olein', 'Palm Olein', 'Palm olein is the liquid fraction of refined palm oil, prized as a stable frying and cooking oil that delivers neutral taste, long fry life, and crisp texture for snacks, fast‑food, and household applications.\n', 'Palm olein is produced by fractionating refined, bleached, and deodorized (RBD) palm oil to obtain a clear liquid rich in oleic and palmitic acids, giving a balanced fatty‑acid profile with naturally good oxidative stability. Its high smoke point, resistance to oxidation and polymer formation, and low tendency to form off‑flavours allow repeated frying cycles with reduced oil breakdown, less foaming, and extended shelf life of finished products.\n​\nIn food applications, palm olein is widely used as a deep‑frying medium for snacks, potato chips, fried chicken, instant noodles, and pre‑fried frozen foods, as well as a general‑purpose household cooking oil in many tropical markets. It also serves as a base oil in blends with soybean, sunflower, or other vegetable oils to achieve tailored nutritional and functional profiles, and is used in margarines, bakery fats, and foodservice frying systems where stable performance and clean flavor are critical.', 'edible-oils', 'Edible Oils', '[\"edible-oils\",\"oleochemicals\"]', '/uploads/products/palm-olein.jpg', '[]', '[\"margarines\",\"frying\",\"cooking\"]', '[]', 1, 1, 32, 1, 0, '2026-02-11 09:25:25'),
('prod-beeswax', 'beeswax', 'Beeswax', 'Pure natural beeswax for cosmetics and candle making', 'Pure natural beeswax sourced from ethical beekeepers. Perfect for cosmetics, candle making, and food applications. Available in various grades.', 'plant-based-waxes', 'Plant-Based Waxes', '[\"plant-based-waxes\"]', '/uploads/products/beeswax.jpg', '[]', '[\"Cosmetics & Pharma\",\"Candles\",\"Food grade coating\"]', '[]', 1, 1, 6, 2, 0, '2026-02-05 21:03:49'),
('prod-bw101-palm-wax', 'bw101-palm-wax', 'Palm Wax', 'Premium 100% palm wax with creamy yellow color, ideal for candle making. RSPO SG (Segregated) / MB (Mass balance) certified.', 'Premium 100% Palm Wax, available with RSPO Segregated (SG) / RSPO Mass Balance (MB), or EUDR certification for full sustainability and compliance. Custom grades tailored for candle production feature varied melting points, perfect for crafting premium jar candles, moulding, and versatile candle wax blends. Its beautiful creamy yellow color ensures stunning results with clean, efficient burning.', 'plant-based-waxes', 'Plant-Based Waxes', '[\"plant-based-waxes\",\"industrial-waxes\",\"oleochemicals\"]', '/uploads/products/bw101-palm-wax.jpg', '[{\"label\":\"Melting Point\",\"value\":\"52-54\"},{\"label\":\"Melting Point\",\"value\":\"50-52\"},{\"label\":\"Melting Point\",\"value\":\"48-50\"},{\"label\":\"Melting point \",\"value\":\"46-48\"},{\"label\":\"Melting point\",\"value\":\"42-44\"}]', '[\"Food coating\",\"Candle making\",\"Jar candles making\"]', '[\"20 kg Cartons\",\"10 kg Cartons\",\"50 Lbs Cartons\"]', 1, 1, 8, 2, 0, '2026-02-05 21:03:49'),
('prod-bw105-palm-wax', 'palm-shortenings-lmp', 'Palm Shortenings(Low melting point)', 'Palm Shortening is a semi-solid, non-hydrogenated fat derived from fractionated palm oil, offering superior stability and neutral flavor.', 'Palm Shortening is a semi-solid, non-hydrogenated fat derived from fractionated palm oil, offering superior stability and neutral flavor.\nPerfect for bakery applications—creates flaky pastries, tender cakes, and crispy fried foods with high smoke point.\nCost-effective, oxidation-resistant alternative to butter or lard in industrial baking.', 'plant-based-waxes', 'Plant-Based Waxes', '[\"plant-based-waxes\",\"edible-oils\"]', '/uploads/products/palm-shortenings-lmp.jpg', '[{\"label\":\"Melting point\",\"value\":\"40-42\"},{\"label\":\"Melting point\",\"value\":\"42-44\"}]', '[\"Food industry\",\"Jar candle making\",\"Vanaspathi making\",\"Vegetable Ghee\",\"Margarine production\"]', '[\"20 kg cartons\"]', 1, 0, 9, 10, 1, '2026-02-05 21:03:49'),
('prod-bw10510-blended-wax', 'palm-paraffin-blended-wax-jarcandles', 'Palm-Paraffin blended wax for jar candles', 'Ready-to-use Low MP Jar Candle Blend: Palm-Paraffin-Microcrystalline with Polyboost™, Vybar®, UV stabilizers—just add color & fragrance for superior glass adhesion and maximum throw.', 'Bio Green Wax\'s Low Melting Point Jar Candle Blend (48-50°C) and (50-52°C)—Palm-Paraffin-Microcrystalline formulation optimized for glass containers. Ready-to-use: add only color & fragrance. Features Polyboost/Vybar for opacity/adhesion, UV stabilizers/antioxidants for shelf life, plus fragrance retention agents delivering exceptional hot/cold throw, crease-free burn, and superior jar retention for premium container candles.', 'wax-blends', 'Wax Blends', '[\"wax-blends\",\"industrial-waxes\"]', '/uploads/products/palm-paraffin-blended-wax-jarcandles.jpg', '[]', '[\"Jar candles production\",\"scented candles\"]', '[\"20 kg cartons\"]', 1, 0, 18, 10, 1, '2026-02-05 21:03:49'),
('prod-bw10555-blended-wax', 'soy-blend-vegan-wax', 'Soy-Based Vegan Wax Blend', 'Ready-to-use 95% Soy Vegan Blend from Bio Green Wax—pure plant-based for Jar (48-52°C) & Pillar (56-62°C) candles. Just add color & fragrance.', 'Bio Green Wax\'s 95% Soy Wax Vegan Blend (5% plant additives) delivers clean-burning, natural performance for glass jars and freestanding pillars. Available in low melting point (48-52°C) for containers and high melting point (56-62°C) for pillars. Ready-to-use: simply add your color and fragrance for exceptional throw and smooth finish.', 'wax-blends', 'Wax Blends', '[\"wax-blends\",\"industrial-waxes\"]', '/uploads/products/soy-blend-vegan-wax.jpg', '[]', '[\"Jar candles\",\"Pillar Candles\"]', '[]', 1, 0, 20, 10, 1, '2026-02-05 21:03:49'),
('prod-bw10610-blended-wax', 'palm-paraffin-blended-wax-pillar', 'Palm-Paraffin- blended wax for Pillar Candles', 'Ready-to-use High MP Pillar Candle Blends (56-58°C & 58-60°C): Palm-Paraffin-Microcrystalline with Polyboost™, Vybar®, UV stabilizers—just add color & fragrance for superior pillar performance.', 'Bio Green wax\'s High Melting Point Pillar Candle Blends (56-58°C & 58-60°C)—Palm-Paraffin-Microcrystalline formulations engineered for freestanding pillar candles. Ready-to-use: add only color & fragrance. Optimized with Polyboost/Vybar for mold release & opacity, UV stabilizers/antioxidants for extended shelf life, plus fragrance retention agents delivering exceptional hot/cold throw, perfect pillar shape retention, and clean-burning performance.', 'wax-blends', 'Wax Blends', '[\"wax-blends\",\"industrial-waxes\"]', '/uploads/products/palm-paraffin-blended-wax-pillar.jpg', '[]', '[\"Pillar candles\"]', '[\"20 kg cartons\",\"25 kg bags\"]', 1, 0, 19, 10, 1, '2026-02-05 21:03:49'),
('prod-bw10655-blended-wax', 'soy-beeswax-blend', 'Soy-Beeswax-Paraffin Wax Blend', 'Ready-to-use Soy-Beeswax-Paraffin Blend from Bio Green Wax—ultimate fragrance throw for Jar (48-52°C) & Pillar (56-62°C) candles. Just add scent & color.', 'Bio Green Wax\'s Soy-Beeswax-Paraffin Blend combines natural soy smoothness, beeswax stability, and paraffin\'s scent power for unmatched fragrance performance. Low melting point (48-52°C) excels in glass containers; high melting point (56-62°C) perfect for pillars. Ready-to-use formulation—just add fragrance and color for superior hot/cold throw and flawless candle finish.', 'wax-blends', 'Wax Blends', '[\"wax-blends\",\"industrial-waxes\"]', '/uploads/products/soy-beeswax-blend.jpg', '[]', '[\"jar candles\",\"pillar candles\"]', '[]', 1, 0, 21, 10, 1, '2026-02-05 21:03:49'),
('prod-bw8307-blended-wax', 'coconut-rapeseed-blend', 'Coconut-Rapeseed Wax Blend', 'Ready-to-use Coconut-Rapeseed Blend from Bio Green Wax—creamy natural performance for Jar (48-52°C) & Pillar (56-62°C) candles. Add color & fragrance only.', 'Bio Green Wax\'s Coconut-Rapeseed Blend combines coconut wax\'s creamy texture and rapeseed wax\'s smooth burn for exceptional natural candle performance. Low melting point (48-52°C) optimized for container candles; high melting point (56-62°C) for pillar candles. Completely ready-to-use—add only your choice of color and fragrance for professional, clean-burning results.', 'wax-blends', 'Wax Blends', '[\"wax-blends\",\"industrial-waxes\"]', '/uploads/products/coconut-rapeseed-blend.jpg', '[]', '[\"jar candle\",\"pillar candle\"]', '[]', 1, 0, 22, 10, 1, '2026-02-05 21:03:49'),
('prod-carnauba-wax', 'carnauba-wax', 'Carnauba Wax', 'Premium Brazilian carnauba wax for polishes and coatings', 'Premium Brazilian carnauba wax, known as the \"queen of waxes\". Ideal for car polish, cosmetics, and food coatings. Highest natural melting point.', 'plant-based-waxes', 'Plant-Based Waxes', '[\"plant-based-waxes\"]', '/uploads/products/carnauba-wax.jpg', '[]', '[]', '[]', 1, 0, 7, 2, 1, '2026-02-05 21:03:49'),
('prod-castor-oil', 'castor-oil', 'Castor Oil', 'Premium cold-pressed castor oil derived from Ricinus communis seeds, widely used in pharmaceuticals, cosmetics, and industrial applications.', 'Bio Green Wax supplies high-quality castor oil, a versatile vegetable oil obtained by pressing the seeds of the castor bean plant (Ricinus communis). Known for its unique chemical composition rich in ricinoleic acid (approximately 85–90%), castor oil exhibits exceptional viscosity, lubricity, and moisturising properties that make it invaluable across a wide range of industries.\n\nOur castor oil is carefully sourced and processed to meet the highest standards of purity and consistency. It is available in both cold-pressed (virgin) and refined grades, suitable for pharmaceutical, cosmetic, and industrial applications. The oil\'s remarkable stability and solubility in alcohol distinguish it from other vegetable oils, making it a preferred ingredient in formulations requiring superior performance.\n\nCastor oil is naturally biodegradable and derived from renewable resources, aligning with Bio Green Wax\'s commitment to sustainable and environmentally responsible sourcing.', 'oleochemicals', 'Oleochemicals', '[\"oleochemicals\"]', '/uploads/products/castor-oil.jpg', '[\"Ricinoleic Acid Content: 85\\u201390%\",\"Iodine Value: 82\\u201390\",\"Saponification Value: 176\\u2013187\",\"Acid Value: \\u2264 2.0 mg KOH\\/g\",\"Moisture: \\u2264 0.5%\",\"Colour (Gardner): \\u2264 3\",\"Specific Gravity (25\\u00b0C): 0.957\\u20130.968\",\"Viscosity (25\\u00b0C): 650\\u2013700 cP\",\"Grade: Cold-Pressed \\/ Refined (BSS\\/FSG)\"]', '[\"Pharmaceuticals & nutraceuticals\",\"Cosmetics & personal care (skin, hair, lip products)\",\"Industrial lubricants & greases\",\"Coatings, paints & varnishes\",\"Biodiesel & biopolymers\",\"Soap & detergent manufacturing\",\"Textile finishing & dyeing\",\"Food-grade applications & flavouring\"]', '[\"190 kg steel drums\",\"Flexitanks (22 MT)\"]', 1, 1, 7, 2, 0, '2026-02-11 10:14:05'),
('prod-coconut-oil', 'coconut-oil', 'Coconut Oil', 'Virgin and refined coconut oil for food and cosmetic applications', 'Premium virgin and refined coconut oil suitable for cooking, baking, and cosmetic applications. Available in various grades to meet your specific requirements.', 'edible-oils', 'Edible Oils', '[\"edible-oils\"]', '/uploads/products/coconut-oil.jpeg', '[]', '[]', '[]', 1, 1, 2, 1, 0, '2026-02-05 21:03:49'),
('prod-coconut-wax', 'coconut-wax', 'Coconut Wax', 'Coconut wax is a natural wax derived from coconut oil, prized for clean burning candles and eco-friendly applications.', 'Coconut wax is a natural wax derived from the oil of coconuts, known for its clean and slow burn in candle making. It is often considered a sustainable alternative to other waxes. Coconut wax is prized for its eco-friendly characteristics and ability to hold fragrance well. It is derived from a natural and renewable resource, providing clean and slow burning in candles for a longer-lasting and more efficient performance.', 'oleochemicals', 'Oleochemicals', '[\"oleochemicals\",\"plant-based-waxes\"]', '/uploads/products/coconut-wax.jpg', '[]', '[]', '[]', 1, 1, 48, 2, 0, '2026-02-09 04:40:19'),
('prod-fr5456-paraffin-wax', 'sr-paraffin-wax', 'Semi Refined Paraffin Wax (50-68°C)', 'Bio Green Wax Semi Refined Paraffin (50-68°C)—cost-effective 1-5% oil content for candles, rubber, textiles, and high-volume industrial applications.', 'Bio Green Wax\'s Semi Refined Paraffin Waxes (50-68°C) offer economical performance with controlled oil content (1-5%) for flexible hardness. Standard grades: 52/54°C (candles), 56/58°C (pillars), 60/62°C (industrial). Perfect for cost-sensitive candle production, rubber processing aids, textile finishing, and bulk packaging coatings where balanced performance and price matter most.', 'industrial-waxes', 'Industrial Waxes', '[\"industrial-waxes\"]', '/uploads/products/sr-paraffin-wax.jpg', '[]', '[]', '[]', 1, 0, 26, 10, 1, '2026-02-05 21:03:49'),
('prod-glycerine', 'glycerine', 'Glycerine', 'Glycerine is a colorless, odorless, viscous liquid used extensively in pharmaceuticals, cosmetics, and food industries.', 'Glycerine, also known as glycerol or glycerin, is a colorless, odorless, and viscous liquid with a sweet taste. It is a clear, syrupy liquid that is typically colorless, although it can have a slightly yellowish tinge. Glycerine has a high viscosity, meaning it flows slowly and is relatively thick. It has a syrup-like consistency, which contributes to its ability to retain moisture. Glycerine finds extensive use in pharmaceuticals, cosmetics, food processing, and various industrial applications.', 'oleochemicals', 'Oleochemicals', '[\"oleochemicals\"]', '/uploads/products/glycerine.jpg', '[]', '[]', '[]', 1, 0, 42, 4, 1, '2026-02-09 04:40:19'),
('prod-hydrogenated-castor-oil', 'hydrogenated-castor-oil', 'Hydrogenated Castor Oil', 'Hydrogenated castor oil is a solid waxy derivative of castor oil, used in cosmetics, pharmaceuticals, and industrial applications.', 'Hydrogenated castor oil, also known as castor wax or castor wax flake, is a derivative of castor oil that undergoes a hydrogenation process. This involves the addition of hydrogen to the castor oil molecules, resulting in a solid, waxy substance. It is employed in cosmetic and personal care products like lipsticks, creams, and lotions as an emollient to provide smoothness and moisture to the skin. It also acts as a binding agent in cosmetic formulations, helping ingredients stick together and adhere to the skin.', 'oleochemicals', 'Oleochemicals', '[\"oleochemicals\",\"plant-based-waxes\"]', '/uploads/products/hydrogenated-castor-oil.jpg', '[]', '[]', '[]', 1, 1, 52, 2, 0, '2026-02-09 04:40:19'),
('prod-microcrystalline-wax', 'microcrystalline-wax', 'Microcrystalline Wax', 'Flexible microcrystalline wax for cosmetics and adhesives', 'Flexible microcrystalline wax ideal for cosmetics, hot-melt adhesives, and specialty coatings. Superior flexibility and binding properties.', 'industrial-waxes', 'Industrial Waxes', '[\"industrial-waxes\"]', '/uploads/products/microcrystalline-wax.jpg', '[]', '[]', '[]', 1, 1, 24, 10, 1, '2026-02-05 21:03:49'),
('prod-olive-oil', 'olive-oil', 'Olive Oil', 'Premium quality pure olive oil, cold-pressed from select Mediterranean olives for culinary, cosmetic, and industrial applications.', 'Our premium pure olive oil is cold-pressed from carefully selected Mediterranean olives, delivering exceptional quality and rich flavour. Widely used in food preparation, cosmetics, pharmaceuticals, and personal care products, olive oil is prized for its health benefits, antioxidant properties, and versatile applications. Bio Green Wax sources olive oil that meets stringent international quality standards, ensuring consistent purity and performance across all applications.', 'edible-oils', 'Edible Oils', '[\"edible-oils\",\"oleochemicals\"]', '/images/products/olive-oil.jpg', '[]', '[\"Cooking and food preparation\",\"Salad dressings and marinades\",\"Cosmetics and personal care\",\"Pharmaceutical formulations\",\"Soap and candle making\",\"Industrial lubricants\"]', '[\"Flexitanks\",\"ISO tanks\",\"Drums (190 kg)\",\"IBC (1000 L)\",\"Jerrycans (20 L)\"]', 1, 1, 6, 1, 1, '2026-02-10 09:54:48'),
('prod-palm-kernel-oil', 'palm-kernel-oil', 'Palm Kernel Oil', 'Palm kernel oil is derived from the kernel of the oil palm fruit, used in food products, cosmetics, and industrial applications.', 'Palm kernel oil is derived from the kernel of the oil palm fruit and has distinct physical properties. It is typically a light yellow to white solid at room temperature, but melts into a clear, yellowish liquid when heated. The melting point ranges from 23 to 28 degrees Celsius (73 to 82 degrees Fahrenheit). Palm kernel oil is rich in lauric acid and is widely used in food manufacturing, cosmetics, and soap production.', 'oleochemicals', 'Oleochemicals', '[\"oleochemicals\",\"edible-oils\"]', '/uploads/products/palm-kernel-oil.jpg', '[]', '[]', '[]', 1, 0, 41, 1, 1, '2026-02-09 04:40:19'),
('prod-palm-kernel-olein', 'palm-kernel-olein', 'Palm Kernel Olein', 'Premium refined palm kernel olein, the liquid fraction obtained from fractionation of palm kernel oil, valued for its excellent clarity, low cloud point, and versatile use in food, personal care, and oleochemical industries.', 'Bio Green Wax supplies high-quality palm kernel olein (PKOo), the liquid fraction produced through the controlled fractionation of refined palm kernel oil. When palm kernel oil is cooled under precise conditions, it separates into a solid fraction (palm kernel stearin) and a liquid fraction (palm kernel olein). The resulting olein is a clear, light-coloured oil with a low melting point and excellent pourability.\n\nPalm kernel olein is rich in lauric acid (C12) and capric/caprylic medium-chain fatty acids, giving it outstanding clarity, rapid absorption, and a light, non-greasy feel. These characteristics make it highly desirable in the food industry as a cooking oil, frying medium, and ingredient in non-dairy creamers, ice cream, and filled milk formulations.\n\nIn the personal care and cosmetics sector, palm kernel olein is widely used as a base oil in lotions, creams, shampoos, and liquid soaps due to its excellent emollient properties and skin compatibility. It also serves as a key feedstock in oleochemical production, yielding fatty acids, methyl esters, and surfactants used in detergents and cleaning products.\n\nBio Green Wax sources its palm kernel olein from RSPO-certified supply chains, ensuring full traceability and alignment with sustainable palm oil commitments. The product is available in refined, bleached, and deodorised (RBD) form, meeting stringent international quality standards.', 'edible-oils', 'Edible Oils', '[\"edible-oils\",\"oleochemicals\"]', '/images/products/palm-kernel-olein.jpeg', '[\"Lauric Acid (C12): 40\\u201348%\",\"Capric Acid (C10): 3\\u20135%\",\"Caprylic Acid (C8): 3\\u20134%\",\"Myristic Acid (C14): 14\\u201317%\",\"Oleic Acid (C18:1): 12\\u201318%\",\"Iodine Value: 20\\u201328\",\"Saponification Value: 230\\u2013250\",\"Cloud Point: 8\\u201312\\u00b0C\",\"Free Fatty Acid (as Lauric): \\u2264 0.1%\",\"Moisture & Impurities: \\u2264 0.1%\",\"Colour (Lovibond 5\\u00bc\\\" cell): \\u2264 3R\",\"Grade: RBD (Refined, Bleached, Deodorised)\"]', '[\"Cooking oil & frying medium\",\"Non-dairy creamers & filled milk\",\"Ice cream & frozen desserts\",\"Cosmetics & personal care (lotions, creams, shampoos)\",\"Liquid soap & detergent manufacturing\",\"Fatty acid & methyl ester production\",\"Surfactant & emulsifier formulation\",\"Oleochemical feedstock\"]', '[\"190 kg steel drums\",\"Flexitanks (20\\u201322 MT)\",\"ISO tank containers\",\"1000 L IBC totes\",\"Bulk tanker loads\"]', 1, 1, 9, 1, 0, '2026-02-11 16:07:28'),
('prod-palm-kernel-stearin', 'palm-kernel-stearin', 'Palm Kernel Stearin', 'High-quality palm kernel stearin, the solid fraction obtained from the fractionation of palm kernel oil, prized for its sharp melting profile and excellent hardness in confectionery, cosmetics, and oleochemical applications.', 'Bio Green Wax supplies premium-grade palm kernel stearin (PKS), the higher-melting solid fraction produced through the controlled fractionation of refined palm kernel oil. During fractionation, palm kernel oil is separated into two components: palm kernel olein (the liquid fraction) and palm kernel stearin (the solid fraction). The resulting stearin is a white to off-white fat with a characteristically sharp melting point and firm texture.\n\nPalm kernel stearin is rich in lauric acid (C12) and myristic acid (C14), giving it excellent hardness, rapid crystallisation, and a clean melt profile. These properties make it an ideal ingredient for cocoa butter substitutes (CBS), compound chocolate coatings, confectionery fillings, and specialty fats where a snap and gloss finish are required.\n\nBeyond food applications, palm kernel stearin serves as a valuable feedstock in the oleochemical industry for the production of fatty acids, fatty alcohols, soap noodles, and surfactants. In personal care and cosmetics, it contributes body and structure to creams, lotions, and solid formulations.\n\nBio Green Wax sources its palm kernel stearin from RSPO-certified supply chains, ensuring full traceability and compliance with sustainable palm oil commitments. The product is available in refined, bleached, and deodorised (RBD) form, meeting international quality standards for food-grade and technical-grade use.', 'oleochemicals', 'Oleochemicals', '[\"oleochemicals\",\"plant-based-waxes\"]', '/images/products/palm-kernel-stearin.jpeg', '[\"Lauric Acid (C12): 46\\u201352%\",\"Myristic Acid (C14): 15\\u201318%\",\"Palmitic Acid (C16): 7\\u201310%\",\"Oleic Acid (C18:1): 5\\u20138%\",\"Iodine Value: 5\\u20139\",\"Saponification Value: 240\\u2013255\",\"Melting Point: 30\\u201334\\u00b0C\",\"Free Fatty Acid (as Lauric): \\u2264 0.1%\",\"Moisture & Impurities: \\u2264 0.1%\",\"Colour (Lovibond 5\\u00bc\\\" cell): \\u2264 3R\",\"Grade: RBD (Refined, Bleached, Deodorised)\"]', '[\"Cocoa butter substitutes (CBS) & compound chocolate\",\"Confectionery coatings & fillings\",\"Specialty fats & non-dairy creamer\",\"Soap noodles & laundry bar production\",\"Fatty acid & fatty alcohol manufacturing\",\"Cosmetics & personal care formulations\",\"Candle making & wax blends\",\"Surfactant & detergent production\"]', '[\"190 kg steel drums\",\"25 kg carton boxes\",\"Flexitanks (20\\u201322 MT)\"]', 1, 0, 8, 2, 1, '2026-02-11 16:03:48'),
('prod-palm-oil', 'palm-oil', 'Palm Oil', 'Sustainably sourced palm oil and palm derivatives with RSPO SG(segregated) / MB(Mass Balance) Grade', 'RSPO SG(segregated) / MB(Mass balance) Grades available, Sustainably sourced palm oil and palm derivatives for food manufacturing, soap and detergent production. ', 'edible-oils', 'Edible Oils', '[\"edible-oils\",\"oleochemicals\"]', '/uploads/products/palm-oil.jpeg', '[]', '[\"RSPO SG\",\"RSPO MB\"]', '[]', 1, 1, 3, 1, 0, '2026-02-05 21:03:49'),
('prod-palm-shortenings', 'palm-shortenings', 'Palm Shortenings(high melting point)', 'High‑melting palm shortenings (46–52 °C) are specialty bakery and frying fats made from fractionated palm oil, designed to give strong structure, clean flavor, and excellent heat stability in demanding industrial applications.', 'High‑melting point palm shortenings in the 46–52 °C range are formulated from palm stearin and mid‑fractions to deliver high solid‑fat content, firm texture, and a stable crystal network at ambient and elevated temperatures. This higher melting range provides superior heat resistance, oxidative stability, and reduced oiling‑out, making them well suited for tropical climates and high‑temperature processing lines.\n​\n\nIn bakery applications, these shortenings give good aeration, lamination, and snap, supporting flaky pie crusts, puff pastries, cream crackers, cookies, and biscuits while maintaining shape and bite even in warm conditions. They are also used as robust frying and dough fats, and as animal‑fat replacers in meat products, where their firm structure, emulsion stability, and zero‑trans, non‑hydrogenated profile help achieve consistent texture, clean flavor release, and label‑friendly formulations.', 'oleochemicals', 'Oleochemicals', '[\"oleochemicals\",\"edible-oils\",\"plant-based-waxes\"]', '/uploads/products/palm-shortenings.jpg', '[]', '[]', '[]', 1, 0, 44, 2, 1, '2026-02-09 04:40:19'),
('prod-palm-stearic-acid', 'palm-stearic-acid', 'Palm Stearic Acid', 'Palm stearic acid is a saturated fatty acid derived from palm oil, used in cosmetics, candles, and rubber manufacturing.', 'Palm stearic acid is a type of fatty acid derived from palm oil, obtained through the process of separating and crystallizing the fatty acids. It is a saturated fatty acid known for its stability and solid form at room temperature. Palm stearic acid has a waxy appearance ranging from white to slightly yellow. It has a melting point typically between 55-70 degrees Celsius (131-158 degrees Fahrenheit), which allows it to be easily incorporated into various formulations for cosmetics, candles, and rubber products.', 'oleochemicals', 'Oleochemicals', '[\"oleochemicals\",\"plant-based-waxes\"]', '/uploads/products/palm-stearic-acid.jpg', '[]', '[]', '[]', 1, 1, 45, 4, 0, '2026-02-09 04:40:19'),
('prod-palm-stearin', 'palm-stearin', 'Palm Stearin', 'Palm stearin is the solid fraction of palm oil, commonly used in food manufacturing, candle production, and soap making.\nOur Palm Stearin is RSPO SG (Segregated) / MB (Mass balance) grade certified.', 'Palm stearin is a solid fraction of palm oil obtained through the fractionation process, known for its high saturated fatty acid content. It is a solid fat at room temperature with a creamy white to pale yellow color and a smooth, waxy texture. Palm stearin has a higher melting point compared to palm oil. It is commonly used in the food industry for stabilizing fats, producing margarine, and in the production of candles and soap.\nOur Palm Stearin is RSPO SG (Segregated) / MB (Mass balance) grade certified.', 'oleochemicals', 'Oleochemicals', '[\"oleochemicals\",\"edible-oils\",\"plant-based-waxes\"]', '/uploads/products/palm-stearin.jpg', '[]', '[\"RSPO SG \\/ RSPO MB\"]', '[]', 1, 0, 43, 2, 0, '2026-02-09 04:40:19'),
('prod-paraffin-wax', 'paraffin-wax', 'Fully Refined Paraffin Wax (50-68°C)', 'Bio Green Wax Fully Refined Paraffin (50-68°C)—food/pharma grade, <0.5% oil, superior hardness. Perfect for candles, cosmetics, packaging, and precision industrial applications.', 'Bio Green Wax\'s Fully Refined Paraffin Waxes (50-68°C melting points) feature ultra-low oil content (<0.5%), exceptional hardness, and neutral odor/color. Available in candle grades (52/54°C, 56/58°C), container grades (50/52°C), and high-melt pillar grades (64/66°C). Ideal for premium candles, cosmetics, food packaging coatings, and precision molding requiring maximum purity and performance consistency.', 'industrial-waxes', 'Industrial Waxes', '[\"industrial-waxes\"]', '/uploads/products/paraffin-wax.jpg', '[]', '[]', '[]', 1, 0, 23, 10, 1, '2026-02-05 21:03:49'),
('prod-pf56-synthetic-wax', 'fischer-tropsch-ft-wax', 'Fischer-Tropsch (FT) wax', 'Fischer‑Tropsch (FT) wax is a high‑purity synthetic paraffin wax produced from syngas, offering high melting point, low viscosity, and excellent hardness for demanding applications in plastics, coatings, inks, adhesives, and bitumen modification', 'FT wax is generated via the Fischer‑Tropsch synthesis, yielding a water‑white, ultra‑clean wax with a narrow carbon‑chain distribution, very low oil content, and outstanding thermal stability. It combines a high softening point with low melt viscosity and strong hardness, giving superior scratch resistance, gloss control, matting effects, and lubrication in many formulations.\n\nIn plastics and PVC/CPVC processing, FT wax acts as an efficient internal and external lubricant and processing aid, reducing melt viscosity, improving flow, and enhancing mold release and dimensional stability. It is widely used in hot‑melt and pressure‑sensitive adhesives, printing inks, and industrial coatings to increase hardness, abrasion and scratch resistance, block resistance, and anti‑settling while stabilizing viscosity. Additional key applications include bitumen and asphalt modification, masterbatch and polymer compounding, rubber processing, polishes, textiles, and even cosmetic formulations, where FT wax delivers controlled crystallinity, improved wear and wrinkle resistance, and a smooth sensory feel.', 'industrial-waxes', 'Industrial Waxes', '[\"industrial-waxes\"]', '/uploads/products/fischer-tropsch-ft-wax.jpg', '[]', '[]', '[]', 1, 0, 29, 10, 1, '2026-02-05 21:03:49'),
('prod-pfad', 'palm-fatty-acid-distillate-pfad', 'PFAD (Palm Fatty Acid Distillate)', 'PFAD is a byproduct of palm oil refining, used in soap manufacturing, animal feed, and biofuel production.', 'Palm Fatty Acid Distillate (PFAD) is a byproduct of the palm oil refining process. It is obtained through the distillation of crude palm oil to remove impurities and achieve a higher level of purity. PFAD is a brownish-yellow liquid with a characteristic odor. It contains a mixture of saturated and unsaturated fatty acids, with the predominant fatty acids being lauric acid, myristic acid, and palmitic acid. PFAD is used in soap manufacturing, animal feed, and biofuel production.', 'oleochemicals', 'Oleochemicals', '[\"oleochemicals\"]', '/uploads/products/palm-fatty-acid-distillate-pfad.jpg', '[]', '[]', '[]', 1, 0, 46, 3, 1, '2026-02-09 04:40:19'),
('prod-pkfad', 'palm-kernel-fatty-acid-distillate-pkfad', 'Palm Kernel Fatty Acid Distillate (PKFAD)', 'PKFAD is a byproduct of palm kernel oil refining, rich in lauric acid, used in soap and oleochemical industries.', 'Palm Kernel Fatty Acid Distillate (PKFAD) is a byproduct obtained during the refining of palm kernel oil. It is rich in fatty acids, including lauric acid, making it valuable for certain industrial applications. PKFAD is utilized in various industrial applications, including soap manufacturing, biofuel production, and as a raw material in the oleochemical industry.', 'oleochemicals', 'Oleochemicals', '[\"oleochemicals\"]', '/uploads/products/palm-kernel-fatty-acid-distillate-pkfad.jpg', '[]', '[]', '[]', 1, 0, 47, 3, 0, '2026-02-09 04:40:19'),
('prod-polyethylene-wax', 'polyethylene-wax', 'Polyethylene Wax (PE wax)', 'is a low‑molecular‑weight polyethylene used as a high‑performance lubricant and processing aid in plastics, coatings, inks, and adhesives, improving flow, surface slip, and scratch resistance.', 'Polyethylene wax is a finely divided, high‑melting synthetic wax with low viscosity, excellent thermal stability, and strong compatibility with common polymers such as PVC, PE, PP, and EVA. It provides internal and external lubrication, reduces melt viscosity and friction, enhances mold release, and delivers a smooth, glossy, and scratch‑resistant surface.\n​\n\nKey applications include plastics and masterbatch processing, where PE wax improves extrusion and injection molding efficiency, prevents die build‑up, and improves dispersion of pigments and fillers. It is also used in hot‑melt and pressure‑sensitive adhesives, inks, and powder coatings to control melt viscosity, boost cohesion and toughness, and optimize open and setting times. Additional uses span bitumen and road‑marking paints, wood‑plastic composites, rubber compounding, cable compounds, and formulated wax products such as polishes and crayons, where it raises softening point, hardness, and water resistance.', 'industrial-waxes', 'Industrial Waxes', '[\"industrial-waxes\"]', '/uploads/products/polyethylene-wax.jpg', '[]', '[\"plastics manufacturing\",\"Lubricant\",\"Processing Aid\",\"Mold Release Agent\",\"Dispersant\",\"Surface Enhancement\"]', '[]', 1, 0, 25, 10, 1, '2026-02-05 21:03:49'),
('prod-rapeseed-oil', 'rapeseed-oil', 'Rapeseed Oil', 'Cold-pressed and refined rapeseed oil from UK farms', 'Cold-pressed and refined rapeseed oil sourced from UK farms. Ideal for cooking, roasting, and salad dressings. Low in saturated fat and high in omega-3.', 'edible-oils', 'Edible Oils', '[\"edible-oils\"]', '/uploads/products/rapeseed-oil.jpeg', '[]', '[]', '[]', 1, 1, 5, 1, 0, '2026-02-05 21:03:49'),
('prod-rapeseed-wax', 'rapeseed-wax', 'Rapeseed Wax', 'Rapeseed wax is a natural vegetable wax used as an eco-friendly alternative in candle making and cosmetics.', 'Rapeseed wax is a natural vegetable wax derived from the oil of the rapeseed plant, commonly used as an eco-friendly alternative to traditional paraffin wax in candle making and other applications. It offers a clean and slow burn, as well as good fragrance retention. Rapeseed wax is frequently used in candle production and in the formulation of natural cosmetics such as lip balms, lotions, and creams, providing moisturizing properties.', 'oleochemicals', 'Oleochemicals', '[\"oleochemicals\",\"plant-based-waxes\"]', '/uploads/products/rapeseed-wax.jpg', '[]', '[]', '[]', 1, 0, 51, 2, 1, '2026-02-09 04:40:19'),
('prod-soap-noodles', 'soap-noodles', 'Soap Noodles', 'Soap noodles are primary raw materials for soap manufacturing, produced by saponification of vegetable oils and fats.', 'Soap noodles, also known as soap granules, are one of the primary raw materials used in the manufacturing of soap. They are produced by processing vegetable oils and fats with sodium hydroxide (lye) through saponification. Soap noodles are typically solid white or off-white chunks or beads with a mild and neutral aroma. They are free from impurities and contain a high concentration of fatty acids that contribute to their cleansing and emulsifying properties.', 'oleochemicals', 'Oleochemicals', '[\"oleochemicals\"]', '/uploads/products/soap-noodles.jpg', '[]', '[\"Soap making\"]', '[]', 1, 0, 49, 3, 1, '2026-02-09 04:40:19'),
('prod-soy-wax', 'soy-wax', 'Soy Wax', 'Soy wax is a renewable vegetable wax made from soybean oil, popular for eco-friendly candle making.', 'Soy wax is a type of vegetable wax derived from soybean oil. It is a popular alternative to traditional paraffin wax, which is derived from petroleum. Soy wax is considered a renewable, biodegradable, and eco-friendly option for candle making. It is created by hydrogenating soybean oil, transforming it into a solid form suitable for candles. It typically comes in the form of flakes, which are easy to measure and melt.', 'oleochemicals', 'Oleochemicals', '[\"oleochemicals\",\"plant-based-waxes\"]', '/uploads/products/soy-wax.jpg', '[]', '[\"Candle making\",\"cosmetics\"]', '[\"20 kg Cartons\"]', 1, 1, 50, 2, 0, '2026-02-09 04:40:19'),
('prod-soybean-oil', 'soybean-oil', 'Soya Bean Oil', 'High-quality soya bean oil for industrial and culinary use', 'Soybean oil is a versatile vegetable oil extracted from soybeans, widely used for frying, baking, and salad dressings due to its neutral flavor and high smoke point.\nIt is rich in polyunsaturated fats, including omega‑3 and omega‑6 fatty acids, and provides vitamin K and vitamin E.\nIt is perfect for deep frying, margarine production, and industrial food applications. Refined and deodorized to premium standards.', 'edible-oils', 'Edible Oils', '[\"edible-oils\"]', '/uploads/products/soybean-oil.jpg', '[]', '[]', '[]', 1, 0, 4, 1, 0, '2026-02-05 21:03:49'),
('prod-sunflower-oil', 'sunflower-oil', 'Sunflower Oil', 'Premium refined sunflower oil for cooking and food processing', 'Our premium refined sunflower oil is perfect for cooking, frying, and food processing applications. Sourced from quality sunflower seeds and refined to the highest standards.', 'edible-oils', 'Edible Oils', '[\"edible-oils\"]', '/uploads/products/sunflower-oil.jpeg', '[]', '[]', '[]', 1, 1, 1, 1, 1, '2026-02-05 21:03:49');

--
-- Dumping data for table `products_ar`
--

INSERT INTO `products_ar` (`id`, `master_id`, `name`, `description`, `full_description`, `created_at`, `updated_at`) VALUES
(1, 'bdf424df-f9b0-4a79-84d6-f6ed1eb1e84f', 'زيت النخيل الأولين', 'مزيج الزيتون المكرر هو الجزء السائل من زيت النخيل المكرر، ويُعتبر زيت قلي وطهي مستقر يحقق طعمًا محايدًا، عمر قلي طويل، وملمس مقرمش للوجبات الخفيفة، والوجبات السريعة، والتطبيقات المنزلية.', 'زيت النخيل المملح مستخلص من خلال تجزئة زيت النخيل المكرر والمبيض والمزيل الروائح (RBD) للحصول على سائل شفاف غني بالأحماض أوليك و بالميتات، مما يمنحه ملفًا غذائيًا متوازنًا من الأحماض الدهنية مع استقرار أكس diep هوائي طبيعي وجيد. نظرًا لنقطة دخانه العالية، ومقاومته للأكسدة وتكوين البوليمرات، وانخفاض ميله لتكوين نكهات غريبة، فإنه يسمح بتكرار عمليات القلي مع تقليل تدهور الزيت، وتقليل الفوران، وإطالة عمر الأرفف للمنتجات النهائية.\n\nفي التطبيقات الغذائية، يُستخدم زيت النخيل المملح على نطاق واسع كوسيط للقلي العميق للوجبات الخفيفة، ورقائق البطاطس، والدجاج المقلي، والنودلز الفورية، والأطعمة المجمدة المقلية مسبقًا، بالإضافة إلى زيت الطهي المنزلي متعدد الاستخدامات في العديد من الأسواق الاستوائية. كما يُستخدم كزيت أساسي في الخلطات مع فول الصويا أو عباد الشمس أو زيوت نباتية أخرى لتحقيق ملفات غذائية ووظيفية مخصصة، ويُستخدم في المارجرين، ودهون المخابز، وأنظمة القلي في خدمات الطعام حيث الأداء المستقر والنكهة النظيفة ضروريان.', '2026-02-11 17:15:01', '2026-02-11 17:15:01'),
(2, 'prod-beeswax', 'شمع العسل', 'شمع النحل الطبيعي النقي لمستحضرات التجميل وصناعة الشموع', 'شمع العسل الطبيعي النقي المستخلص من سماسرة الخلايا النحل الأخلاقيين. مثالي لمستحضرات التجميل، صناعة الشموع، وتطبيقات الطعام. متوفر بدرجات متنوعة.', '2026-02-05 21:56:57', '2026-02-11 17:29:42'),
(3, 'prod-bw101-palm-wax', 'شمع النخيل', 'شمع نخيل فاخرة بنسبة 100% بلون أصفر كريمي، مثالي لصناعة الشموع. معتمد من قبل RSPO SG (فصل الأسهم) / MB (توازن الكتلة).', 'شمع نخيل فائق الجودة بنسبة 100% بلون أصفر كريمي جميل. حاصل على شهادة RSPO MB للاستدامة. مثالي لصناعة الشموع، والتشكيل، والشموع الحاوية.', '2026-02-05 22:04:09', '2026-02-11 17:45:19'),
(4, 'prod-bw105-palm-wax', 'زيوت النخيل المجرّدة (ذات نقطة انصهار منخفضة)', 'زيت النخيل المشتق من زيت النخيل المكرر هو دهون شبه صلبة غير مهدرجة، يوفر استقراراً أعلى ونكهة محايدة.', 'زيت النخيل المهدرج جزئيًا هو دهون شبه صلبة غير مهدرجة مشتقة من زيت النخيل المفرّق، ويوفر استقرارًا فائقًا ونكهة محايدة.\nمثالي للاستخدام في المخابز—يُكوّن معجنات هشة، وكعك طري، وأطعمة مقلية مقرمشة ذات نقطة دخان عالية.\nبديل اقتصادي ومقاوم للأكسدة للزبدة أو السمن في الخبز الصناعي.', '2026-02-05 22:08:22', '2026-02-11 17:30:58'),
(5, 'prod-bw10510-blended-wax', 'شمع مزيج من الجمال وبارافين للشموع الزجاجية', 'مزيج شمعة الجرة منخفضة نقطة الانصهار جاهز للاستخدام: زيت النخيل ـ بارافين ـ ميكروكرystalline مع Polyboost™، Vybar®، مثبتات الأشعة فوق البنفسجية — فقط أضف اللون والرائحة لتحقيق التصاق ممتاز بالزجاج وإلقاء مثالي.', 'خلطة شموع الجرار ذات نقطة انصهار منخفضة من Bio Green Wax (48-50°C) و(50-52°C)—تركيبة من الزيت النخيل، البرافين، والكريستالات الدقيقة، محسنة للتعبئة في الحاويات الزجاجية. جاهزة للاستخدام: أضف اللون والعطر فقط. تأتي مع مركبات Polyboost/Vybar لزيادة الشفافية والالتصاق، مع مثبتات الأشعة فوق البنفسجية / مضادات الأكسدة لتمديد عمر الرف، بالإضافة إلى عوامل حفظ العطر التي تقدم أداءً استثنائيًا في الإطلاق عند الحرارة والبرودة، حرق بدون طيات، واحتجاز ممتاز للجرار للحفاظ على جودة الشموع داخل الحاويات الفاخرة.', '2026-02-06 03:35:41', '2026-02-11 17:37:04'),
(6, 'prod-bw10555-blended-wax', 'مزيج شمع نباتي قائم على الصويا', 'مزيج الصويا النباتي الجاهز للاستخدام بنسبة 95% من Bio Green Wax—مكون من نباتات نقية لشموع الJar (48-52°C) والPillar (56-62°C). فقط أضف اللون والعطر.', 'برمية بيوب جرين وكس، خليط الصويا النباتي بنسبة 95٪ (ويحتوي على 5٪ إضافات نباتية)، يوفر أداءً طبيعيًا ونظيفًا للحرق للأوعية الزجاجية والأعمدة المستقلة. متوفر بدرجة انصهار منخفضة (48-52°C) للمحافظ ودرجة انصهار عالية (56-62°C) للأعمدة. جاهز للاستخدام: ببساطة أضف لونك وعطرك للحصول على نتائج استثنائية وتشبث ناعم.', '2026-02-06 03:43:05', '2026-02-11 17:31:46'),
(7, 'prod-bw10610-blended-wax', 'شمع مزيج من البالم-البارافين لشموع الأعمدة', 'عبوات الشموع العمودية عالية الجودة جاهزة للاستخدام (56-58°C و 58-60°C): مزيج من زبدة النخيل، البارافين، الميكروكريستالين مع Polyboost™، Vybar®، المثبّتات فوق البنفسجية—فقط أضف اللون والعطر لتحقيق أداء متفوق للشموع العمودية.', 'خليط شموع الأعمدة Bio Green wax ذات درجة انصهار عالية (56-58°C و58-60°C)—تركيبات من Palm-Paraffin-Microcrystalline مصممة خصيصًا لشموع الأعمدة المستقلة. جاهزة للاستخدام: أضف فقط اللون والعطر. مُحسنة باستخدام Polyboost/Vybar لتحقيق سهولة فك القالب وشفافية، ومواد مثبتة للأشعة فوق البنفسجية/مضادات الأكسدة لتمديد فترة الصلاحية، بالإضافة إلى عوامل احتفاظ بالعطر لضمان أداء فائق في الانبعاث الحار/البارد، والحفاظ على شكل العمود المثالي، وأداء احتراق نظيف.', '2026-02-06 03:39:19', '2026-02-11 17:37:54'),
(8, 'prod-bw10655-blended-wax', 'مزيج من شمع الصويا وشمع البارافين', 'مزيج جاهز للاستخدام من الصويا وشمع العسل وشمع البارافين من Bio Green Wax—أفضل قدر على إطلاق العطر للشموع الزجاجية (48-52°C) والشموع العمودية (56-62°C). فقط أضف العطر واللون.', 'يمزج مزيج Bio Green Wax من الصويا وشمع العسل والبارافين بين نعومة الصويا الطبيعية، واستقرار شمع العسل، وقوة رائحة البارافين لأداء عطر لا مثيل له. نقطة الانصهار المنخفضة (48-52°C) تتفوق في الحاويات الزجاجية؛ أما نقطة الانصهار العالية (56-62°C) فهي مثالية للشموع الأسطوانية. تركيبة جاهزة للاستخدام — فقط أضف العطر واللون للحصول على أداء ممتاز في الإشعال الساخن والبارد وإنهاء شمعة مثالي.', '2026-02-06 03:46:42', '2026-02-11 17:32:36'),
(9, 'prod-bw8307-blended-wax', 'مزيج شمع جوز الهند ودوار الشمس', 'مزيج جوز الهند والكانولا الجاهز للاستخدام من Bio Green Wax—أداء طبيعي كريمي لشموع الجرة (48-52°C) وعمود الشمعة (56-62°C). أضف اللون والعطر فقط.', 'مزيج جوز الهند وعباد شمس Bio Green Wax يجمع بين قوام شمع جوز الهند الكريمي وحرق عباد الشمس الناعم لتحقيق أداء استثنائي للشموع الطبيعية. نقطة انصهار منخفضة (48-52°C) محسنة لشموع الحاويات؛ ونقطة انصهار عالية (56-62°C) لشموع الأعمدة. جاهز تمامًا للاستخدام — أضف فقط لونك وعطرك المفضلين للحصول على نتائج محترفة ونقية في الاحتراق.', '2026-02-06 03:50:25', '2026-02-11 17:33:26'),
(10, 'prod-carnauba-wax', 'شمع الكارناوبا', 'شمع الكارنوبا البرازيلي الفاخر للتلميع والطلاءات', 'شمع كارنوبا البرازيلي الممتاز، المعروف باسم \"ملكة الشموع\". مثالي لتلميع السيارات، ومستحضرات التجميل، وطلاءات الطعام. أعلى نقطة إذابة طبيعية.', '2026-02-05 22:00:03', '2026-02-11 17:30:18'),
(11, 'prod-castor-oil', 'زيت الخروع', 'زيت الخروع البارد المعصور عالي الجودة المستخلص من بذور Ricinus communis، يُستخدم على نطاق واسع في الصناعات الدوائية والتجميلية والتطبيقات الصناعية.', 'تورد شركة Bio Green Wax زيت الخروع عالي الجودة، وهو زيت نباتي متعدد الاستخدامات يتم الحصول عليه عن طريق عصر بذور نبات الخروع (Ricinus communis). ويشتهر بتكوينه الكيميائي الفريد الغني بحمض الر任يميكوليك (حوالي 85–90%)، حيث يظهر زيت الخروع خصائص استثنائية من حيث اللزوجة، والانزلاق، والمرطبات التي تجعله لا يُقدر بثمن عبر مجموعة واسعة من الصناعات.\n\nيتم اختيار ومعالجة زيت الخروع الخاص بنا بعناية ليتوافق مع أعلى معايير النقاء والاتساق. ويتوفر في درجات غير مطهرة (الخام) ومكررة، مناسبة للتطبيقات الصيدلانية والتجميلية والصناعية. وتتميز ثباتية الزيت وقابليته للذوبان في الكحول عن غيره من الزيوت النباتية، مما يجعله مكونًا مفضلًا في التركيبات التي تتطلب أداءً فائقًا.\n\nكما أن زيت الخروع طبيعي قابل للتحلل البيولوجي ومستمد من موارد متجددة، مما يتماشى مع التزام شركة Bio Green Wax بالتصنيع المستدام والمسؤول بيئيًا.', '2026-02-11 17:16:02', '2026-02-11 17:16:02'),
(12, 'prod-coconut-oil', 'زيت جوز الهند', 'زيت جوز الهند النقي والمكرر للاستخدامات الغذائية والتجميلية', 'زيت جوز الهند الممتاز البكر والمكرر المناسب للطهي والخَبْز والتطبيقات التجميلة. متوفر بأنواع مختلفة لتلبية متطلباتك الخاصة.', '2026-02-05 21:49:53', '2026-02-11 17:16:51'),
(13, 'prod-coconut-wax', 'شمع جوز الهند', 'شمع جوز الهند هو شمع طبيعي يُستخرج من زيت جوز الهند، يُقدر لاستخدامه في صنع الشموع النظيفة والصديقة للبيئة.', 'شمع جوز الهند هو شمع طبيعي مشتق من زيت جوز الهند، المعروف بحرقه النظيف والبطيء في صناعة الشموع. غالبًا ما يُعتبر بديلاً مستدامًا للشمعات الأخرى. يُقدر شمع جوز الهند لخصائصه الصديقة للبيئة وقدرته على الاحتفاظ بالعطر بشكل جيد. ويشتق من مصدر طبيعي ومتجدد، مما يوفر حرقًا نظيفًا وبطيئًا في الشموع لأداء يدوم لفترة أطول وأكثر كفاءة.', '2026-02-11 17:25:39', '2026-02-11 17:25:39'),
(14, 'prod-fr5456-paraffin-wax', 'شمع البارافين شبه المكرر (50-68°C)', 'شمع Bio Green Wax شبه مكرر البارافين (50-68°C) — تكلفة فعالة تحتوي على نسبة زيت من 1-5% للاستخدام في الشموع، والمطاط، والمنسوجات، والتطبيقات الصناعية ذات الحجم الكبير.', 'شموع Bio Green Wax ذات الشمع شبه المكرر (50-68°C) تقدم أداءً اقتصاديًا مع محتوى زيت محكّم (1-5%) لصلابة مرنة. الأنواع القياسية: 52/54°C (للحُليّ)، 56/58°C (للعُمدان)، 60/62°C (صناعي). مثالية لإنتاج الشموع ذات التكلفة المنخفضة، مساعدات معالجة المطاط، تشطيب النسيج، وطلاءات التعبئة والتغليف بالجملة حيث يكون الأداء المتوازن والسعر أهم ما يُميزها.', '2026-02-06 04:04:44', '2026-02-11 17:23:30'),
(15, 'prod-glycerine', 'الجلسرين', 'الجلسرين مادة سائلة لزجة عديمة اللون والرائحة وتستخدم على نطاق واسع في الصناعات الصيدلانية والتجميلية و الصناعات الغذائية.', 'الجليسرين، والمعروف أيضًا بالجليسرول أو الجليسرين، هو سائل عديم اللون والرائحة ذات لزوجة عالية وطعم حلو. هو سائل شفاف وشرابي يتسم عادة بلونه الشفاف، على الرغم من أنه قد يكون له مسحة صفراء خفيفة. الجليسرين يمتلك لزوجة عالية، مما يعني أنه يتدفق ببطء ويكون سميكًا نسبيًا. له قوام يشبه الشراب، الأمر الذي يساهم في قدرته على احتجاز الرطوبة. يُستخدم الجليسرين بشكل واسع في الأدوية ومستحضرات التجميل ومعالجة الأغذية والعديد من التطبيقات الصناعية.', '2026-02-11 17:19:31', '2026-02-11 17:19:31'),
(16, 'prod-hydrogenated-castor-oil', 'زيت الخروع المهدرج', 'زيت الخروع المهدرج هو مركب شمعي صلب مشتق من زيت الخروع، يُستخدم في مستحضرات التجميل والأدوية والتطبيقات الصناعية.', 'زيوت الخروع المهدرجة، المعروفة أيضًا بشمع الخروع أو رقائق شمع الخروع، هي مشتق من زيت الخروع يمر بعملية هدرجة. تتضمن هذه العملية إضافة الهيدروجين إلى جزيئات زيت الخروع، مما يؤدي إلى مادة صلبة وشمعية. وتُستخدم في المنتجات التجميلية والعناية الشخصية مثل أحمر الشفاه والكريمات والمستحضرات كملين لمنح البشرة النعومة والرطوبة. كما تعمل كعامل ربط في التركيبات التجميلية، مما يساعد المكونات على الالتصاق ببعضها والالتصاق بالبشرة.', '2026-02-11 17:24:55', '2026-02-11 17:24:55'),
(17, 'prod-microcrystalline-wax', 'شمع ميكروكريستالي', 'شمع ميكركرستالين مرن للمنتجات التجميلية والمواد اللاصقة', 'شمع ميكروكريستالي مرن مثالي لمستحضرات التجميل، واللاصق القابل للذوبان بالحرارة، والطلاءات الخاصة. مرونة وخصائص التلاصق فائقة.', '2026-02-06 03:57:19', '2026-02-11 17:22:51'),
(18, 'prod-olive-oil', 'زيت الزيتون', 'زيت زيتون نقي عالي الجودة، مضغوط على البارد من زيتون البحر الأبيض المتوسط المختار للاستخدامات الطهوية والتجميلية والصناعية.', 'زيت الزيتون النقي المميز لدينا يُضغط على الباردة من زيتون البحر الأبيض المتوسط المختار بعناية، ليقدم جودة استثنائية ونكهة غنية. يُستخدم على نطاق واسع في تحضير الطعام، ومستحضرات التجميل، والصناعات الدوائية، ومنتجات العناية الشخصية، ويُعتبر زيت الزيتون ذو قيمة عالية لفوائده الصحية، وخصائصه المضادة للأكسدة، وتنوع تطبيقاته. تقوم شركة Bio Green Wax بتوريد زيت الزيتون الذي يلتزم بمعايير الجودة الدولية الصارمة، لضمان نقاوة وأداء ثابتين في جميع الاستخدامات.', '2026-02-11 17:41:33', '2026-02-11 17:41:33'),
(19, 'prod-palm-kernel-oil', 'زيت نواة النخيل', 'يتم استخراج زيت نواة النخيل من لب ثمرة نخيل الزيت، ويستخدم في المنتجات الغذائية ومستحضرات التجميل والتطبيقات الصناعية.', 'زيت نواة النخيل مشتق من نواة ثمرة نخيل الزيت وله خصائص فيزيائية مميزة. عادةً ما يكون صلبًا لونه أصفر فاتح إلى أبيض في درجة حرارة الغرفة، لكنه يذوب ليصبح سائلاً واضحًا ومائلًا إلى الصفرة عند التسخين. تتراوح نقطة انصهاره من 23 إلى 28 درجة مئوية (73 إلى 82 درجة فهرنهايت). يُعد زيت نواة النخيل غنيًا بحمض اللوريك ويُستخدم على نطاق واسع في صناعة الأغذية، ومستحضرات التجميل، وصناعة الصابون.', '2026-02-11 17:21:24', '2026-02-11 17:21:24'),
(20, 'prod-palm-kernel-olein', 'زيت نخيل الكاولا', 'زيت النخيل المكرر premium، الجزء السائل الناتج من تقطير زيت نواة النخيل، يُقدر لصفائه العالي، ودرجته المنخفضة في نقطه الغيم، واستخداماته المتعددة في الصناعات الغذائية، والعناية الشخصية، والكيميائية الدهنية.', 'يوفر Bio Green Wax زيت النخيل المشتق من نخيل الزيت (PKOo) عالي الجودة، وهو الجزء السائل الناتج عن التكرير الانتقائي لزيت النخيل المعالج. عندما يُبرّد زيت النخيل تحت ظروف دقيقة، ينفصل إلى جزء صلب (الستيرين النخيل) وجزء سائل (زيت النخيل المليل). يكون الزيت الناتج واضحًا وبلون فاتح ويتميز بنقطة انصهار منخفضة وخصائص تصب جيدة.\n\nيتميز زيت النخيل المليل بغناه بحمض اللوريك (C12) والأحماض الدهنية من السلسلة الوسطى مثل حمض الكابريليك والكابريك، مما يمنحه وضوحًا استثنائيًا وامتصاصًا سريعًا وملمسًا خفيفًا غير دهني. تجعل هذه الخصائص منه خيارًا مرغوبًا في صناعة الأغذية كزيت للطهي، وسط للقلي، ومكونًا في الكريمرات غير الألبانية، والآيس كريم، وصيغ الحليب المحشو.\n\nوفي قطاع العناية الشخصية ومستحضرات التجميل، يُستخدم زيت النخيل المليل على نطاق واسع كزيت قاعدة في اللوشنات والكريمات والشامبو والصوابين السائلة نظرًا لخصائصه الممتازة كمطري وتوافقه مع البشرة. كما أنه يعد مادة خام رئيسية في إنتاج الوليهاكيميائيات، التي تنتج الأحماض الدهنية، والإسترات الميثيلية، والمواد الفاعلة السطحية المستخدمة في المنظفات ومنتجات التنظيف.\n\nيعتمد Bio Green Wax في الحصول على زيت النخيل المليل من سلاسل التوريد المعتمدة من RSPO، مما يضمن إمكانية التتبع الكامل والتوافق مع الالتزامات الخاصة بالزيت النجيـل المستدام. يتوفر المنتج في صورة معالَجة، مُبيّضة، ومخلوطة برائحة (RBD)، تلبية لمعايير الجودة الدولية الصارمة.', '2026-02-11 17:46:03', '2026-02-11 17:46:03'),
(21, 'prod-palm-kernel-stearin', 'ستيرين نواة النخيل', 'ستيران نواة النخيل عالي الجودة، الجزء الصلب الذي يُستخرج من تقطير زيت نواة النخيل، يُقدر لقوامه الذي يذوب بسرعة وصلابته الممتازة في صناعة الحلوى والمستحضرات التجميلية والتطبيقات اليوسيكيميائية.', 'يوو غرين وكس يوفر ستيرين نوى النخيل عالي الجودة (PKS)، وهو الجزء الصلب ذو نقطة الانصهار العالية الناتج عن التحديد والتحليل المنضبط لزيت نواة النخيل المكرر. خلال عملية التحديد، ينفصل زيت نواة النخيل إلى مكونين: أولين نواة النخيل (الجزء السائل) وستيرين نواة النخيل (الجزء الصلب). يكون الستيرين الناتج دهناً أبيض إلى مائل إلى الأبيض يتميز بنقطة انصهار حادة وملمس صلب.\n\nستيرين نواة النخيل غني بحمض اللوريك (C12) وحمض الميرистيك (C14)، مما يمنحه صلابة ممتازة وتبلور سريع ونقطة انصهار نظيفة. تجعل هذه الخصائص منه مكونًا مثاليًا للمستبدلات زبدة الكاكاو (CBS)، وغلافات الشوكولاتة المركبة، وحشوات الحلويات، والدهون الخاصة التي تتطلب لمسة وبياض لامع.\n\nوع beyond التطبيقات الغذائية، يُستخدم ستيرين نواة النخيل كمادة خام قيمة في صناعة الoleو كيميائية لإنتاج الأحماض الدهنية، والكحولات الدهنية، وشعيرات الصابون، والمركبات السطحية.وفي المستحضرات الشخصية ومستحضرات التجميل، يساهم في إعطاء الجسم والهيكلية للكريمات، واللوشنات، والصيغة الصلبة.\n\nتقوم شركة Bio Green Wax بتوريد ستيرين نواة النخيل من سلاسل إمداد معتمدة من RSPO، مما يضمن تتبع المنتج بالكامل والامتثال لالتزامات زيت النخيل المستدام. يتوفر المنتج في شكل مكرر، ومبيض، ومزيل للروائح (RBD)، ويلبي المعايير الدولية للجودة للاستخدام الغذائي والتقني.', '2026-02-11 17:20:25', '2026-02-11 17:20:25'),
(22, 'prod-palm-oil', 'زيت النخيل', 'زيت النخيل المستدام ومشتقاته', 'زيت النخيل المستخرج بشكل مستدام ومشتقاته لتصنيع الأغذية، وإنتاج الصابون والمنظفات. تتوفر خيارات معتمدة من RSPO.', '2026-02-05 21:50:40', '2026-02-11 17:28:26'),
(23, 'prod-palm-shortenings', 'زبدة النخيل (نقطة انصهار عالية)', 'زيوت النخيل ذات نقطة انصهار عالية (46–52 °م) هي زيوت مخصصة للمخابز والقلي مصنوعة من زيت النخيل المكرر، مصممة لإعطاء هيكل قوي، ونكهة نقية، واستقرار ممتاز في التحمل الحراري في التطبيقات الصناعية الصعبة.', 'السمنات النسيجية ذات نقطة الانصهار العالية التي تتراوح بين 46 و52 درجة مئوية، مصنوعة من ستيرين النخيل والكسور الوسيطة لتوفير محتوى عالي من الدهون الصلبة، وملمس متماسك، وشبكة بلورية مستقرة في درجات الحرارة المحيطة ودرجات الحرارة المرتفعة. توفر هذه النطاقات الأعلى للذوبان مقاومة فائقة للحرارة، واستقرارًا أكسديًا، وتقليل حدوث الزيت، مما يجعلها مناسبة تمامًا للمناخات الاستوائية وخطوط المعالجة ذات درجات الحرارة العالية.\n\nفي تطبيقات المخابز، تمنح هذه السمنات تهوية جيدة، وطبقات مرنة، وطية مكسرة، تدعم قشور الفطائر الهشة، والمعجنات المنتفخة، والبسكويت والكراكرز والكعك والبيتي فور، مع الحفاظ على الشكل والملمس حتى في الظروف الدافئة. كما تُستخدم أيضًا كدهون مقلاة متينة ودهون للعجائن، وكبدائل لدهون الحيوانات في منتجات اللحوم، حيث يسهم تركيبها الصلب، واستقرار المستحلبات، وخصائصها غير الحلقيّة، غير المحوّلة، في تحقيق قوام ثابت، وإطلاق نكهة نظيفة، وتركيبات ملصقات صديقة.', '2026-02-11 17:27:34', '2026-02-11 17:27:34'),
(24, 'prod-palm-stearic-acid', 'حمض الستيارك النخلي', 'حمض الستيارك البمالي هو حمض دهني مشبع مستخلص من زيت النخيل، يُستخدم في مستحضرات التجميل، والشموع، وتصنيع المطاط.', 'حمض الستيارك من النخيل هو نوع من الأحماض الدهنية المستخلصة من زيت النخيل، ويتم الحصول عليه من خلال عملية فصل وتبلور الأحماض الدهنية. وهو حمض دهني مشبع معروف باستقراره وشكله الصلب في درجة الحرارة العادية. يمتلك حمض الستيارك من النخيل مظهرًا شمعيًا يتراوح بين الأبيض والأصفر الفاتح. وله نقطة انصهار تتراوح عادة بين 55-70 درجة مئوية (131-158 درجة فهرنهايت)، مما يسهل دمجه في مختلف التركيبات الخاصة بمستحضرات التجميل، والشموع، ومنتجات المطاط.', '2026-02-11 17:39:22', '2026-02-11 17:39:22'),
(25, 'prod-palm-stearin', 'ستيارين النخيل', 'ستيرين النخيل هو الجزء الصلب من زيت النخيل، ويستخدم بشكل شائع في تصنيع الأغذية، وإنتاج الشموع، وصناعة الصابون.', 'ستيارين النخيل هو الجزء الصلب من زيت النخيل الذي يُستخرج من خلال عملية التكرير، وهو معروف بمحتواه العالي من الأحماض الدهنية المشبعة. وهو دهون صلبة في درجة حرارة الغرفة بلون أبيض كريمي إلى أصفر باهت وملمس ناعم ودهني. لدى ستيارين النخيل نقطة ذوبان أعلى مقارنة بزيت النخيل. يُستخدم بشكل شائع في صناعة الأغذية لتحقيق استقرار الدهون، وإنتاج المارجرين، وفي صناعة الشموع والصابون.', '2026-02-11 17:38:40', '2026-02-11 17:38:40'),
(26, 'prod-paraffin-wax', 'شمع البرافين المكرر بالكامل (50-68°C)', 'شمع Bio Green Wax المكرر بالكامل من البارافين (50-68°C) - درجة جودة غذائية/صناعية، <0.5% زيت، صلابة متفوقة. مثالي للشموع، والمستحضرات التجميلية، والتعبئة، والتطبيقات الصناعية الدقيقة.', 'شمع البارافين المكرر بالكامل من Bio Green Wax (نقطة انصهاره بين 50-68°C) يتميز بمحتوى زيوت منخفض جدًا (<0.5%)، وصلابة استثنائية، ورائحة ولون حياديين. يتوفر بأصناف الشموع (52/54°C و56/58°C)، وأصناف الحاويات (50/52°C)، وأصناف الأعمدة ذات نقطة انصهار عالية (64/66°C). مثالي للشموع الفاخرة، ومستحضرات التجميل، وطبقات تغليف التغليف الغذائي، وقياسات الصب الدقيقة التي تتطلب أعلى درجات النقاء وتوافق الأداء.', '2026-02-06 03:54:13', '2026-02-11 17:43:16'),
(27, 'prod-pf56-synthetic-wax', 'شمع فشر-تروبسش (FT)', 'شمع Fischer‑Tropsch (FT) هو شمع بارافيين اصطناعي عالي النقاء يُنتج من غاز الإيثان، ويتميز بنقطة انصهار عالية، لزوجة منخفضة، وصلابة ممتازة لتلبية الطلبات الصعبة في مجالات البلاستيك والطلاءات والأحبار واللاصق وتعديل القار', 'شمع FT يُنتج عبر عملية تخليق Fischer‑Tropsch، ويُنتج شمعًا شفافًا أبيض الماء، عالي النقاء، ذو توزيع ضيق لسلسلة الكربون، ومحتوى زيوت منخفض جدًا، واستقرار حراري ممتاز. يجمع بين نقطة انصهار عالية مع لزوجة انصهار منخفضة وصلابة قوية، مما يوفر مقاومة خدوش متفوقة، وتحكمًا في اللمعان، وتأثيرات مطفأة، وتزييت في العديد من التركيبات.\n\nفي معالجة البلاستيك وPVC/CPVC، يعمل شمع FT كواحد من مواد التزليق الداخلية والخارجية الفعالة، وساعد في عملية المعالجة، حيث يقلل من لزوجة الذوبان، ويحسن التدفق، ويساعد في إطلاق القالب واستقرار الأبعاد. يُستخدم على نطاق واسع في مواد اللصق الساخنة واللاصقات الحساسة للضغط، والأحبار الطباعية، والطلاءات الصناعية لزيادة الصلابة، ومقاومة التآكل والخدوش، ومقاومة الالتصاق، ومقاومة الترسيب مع استقرار اللزوجة. تشمل التطبيقات الرئيسية الإضافية تعديل البيتومين والإسفلت، وخلط الـmasterbatch والبوليمر، ومعالجة المطاط، والمواد اللامعة، والمنسوجات، وحتى التركيبات التجميلية، حيث يوفر شمع FT التبلُور المتحكم فيه، وتحسين مقاومة التآكل والتجاعيد، وإحساس ناعم وسلس.', '2026-02-06 04:15:57', '2026-02-11 17:44:09'),
(28, 'prod-pfad', 'PFAD (مقطر حمض دهني من نخيل البلح)', 'PFAD هو منتج ثانوي من تكرير زيت النخيل، يُستخدم في صناعة الصابون، وتغذية الحيوانات، وإنتاج الوقود الحيوي.', 'مُقطر الأحماض الدهنية من النخيل (PFAD) هو ناتج ثانوي من عملية تكرير زيت النخيل. يُحصل عليه من خلال تقطير زيت النخيل الخام لإزالة الشوائب وتحقيق مستوى أعلى من النقاء. يُعد PFAD سائلًا بني اللون مائلًا إلى الأصفر وله رائحة مميزة. يحتوي على مزيج من الأحماض الدهنية المشبعة وغير المشبعة، مع أن الأحماض الدهنية السائدة هي حمض اللوريك، وحمض الميرستيك، وحمض البالمتيك. يُستخدم PFAD في صناعة الصابون، وتغذية الحيوانات، وإنتاج الوقود الحيوي.', '2026-02-11 17:26:23', '2026-02-11 17:26:23'),
(29, 'prod-pkfad', 'مُكرر الأحماض الدهنية لزيت نواة النخيل (PKFAD)', 'PKFAD هو ناتج ثانوي من تكرير زيت نخيل التمر، غني بحمض اللوريك، ويستخدم في صناعات الصابون والكيماويات الدهنية.', 'مُركز حمض دهني النواة النخيل (PKFAD) هو منتج ثانوي يُستَخرج خلال تكرير زيت نواة النخيل. وهو غني بالأحماض الدهنية، بما في ذلك حمض اللوريك، مما يجعله ذا قيمة للتطبيقات الصناعية المحددة. يُستخدم PKFAD في العديد من التطبيقات الصناعية، بما في ذلك صناعة الصابون، وإنتاج الوقود الحيوي، وكمادة خام في صناعة الأوليوكيميائيات.', '2026-02-11 17:40:07', '2026-02-11 17:40:07'),
(30, 'prod-polyethylene-wax', 'شمع polyethlene (شمع PE)', 'البولي إيثيلين منخفض الوزن الجزيئي يُستخدم كمزلق عالي الأداء ومساعد في المعالجة في مجالات البلاستيك والطلاءات والأحبار والمواد اللاصقة، حيث يُحسن التدفق، وانزلاق السطح، ومقاومة الخدوش.', 'شمع البولي إيثيلين هو شمع اصطناعي دقيق التوزيع ذو نقطة انصهار عالية، ويتميز ب لزوجة منخفضة، واستقرار حراري ممتاز، وتوافق قوي مع البوليمرات الشائعة مثل PVC، PE، PP، و EVA. يوفر تزييتًا داخليًا وخارجيًا، يقلل من لزوجة الذوبان والاحتكاك، يعزز إطلاق القالب، ويمنح سطحًا أملسًا ولامعًا ومقاومًا للخدوش.\n​\n\nتشمل التطبيقات الرئيسية معالَجة البلاستيك والماستر باتش، حيث يُحسن شمع PE من كفاءة البثق والتشكيل بالحقن، ويمنع تراكم القالب، ويحسن توزيع الأصباغ والمملءات. كما يُستخدم في اللواصق الساخنة الذوبان واللواصق الحساسة للضغط، والأحبار، وطبقات الطلاء البودرة للتحكم في لزوجة الذوبان، وزيادة الترابط والمتانة، وتحسين أوقات الفتح والتثبيت. وتشتمل الاستخدامات الإضافية على القار ودهانات تحديد الطرق، والمواد المركبة من الخشب والبلاستيك، وخلطات المطاط، ومركبات الكابلات، ومنتجات الشمع المصاغة مثل الملمعات والألوان الشمعية، حيث يرفع نقطة الانصهار، والصلابة، ومقاومة الماء.', '2026-02-06 04:00:58', '2026-02-11 17:42:22'),
(31, 'prod-rapeseed-oil', 'زيت بذرة الكتان', 'زيت دوار الشمس المضغوط على البارد والمنقّى من مزارع المملكة المتحدة', 'زيت بذرة الكانولا المضغوط على البارد والمكرر من مزارع المملكة المتحدة. مثالي للطهي، والتحميص، وصلصات السلطة. منخفض في الدهون المشبعة وغني بأوميغا-3.', '2026-02-05 21:53:42', '2026-02-11 17:34:08'),
(32, 'prod-rapeseed-wax', 'شمع بذرة الكتان', 'شمع بذور الكنوك هو شمع نباتي طبيعي يُستخدم كبديل صديق للبيئة في صناعة الشموع ومستحضرات التجميل.', 'شمع بذرة اللفت هو شمع نباتي طبيعي مستخلص من زيت نبات اللفت، يُستخدم عادة كبديل صديق للبيئة لشمع البارافين التقليدي في صناعة الشموع وتطبيقات أخرى. فهو يوفر حرقًا نظيفًا وبطيئًا، بالإضافة إلى احتفاظ جيد بالعطر. يُستخدم شمع بذرة اللفت بشكل متكرر في إنتاج الشموع وفي تركيب المستحضرات الطبيعية مثل بلسم الشفاه، اللوشنات، والكريمات، حيث يمنح خصائصمرطبة.', '2026-02-11 17:24:15', '2026-02-11 17:24:15'),
(33, 'prod-soap-noodles', 'نودلز الصابون', 'شعيرات الصابون هي المواد الخام الأساسية لصناعة الصابون، وتُنتج من خلال صابون الأحماض الدهنية النباتية والزيوت.', 'شعيرات الصابون، المعروفة أيضًا بحبيبات الصابون، هي أحد المواد الخام الرئيسية المستخدمة في تصنيع الصابون. يتم إنتاجها عن طريق معالجة الزيوت والدهون النباتية مع هيدروكسيد الصوديوم (اللي) من خلال عملية التصبن. عادةً ما تكون شعيرات الصابون عبارة عن قطع أو خرز بيضاء أو ذات لون أملس، برائحة خفيفة ومحايدة. وخالية من الشوائب وتحتوي على تركيز عالي من الأحماض الدهنية التي تسهم في خصائصها في التنظيف والاستحلاب.', '2026-02-11 17:40:50', '2026-02-11 17:40:50'),
(34, 'prod-soy-wax', 'شمع الصويا', 'شمع الصويا هو شمع نباتي متجدد مصنوع من زيت الصويا، ويُعد شهيرًا في صناعة الشموع الصديقة للبيئة.', 'شمع الصويا هو نوع من الشموع النباتية المستمدة من زيت فول الصويا. يعتبر خيارًا شائعًا بديلًا لشمع البارافين التقليدي، الذي يتم استخراجه من النفط الخام. يُعتبر شمع الصويا خيارًا متجددًا وقابلًا للتحلل البيولوجي وبيئيًا لصناعة الشموع. يتم تصنيعه عن طريق هيدرة زيت فول الصويا، مما يحوله إلى شكل صلب مناسب للشموع. عادةً ما يأتي على شكل رقائق، والتي يسهل قياسها وذوبانها.', '2026-02-11 17:17:29', '2026-02-11 17:17:29'),
(35, 'prod-soybean-oil', 'زيت فول الصويا', 'زيت فول الصويا عالي الجودة للاستخدامات الصناعية والطهوية', 'زيت الصويا هو زيت نباتي متعدد الاستخدامات يُستخرج من فول الصويا، ويُستخدم على نطاق واسع في القلي والخبز وتتبيلات السلطات نظرًا لنكهته المحايدة ونقطة دُخان عالية.\nويُعد غنيًا بالدهون غير المشبعة المتعددة، بما في ذلك أحماض أوميغا‑3 وأوميغا‑6 الدهنية، ويوفر فيتامين ك وفيتامين هـ.\nوهو مثالي للقلي العميق، وإنتاج المارجرين، والتطبيقات الصناعية للأطعمة. مُكرر ومُزيل للروائح وفقًا لمعايير عالية الجودة.', '2026-02-05 21:50:40', '2026-02-11 17:29:06'),
(36, 'prod-sunflower-oil', 'زيت عباد الشمس', 'زيت عباد الشمس المكرر عالي الجودة للطهي ومعالجة الطعام', 'زيت دوار الشمس الممتاز المكرر لدينا مثالي للطهي والقلي وتطبيقات معالجة الطعام. مستخلص من بذور دوار الشمس عالية الجودة ومكرر بأعلى المعايير.', '2026-02-05 21:42:39', '2026-02-11 17:22:11');

--
-- Dumping data for table `products_de`
--

INSERT INTO `products_de` (`id`, `master_id`, `name`, `description`, `full_description`, `created_at`, `updated_at`) VALUES
(1, 'bdf424df-f9b0-4a79-84d6-f6ed1eb1e84f', 'Palm Olein', 'Palmolenin ist die flüssige Fraktion des raffinierten Palmenöls, geschätzt als stabile Frittier- und Kochöl, das einen neutralen Geschmack, eine lange Bratdauer und eine knusprige Textur für Snacks, Fast Food und Anwendungen im Haushalt bietet.', 'Palm Olein wird durch Fraktionierung von raffiniertem, gebleichtem und deodoriertem (RBD) Palmöl hergestellt, um ein klares, flüssiges Produkt zu erhalten, das reich an Ölsäure und Palmitinsäure ist. Es bietet ein ausgewogenes Fettsäureprofil mit natürlicher guter Oxidationsstabilität. Sein hoher Rauchpunkt, seine Resistance gegen Oxidation und Polymerbildung sowie seine geringe Neigung, Off‑Geschmäcker zu entwickeln, ermöglichen wiederholte Frittierzyklen mit reduzierter Ölverschlechterung, weniger Schaumbildung und längerer Haltbarkeit der Endprodukte.\n​\nIn der Lebensmittelanwendung wird Palm Olein häufig als Frittiermedium für Snacks, Kartoffelchips, Hühnchen, Instant-Nudeln und vorfrittierte Tiefkühlprodukte eingesetzt, sowie als Allzweck- Kochöl im Haushalt in vielen tropischen Märkten. Es dient auch als Basisöl in Mischungen mit Sojaöl, Sonnenblumenöl oder anderen pflanzlichen Ölen, um maßgeschneiderte ernährungsphysiologische und funktionale Profile zu erzielen. Außerdem wird es in Margarinen, Backfett und Frittier systemen im Foodservice verwendet, bei denen stabile Leistung und reines Aroma entscheidend sind.', '2026-02-11 17:15:13', '2026-02-11 17:15:13'),
(2, 'prod-beeswax', 'Bienenwachs', 'Reines natürlicher Bienenwachs für Kosmetik und Kerzenherstellung', 'Reine natürliche Bienenwachsquelle von nachhaltigen Imkern. Perfekt für Kosmetik, Kerzenherstellung und Lebensmittelanwendungen. In verschiedenen Qualitätsstufen erhältlich.', '2026-02-05 21:57:24', '2026-02-11 17:29:48'),
(3, 'prod-bw101-palm-wax', 'Palmwachs', 'Premium 100% Palmenwachs mit cremig gelber Farbe, ideal für die Kerzenherstellung. RSPO SG (Segregated) / MB (Mass balance) zertifiziert.', 'Premium 100% Palmenwachs mit einer schönen cremiggelben Farbe. RSPO MB zertifiziert für Nachhaltigkeit. Ideal für die Kerzenherstellung, Gießen und Containerkerzen.', '2026-02-05 22:04:52', '2026-02-11 17:45:26'),
(4, 'prod-bw105-palm-wax', 'Palmfette (niedriger Schmelzpunkt)', 'Palm Shortening ist ein halbfestes, nicht-hydrierendes Fett, das aus fraktioniertem Palmöl gewonnen wird und eine überlegene Stabilität sowie einen neutralen Geschmack bietet.', 'Palm Shortening ist ein halbfestes, nicht-hydrogeniertes Fett, das aus fraktioniertem Palmöl gewonnen wird und eine hervorragende Stabilität sowie neutralen Geschmack bietet.  \nPerfekt für Bäckerei-Anwendungen – sorgt für blättrige Gebäck, zarte Kuchen und knusprige frittierte Speisen mit hohem Rauchpunkt.  \nKostenersparnis, oxidationsresistente Alternative zu Butter oder Schmalz im industriellen Bäckereihandwerk.', '2026-02-06 02:26:23', '2026-02-11 17:31:08'),
(5, 'prod-bw10510-blended-wax', 'Palm-Paraffin-Gemischwachs für Glas-Teelichter', 'Fertige Low MP Jar Candle Blend: Palm-Paraffin-Microcrystalline mit Polyboost™, Vybar® und UV-Stabilisatoren—einfach Farbe und Duft hinzufügen für eine hervorragende Glashaftung und maximale Duftentfaltung.', 'Bio Green Wax\'s Low Melting Point Jar Candle Blend (48-50°C) und (50-52°C) — Palm-Paraffin-Microcrystalline-Formulierung, optimiert für Glasbehälter. Fertig zur Verwendung: nur Farb- und Duftstoffe hinzufügen. Enthält Polyboost/Vybar für Opazität/Haftung, UV-Stabilisatoren/Antioxidantien für die Haltbarkeit, sowie Duftstoffretentionsmittel, die außergewöhnlichen Hot-/Cold-Throw, knitterfreien Brand und ausgezeichnete Haltbarkeit im Glas für Premium-Containerkerzen gewährleisten.', '2026-02-06 03:36:27', '2026-02-11 17:37:14'),
(6, 'prod-bw10555-blended-wax', 'Soja-basierte vegane Wachsmischung', 'Fertiger 95% Soja-Vegan-Mischung von Bio Green Wax—rein pflanzlich für Kerzen im Glas (48-52 °C) & Säulenkerzen (56-62 °C). Einfach Farbe & Duft hinzufügen.', 'Bio Green Wax\'s 95% Sojawachs-Veganmischung (5% Pflanzenzusätze) bietet sauberes Brennverhalten und natürliche Performance für Gläser und freistehende Säulen. Erhältlich in niedrig schmelzender Variante (48-52°C) für Behälter und hoch schmelzender Variante (56-62°C) für Säulen. Fertig zur Verwendung: Fügen Sie einfach Ihre Farbe und Ihren Duft hinzu für eine hervorragende Duftwirkung und ein glattes Finish.', '2026-02-06 03:43:54', '2026-02-11 17:31:55'),
(7, 'prod-bw10610-blended-wax', 'Palm-Paraffin-Gemischwachs für Säulenzünder', 'Fertig zum Gebrauch Hoch-MP-Säulenkerzenmischungen (56-58 °C & 58-60 °C): Palm-Paraffin-Mikrokristall with Polyboost™, Vybar®, UV-Stabilisatoren—einfach Farbe & Duft hinzufügen für überlegene Säulenleistung.', 'Bio Green Wax\'s High Melting Point Pillar Candle Blends (56-58°C & 58-60°C)—Palm-Paraffin-Mikrokristalline-Formulierungen, die für freistehende Säulendochte entwickelt wurden. Fertig zur Verwendung: Nur noch Farbe & Duft hinzufügen. Mit Polyboost/Vybar für den Gießformenablösungs- und Opazitätseffekt optimiert, UV-Stabilisatoren/Antioxidantien für eine verlängerte Haltbarkeit, sowie Duftretentionsmittel, die eine außergewöhnliche Hitze- und Kältespannung, eine perfekte Säulenformbeständigkeit und ein sauberes Brennen gewährleisten.', '2026-02-06 03:40:03', '2026-02-11 17:38:03'),
(8, 'prod-bw10655-blended-wax', 'Soy- Bienenwachs- Paraffinwachs-Mischung', 'Fertige Soja-Bienenwachs-Paraffin-Mischung von Bio Green Wax—ultativ für Duftabgabe bei Glas (48-52 °C) & Säulenkerzen (56-62 °C). Einfach Duft und Farbe hinzufügen.', 'Bio Green Wax\'s Soja-Bienenwachs-Paraffin-Gemisch vereint die natürliche Sanftheit von Soja, die Stabilität von Bienenwachs und die Duftkraft von Paraffin für eine unvergleichliche Duftleistung. Der niedrige Schmelzpunkt (48-52°C) eignet sich hervorragend für Glasbehälter; der hohe Schmelzpunkt (56-62°C) ist perfekt für Säulen. Bereits fertige Formulierung – einfach Duftstoff und Farbe hinzufügen für eine überlegene Wärme- und Kaltduftabgabe sowie ein makelloses Kerzenausblenden.', '2026-02-06 03:47:21', '2026-02-11 17:32:47'),
(9, 'prod-bw8307-blended-wax', 'Kokos-Öl-Rapswachs-Mischung', 'Fertig verwendbare Kokos-Rapsmischung von Bio Green Wax—cremige natürliche Leistung für Glasgefäßkerzen (48-52°C) & Säulenkernkerzen (56-62°C). Nur Farbe & Duft hinzufügen.', 'Bio Green Wax\'s Coconut-Rapeseed Blend kombiniert die cremige Textur von Kokoswachs und das gleichmäßige Abbrennen von Rapswachs für eine außergewöhnliche natürliche Kerzenleistung. Niedriger Schmelzpunkt (48-52°C), optimiert für Teelichter; hoher Schmelzpunkt (56-62°C) für Säulenkerzen. Völlig einsatzbereit—nur Ihre Wahl von Farbe und Duft hinzufügen für professionelle, sauber brennende Ergebnisse.', '2026-02-06 03:51:15', '2026-02-11 17:33:34'),
(10, 'prod-carnauba-wax', 'Carnaubawachs', 'Premium-Brazilianische Carnaubawachs für Polituren und Beschichtungen', 'Premium brasilianisches Carnaubawachs, bekannt als die „Königin der Wachse“. Ideal für Autopolitur, Kosmetika und Lebensmittelbeschichtungen. Höchster natürlicher Schmelzpunkt.', '2026-02-05 22:00:49', '2026-02-11 17:30:25'),
(11, 'prod-castor-oil', 'Rizinusöl', 'Premium kaltgepresstes Rizinusöl, gewonnen aus den Samen von Ricinus communis, das vielfältig in Pharma, Kosmetik und industriellen Anwendungen eingesetzt wird.', 'Bio Green Wax liefert hochwertiges Rizinusöl, ein vielseitiges pflanzliches Öl, das durch Pressung der Samen der Rizinusbaumpflanze (Ricinus communis) gewonnen wird. Bekannt für seine einzigartige chemische Zusammensetzung, die reich an Ricinolsäure (etwa 85–90 %) ist, weist Rizinusöl außergewöhnliche Viskositäts-, Schmier- und Feuchtigkeitsbindereigenschaften auf, die es in einer Vielzahl von Branchen unentbehrlich machen.\n\nUnser Rizinusöl wird sorgfältig beschafft und verarbeitet, um höchste Reinheits- und Qualitätsstandards zu erfüllen. Es ist sowohl in kaltgepresster (Virgin) als auch in raffinierten Qualitäten erhältlich und eignet sich für pharmazeutische, kosmetische und industrielle Anwendungen. Die bemerkenswerte Stabilität des Öls und seine Löslichkeit in Alkohol unterscheiden es von anderen pflanzlichen Ölen und machen es zu einer bevorzugten Zutat in Formulierungen, die herausragende Leistung erfordern.\n\nRizinusöl ist auf natürliche Weise biologisch abbaubar und stammt aus erneuerbaren Ressourcen, was das Engagement von Bio Green Wax für nachhaltige und umweltverantwortliche Beschaffung unterstreicht.', '2026-02-11 17:16:12', '2026-02-11 17:16:12'),
(12, 'prod-coconut-oil', 'Kokosöl', 'Virgin und raffiniertes Kokosöl für Lebensmittel- und Kosmetik-Anwendungen', 'Premium, virgines und raffiniertes Kokosöl, geeignet zum Kochen, Backen und für kosmetische Anwendungen. Erhältlich in verschiedenen Qualitäten, um Ihren spezifischen Anforderungen gerecht zu werden.', '2026-02-05 21:50:26', '2026-02-11 17:16:58'),
(13, 'prod-coconut-wax', 'Kokoswachs', 'Kokoswachs ist ein natürliches Wachs, das aus Kokosöl gewonnen wird und sich durch sauberes Brennen und umweltfreundliche Anwendungen auszeichnet.', 'Kokoswachs ist ein natürliches Wachs, das aus dem Öl von Kokosnüssen gewonnen wird und für einen sauberen und langsamen Brennverlauf bei der Kerzenherstellung bekannt ist. Es wird oft als nachhaltige Alternative zu anderen Wachsen angesehen. Kokoswachs wird wegen seiner umweltfreundlichen Eigenschaften und seiner Fähigkeit, Duftstoffe gut zu halten, geschätzt. Es stammt aus einer natürlichen und erneuerbaren Ressource, sorgt für einen sauberen und langsamen Brennvorgang in Kerzen und bietet eine längere und effizientere Brenndauer.', '2026-02-11 17:25:46', '2026-02-11 17:25:46'),
(14, 'prod-fr5456-paraffin-wax', 'Halbraffiniertes Paraffinwachs (50-68°C)', 'Bio Green Wax Semi Refined Paraffin (50-68°C)—kostengünstiger Paraffin mit 1-5 % Ölgehalt für Kerzen, Gummi, Textilien und hochvolumige Industrieanwendungen.', 'Bio Green Wax\'s semi-raffinierten Paraffinwachse (50-68°C) bieten wirtschaftliche Leistung mit kontrolliertem Ölgehalt (1-5%) für flexible Härte. Standardqualitäten: 52/54°C (Kerzen), 56/58°C (Säulen), 60/62°C (industriell). Perfekt für kostenbewusste Kerzenproduktion, Gummi-Verarbeitungszusätze, Textil-Finish und Schüttgutverpackungsbeschichtungen, bei denen ausgewogene Leistung und Preis im Vordergrund stehen.', '2026-02-06 04:05:28', '2026-02-11 17:23:39'),
(15, 'prod-glycerine', 'Glyzerin', 'Glycerin ist eine farblose, geruchslose, viskose Flüssigkeit, die in der Pharma-, Kosmetik- und Lebensmittelindustrie extensively eingesetzt wird.', 'Glycerin, auch bekannt als Glycerol oder Glycerin, ist eine farblose, geruchlose und viskose Flüssigkeit mit süßlichem Geschmack. Es handelt sich um eine klare, sirupartige Flüssigkeit, die in der Regel farb- kaum gelblich gefärbt ist. Glycerin weist eine hohe Viskosität auf, was bedeutet, dass es langsam fließt und relativ zäh ist. Es hat eine zähflüssige Konsistenz, die dazu beiträgt, Feuchtigkeit zu speichern. Glycerin wird umfangreich in Pharmazeutika, Kosmetika, der Lebensmittelverarbeitung und in verschiedenen industriellen Anwendungen eingesetzt.', '2026-02-11 17:19:41', '2026-02-11 17:19:41'),
(16, 'prod-hydrogenated-castor-oil', 'Hydrogenisiertes Rizinusöl', 'Hydrogeniertes Rizinusöl ist ein fester, wachshafter Derivat von Rizinusöl, das in Kosmetika, Arzneimitteln und industriellen Anwendungen verwendet wird.', 'Hydrierte Rizinusöl, auch bekannt als Rizinwax oder Rizinwax-Flake, ist ein Derivat von Rizinusöl, das einem Hydrogenierungsprozess unterzogen wurde. Dabei wird Wasserstoff zu den Rizinusölmolekülen hinzugefügt, was zu einer festen, waxartigen Substanz führt. Es wird in Kosmetik- und Pflegeprodukten wie Lippenstiften, Cremes und Lotionen als Emolliens verwendet, um die Haut geschmeidig und mit Feuchtigkeit zu versorgen. Zudem wirkt es als Bindemittel in kosmetischen Formulierungen, hilft dabei, die Inhaltsstoffe zusammenzuhalten und auf der Haut haften zu bleiben.', '2026-02-11 17:25:05', '2026-02-11 17:25:05'),
(17, 'prod-microcrystalline-wax', 'Mikrokristalline Wachs', 'Flexibler mikrokrystalliner Wachs für Kosmetika und Klebstoffe', 'Flexible mikrokristalline Wachse ideal für Kosmetika, Heißschmelzklebstoffe und Spezialbeschichtungen. Überlegene Flexibilität und Haftvermögen.', '2026-02-06 03:58:07', '2026-02-11 17:22:59'),
(18, 'prod-olive-oil', 'Olivenöl', 'Premium-Qualität reines Olivenöl, kaltgepresst aus ausgewählten Mediterranen Oliven, geeignet für kulinarische, kosmetische und industrielle Anwendungen.', 'Unser hochwertiges natives Olivenöl extra wird kaltgepresst aus sorgfältig ausgewählten mediterranen Oliven und bietet außergewöhnliche Qualität und intensiven Geschmack. Olivenöl wird vielfältig in der Lebensmittelzubereitung, Kosmetik, Pharmazie und Pflegeprodukte verwendet und ist wegen seiner gesundheitlichen Vorteile, antioxidativen Eigenschaften und vielseitigen Einsatzmöglichkeiten geschätzt. Bio Green Wax bezieht Olivenöl, das strenge internationale Qualitätsstandards erfüllt, um eine gleichbleibende Reinheit und Leistungsfähigkeit in allen Anwendungen zu gewährleisten.', '2026-02-11 17:41:42', '2026-02-11 17:41:42'),
(19, 'prod-palm-kernel-oil', 'Palmkernelöl', 'Palmkernöl wird aus dem Kern der Ölpalmenfrucht gewonnen und in Lebensmitteln, Kosmetika und industriellen Anwendungen verwendet.', 'Palmöl aus Palmkern ist ein Produkt, das aus dem Kern der Ölpalmenfrucht gewonnen wird und spezifische physikalische Eigenschaften aufweist. Es ist in der Regel bei Raumtemperatur eine hellgelbe bis weiße Feststoffmasse, schmilzt jedoch bei Erwärmung zu einer klaren, gelblichen Flüssigkeit. Der Schmelzpunkt liegt zwischen 23 und 28 Grad Celsius (73 bis 82 Grad Fahrenheit). Palmöl aus Palmkernen ist reich an Laurinsäure und wird häufig in der Lebensmittelherstellung, Kosmetik sowie Seifenproduktion verwendet.', '2026-02-11 17:21:33', '2026-02-11 17:21:33'),
(20, 'prod-palm-kernel-olein', 'Palmketten-Öline', 'Premium raffiniertes Palmkerneöl-olein, die flüssige Fraktion, die aus der Fraktionierung von Palmkerneöl gewonnen wird, geschätzt für ihre hervorragende Klarheit, niedrigen Wolkepunkt und vielseitige Verwendung in der Lebensmittel-, Körperpflege- und Oleochemieindustrie.', 'Bio Green Wax liefert hochqualitative Palmkernelöl-olein (PKOo), die flüssige Fraktion, die durch die kontrollierte Fraktionierung von raffiniertem Palmkernelöl gewonnen wird. Wenn Palmkernelöl unter präzisen Bedingungen gekühlt wird, trennt es sich in eine Feststofffraktion (Palmkernelstearin) und eine Flüssigfraktion (Palmkernelolein). Das resultierende Olein ist ein klares, hell gefärbtes Öl mit niedrigem Schmelzpunkt und ausgezeichneter Fließfähigkeit.\n\nPalmkernelolein ist reich an Mandylsäure (C12) sowie mittelkettigen Caprinsäure/Caprylsäure, was ihm eine herausragende Klarheit, schnelle Absorption und ein leichtes, nicht fettendes Gefühl verleiht. Diese Eigenschaften machen es in der Lebensmittelindustrie äußerst begehrt als Speiseöl, Bratmedium sowie als Bestandteil in nicht-milchhaltigen Cremes, Eiscreme und gefüllten Milchprodukten.\n\nIm Bereich der Körperpflege und Kosmetik wird Palmkernelolein aufgrund seiner hervorragenden emollierenden Eigenschaften und Hautverträglichkeit vielfältig als Basisöl in Lotionen, Cremes, Shampoos und Flüssigseifen eingesetzt. Es dient außerdem als wichtiger Rohstoff in der Oleochemieproduktion, aus der Fettsäuren, Methylester und Tenside gewonnen werden, die in Reinigungsmitteln und Putzmitteln Verwendung finden.\n\nBio Green Wax bezieht sein Palmkernelolein aus RSPO-zertifizierten Lieferketten, die vollständige Rückverfolgbarkeit und die Einhaltung nachhaltiger Palmöl-Engagements gewährleisten. Das Produkt ist in raffiniert, gebleicht und deodoriert (RBD) erhältlich und erfüllt strenge internationale Qualitätsstandards.', '2026-02-11 17:46:15', '2026-02-11 17:46:15'),
(21, 'prod-palm-kernel-stearin', 'Palmkern-Stearin', 'Hochwertiges Palmkernel-Stearin, die feste Fraktion, die aus der Fraktionierung von Palmöl gewonnen wird, geschätzt aufgrund seines ausgeprägten Schmelzprofils und hervorragender Härte in Süßwaren-, Kosmetik- und Oleochemieanwendungen.', 'Bio Green Wax liefert hochwertige Palmkerne Stearin (PKS), die feste Fraktion mit höheren Schmelzpunkten, die durch die kontrollierte Fraktionierung von raffiniertem Palmöl gewonnen wird. Während der Fraktionierung wird Palmöl in zwei Komponenten getrennt: Palmkerne Olein (die flüssige Fraktion) und Palmkerne Stearin (die feste Fraktion). Das resultierende Stearin ist ein weißer bis elfenbeinfarbener Fettstoff mit einem charakteristisch scharfen Schmelzpunkt und fester Textur.\n\nPalmkerne Stearin ist reich an Laurinsäure (C12) und Myristinsäure (C14), was ihm hervorragende Härte, schnelle Kristallisation und ein klares Schmelzverhalten verleiht. Diese Eigenschaften machen es zu einer idealen Zutat für Kakaobutter-Substitute (CBS), Duftschokoladenüberzüge, Füllungen für Süßwaren und Spezialfette, bei denen ein knackiges Finish und Glanz gefragt sind.\n\nNeben Anwendungen in der Lebensmittelindustrie dient Palmkerne Stearin auch als wertvoller Rohstoff in der Oleochemie für die Herstellung von Fettsäuren, Fetalkoholen, Seifen-Nudeln und Tensiden. In der Körperpflege und Kosmetik trägt es zu Körper und Struktur in Cremes, Lotionen und festen Formulierungen bei.\n\nBio Green Wax bezieht sein Palmkerne Stearin aus RSPO-zertifizierten Lieferketten, die vollständige Rückverfolgbarkeit und die Einhaltung nachhaltiger Palmölengagements gewährleisten. Das Produkt ist in raffiniert, gebleicht und deodorisiert (RBD) erhältlich und erfüllt internationale Qualitätsstandards für Lebensmittel- und technische Verwendung.', '2026-02-11 17:20:37', '2026-02-11 17:20:37'),
(22, 'prod-palm-oil', 'Palmöl', 'Nachhaltig bezogene Palmkernöl und Palmderivate', 'Nachhaltig gewonnene Palmöl und Palmölderivate für die Lebensmittelherstellung, Seifen- und Waschmittelproduktion. RSPO-zertifizierte Optionen verfügbar.', '2026-02-05 21:50:40', '2026-02-11 17:28:34'),
(23, 'prod-palm-shortenings', 'Palm Shortenings (hoher Schmelzpunkt)', 'Hochschmelzende Palmfette (46–52 °C) sind Spezialbäckerei- und Frittierfette, die aus fraktioniertem Palmöl hergestellt werden. Sie sind darauf ausgelegt, eine stabile Struktur, einen reinen Geschmack und eine ausgezeichnete Hitzestabilität in anspruchsvollen industriellen Anwendungen zu gewährleisten.', 'Hochschmelzende Palmfetters im Bereich von 46–52 °C werden aus Palmfettstearin und Mittelfraktionen hergestellt, um einen hohen Feststoffgehalt, eine feste Textur und ein stabiles Kristallgitter bei Raumtemperatur und erhöhten Temperaturen zu gewährleisten. Dieser höhere Schmelzbereich bietet überlegene Hitzebeständigkeit, oxidative Stabilität und eine reduzierte Öläusströmmung, was sie ideal für tropische Klimazonen und Hochtemperatur-Verarbeitungsanlagen macht.\n\n​\n\nIn Backanwendungen sorgen diese Fette für gute Aeration, Laminierung und Bruchfestigkeit und unterstützen mürbe Teigkrusten, Blätterteig, Cracker, Kekse und Biscuit, während sie ihre Form und Biss auch bei warmen Bedingungen beibehalten. Sie werden auch als robuste Frittier- und Teigfette sowie als Tierfett-Alternativen in Fleischprodukten eingesetzt, wobei ihre feste Struktur, Emulsionsstabilität und das zero‑trans, nicht gehärtete Profil helfen, eine gleichmäßige Textur, einen sauberen Geschmack und eine etikettenfreundliche Formulierung zu erreichen.', '2026-02-11 17:27:45', '2026-02-11 17:27:45'),
(24, 'prod-palm-stearic-acid', 'Palm-Stearinsäure', 'Palmiste Stearinsäure ist eine gesättigte Fettsäure, die aus Palmöl gewonnen wird und in Kosmetika, Kerzen und der Gummiherstellung verwendet wird.', 'Palm-Stearinsäure ist eine Art Fettsäure, die aus Palmöl gewonnen wird und durch den Prozess der Trennung und Kristallisation der Fettsäuren hergestellt wird. Es handelt sich um eine gesättigte Fettsäure, die für ihre Stabilität und ihre feste Form bei Raumtemperatur bekannt ist. Palm-Stearinsäure hat ein waxartiges Erscheinungsbild, das von Weiß bis leicht gelblich reicht. Sie hat einen Schmelzpunkt, der typischerweise zwischen 55-70 Grad Celsius (131-158 Grad Fahrenheit) liegt, was ihre einfache Einbindung in verschiedene Formulierungen für Kosmetika, Kerzen und Gummi-Produkte ermöglicht.', '2026-02-11 17:39:31', '2026-02-11 17:39:31'),
(25, 'prod-palm-stearin', 'Palm Stearin', 'Palmestearin ist die feste Fraktion des Palmöls, die häufig in der Lebensmittelherstellung, Kerzenproduktion und Seifenherstellung verwendet wird.', 'Palmstearin ist eine Festphase des Palmöls, die durch das Fraktionierungsverfahren gewonnen wird und bekannt ist für ihren hohen Gehalt an gesättigten Fettsäuren. Es ist ein festes Fett bei Raumtemperatur mit einer cremig weißen bis blassgelben Farbe und einer glatten, wachsartigen Textur. Palmstearin hat einen höheren Schmelzpunkt im Vergleich zu Palmöl. Es wird häufig in der Lebensmittelindustrie zur Stabilisierung von Fetten, zur Herstellung von Margarine sowie in der Produktion von Kerzen und Seifen verwendet.', '2026-02-11 17:38:49', '2026-02-11 17:38:49'),
(26, 'prod-paraffin-wax', 'Vollständig raffiniertes Paraffinwachs (50-68°C)', 'Bio Green Wax Vollraffinierter Paraffin (50-68°C)—Lebensmittel-/Pharmaqualität, <0,5% Öl, überlegene Härte. Perfekt für Kerzen, Kosmetik, Verpackungen und präzise industrielle Anwendungen.', 'Bio Green Wax\'s vollständig raffinate Paraffinwachs (Schmelzpunkte 50-68°C) zeichnen sich durch extrem niedrigen Ölgehalt (<0,5 %), außergewöhnliche Härte und neutralen Geruch sowie Farbe aus. Erhältlich in Kerzenqualität (52/54°C, 56/58°C), Containerqualität (50/52°C) und Hochschmelzsäulequalitäten (64/66°C). Ideal für Premiumkerzen, Kosmetika, Lebensmittelverpackungsbeschichtungen und Präzisionsformen, die maximale Reinheit und gleichbleibende Leistung erfordern.', '2026-02-06 03:54:40', '2026-02-11 17:43:25'),
(27, 'prod-pf56-synthetic-wax', 'Fischer-Tropsch (FT) Wachs', 'Fischer‑Tropsch (FT) Wachs ist ein hochwertiges synthetisches Paraffinwachs, das aus Synthesegas hergestellt wird. Es zeichnet sich durch hohe Schmelzpunkte, geringe Viskosität und ausgeprägte Härte aus und eignet sich für anspruchsvolle Anwendungen in Kunststoffen, Beschichtungen, Tinten, Klebstoffen und Bitumenmodifikation.', 'FT-Wachs wird durch die Fischer-Tropsch-Synthese hergestellt und ergibt einen wasserweißen, superreinen Wachs mit einer engen Carbon-Kettenverteilung, sehr niedrigem Ölgehalt und ausgezeichneter thermischer Stabilität. Es vereint einen hohen Softening Point mit niedriger Schmelzviskosität und hoher Härte, was zu einem überlegenen Kratzschutz, Glanzkontrolle, Mattierungseffekten und Schmierung in vielen Formulierungen führt.\n\nIn der Kunststoff- und PVC/CPVC-Verarbeitung wirkt FT-Wachs als effizientes internes und externes Schmiermittel sowie Verarbeitungshilfe, reduziert die Schmelzviskosität, verbessert den Fluss und fördert den Mold Release sowie die Dimensionsstabilität. Es wird häufig in Heißschmelzklebstoffen, druckempfindlichen Klebstoffen, Druckfarben und Industrielackierungen eingesetzt, um die Härte, Abrieb- und Kratzfestigkeit, Blockwiderstand und Anti-Absetz-Eigenschaften zu erhöhen und gleichzeitig die Viskosität zu stabilisieren. Weitere wichtige Anwendungen sind die Modifikation von Bitumen und Asphalt, Masterbatch- und Polymerkompoundierung, Gummi-Verarbeitung, Polituren, Textilien und sogar kosmetische Formulierungen, bei denen FT-Wachs kontrollierte Kristallinität, verbesserte Verschleiß- und Faltenresistenz sowie ein glattes sensorisches Hautgefühl bietet.', '2026-02-06 04:16:38', '2026-02-11 17:44:19'),
(28, 'prod-pfad', 'PFAD (Palmfett-Ölsäuredistillat)', 'PFAD ist ein Nebenprodukt der Palmölraffination und wird in der Seifenherstellung, in der Tierfütterung sowie bei der Produktion von Biokraftstoffen verwendet.', 'Palm-Fettsäuredistillat (PFAD) ist ein Nebenprodukt des Palmöl-Refineringsprozesses. Es wird durch Destillation von Rohpalmenöl gewonnen, um Verunreinigungen zu entfernen und einen höheren Reinheitsgrad zu erreichen. PFAD ist eine bräunlich-gelbe Flüssigkeit mit charakteristischem Geruch. Es enthält eine Mischung aus gesättigten und ungesättigten Fettsäuren, wobei die vorherrschenden Fettsäuren Laurinsäure, Myristinsäure und Palmitinsäure sind. PFAD wird in der Seifenherstellung, in der Tierfutterproduktion und bei der Herstellung von Biokraftstoffen eingesetzt.', '2026-02-11 17:26:34', '2026-02-11 17:26:34'),
(29, 'prod-pkfad', 'Palm-Kernfettfettsäuredestillat (PKFAD)', 'PKFAD ist ein Nebenprodukt der Raffination von Palmkernölfett, reich an Laurinsäure und in der Seifen- sowie der Oleochemieindustrie vielfältig eingesetzt.', 'Palm Kernel Fatty Acid Distillate (PKFAD) ist ein Nebenprodukt, das bei der Raffinierung von Palmkernelöl entsteht. Es ist reich an Fettsäuren, einschließlich Laurinsäure, was es für bestimmte industrielle Anwendungen wertvoll macht. PKFAD wird in verschiedenen industriellen Anwendungen eingesetzt, darunter Seifenherstellung, Biokraftstoffproduktion und als Rohstoff in der Oleochemieindustrie.', '2026-02-11 17:40:15', '2026-02-11 17:40:15'),
(30, 'prod-polyethylene-wax', 'Polyethylenwachs (PE-Wachs)', 'ist ein Polyethylen mit niedrigem Molekulargewicht, das als Hochleistungs-Schmiermittel und Verarbeitungshilfe in Kunststoffen, Beschichtungen, Tinten und Klebstoffen eingesetzt wird, um Fließfähigkeit, Oberflächenrutschfähigkeit und Kratzfestigkeit zu verbessern.', 'Polyethylenwachs ist ein fein verteiltes, hoch schmelzendes synthetisches Wachs mit niedriger Viskosität, ausgezeichneter thermischer Stabilität und starker Kompatibilität mit gängigen Polymeren wie PVC, PE, PP und EVA. Es sorgt für Innen- und Außenlubrikation, reduziert die Schmelzviskosität und Reibung, verbessert den Formtastersatz und liefert eine glatte, glänzende und kratzfeste Oberfläche.\n​\n\nWichtige Anwendungsbereiche sind die Verarbeitung von Kunststoffen und Masterbatch, wobei PE-Wachs die Extrusions- und Spritzgießeffizienz verbessert, die Einlaufbildung im Werkzeug verhindert und die Dispersion von Pigmenten und Füllstoffen optimiert. Es wird auch in Schmelzklebstoffen und druckempfindlichen Klebstoffen, Tinten sowie Pulverlacken eingesetzt, um die Schmelzviskosität zu steuern, die Kohäsion und Zähigkeit zu erhöhen und die Offen- und Aushärtezeiten zu optimieren. Weitere Verwendungszwecke umfassen Bitumen und Straßenmarkierungsfarben, Holz-Kunststoff-Verbundwerkstoffe, Gummi-Compoundierungen, Kabelmischungen sowie formulierte Wachssorten wie Polituren und Wachsmalstifte, wobei es den Schmelzpunkt, die Härte und die Wasserresistenz erhöht.', '2026-02-06 04:01:33', '2026-02-11 17:42:32'),
(31, 'prod-rapeseed-oil', 'Rapsöl', 'Kaltgepresstes und raffiniertes Rapsöl von britischen Feldern', 'Kaltgepresstes und raffiniertes Rapsöl aus UK-Bauernhöfen. Ideal zum Kochen, Rösten und für Salatdressings. Wenig gesättigte Fettsäuren und reich an Omega-3.', '2026-02-05 21:54:22', '2026-02-11 17:34:15'),
(32, 'prod-rapeseed-wax', 'Rapswachs', 'Rapswachs ist ein natürliches pflanzliches Wachs, das als umweltfreundliche Alternative in der Kerzenherstellung und Kosmetik verwendet wird.', 'Rapswachs ist ein natürliches pflanzliches Wachs, das aus dem Öl der Raps-Pflanze gewonnen wird. Es wird häufig als umweltfreundliche Alternative zu herkömmlichem Paraffinwachs beim Kerzenmachen und in anderen Anwendungen verwendet. Es bietet eine saubere und langanhaltende Brenndauer sowie eine gute Duftaufnahme. Rapswachs wird häufig in der Kerzenherstellung und bei der Entwicklung von Naturkosmetik wie Lippenbalsamen, Lotionen und Cremes eingesetzt, wobei es feuchtigkeitsspendende Eigenschaften bietet.', '2026-02-11 17:24:22', '2026-02-11 17:24:22'),
(33, 'prod-soap-noodles', 'Seifen-Nudeln', 'Seifenstränge sind die primären Rohstoffe für die Seifenherstellung, die durch Verseifung von pflanzlichen Ölen und Fetten entstehen.', 'Seifen-Nudeln, auch bekannt als Seifen-Granulate, sind eine der wichtigsten Rohstoffe bei der Herstellung von Seife. Sie werden durch die Verarbeitung von pflanzlichen Ölen und Fetten mit Natriumhydroxid (Lauge) mittels Verseifung hergestellt. Seifen-Nudeln sind typischerweise feste weiße oder elfenbeinfarbene Stücke oder Perlen mit einem milden und neutralen Aroma. Sie sind frei von Verunreinigungen und enthalten eine hohe Konzentration an Fettsäuren, die zu ihren reinigenden und emulgierenden Eigenschaften beitragen.', '2026-02-11 17:40:59', '2026-02-11 17:40:59'),
(34, 'prod-soy-wax', 'Sojawachs', 'Sojawachs ist ein erneuerbares pflanzliches Wachs, das aus Sojabohnenöl hergestellt wird und sich großer Beliebtheit bei umweltfreundlicher Kerzenherstellung erfreut.', 'Sojawachs ist eine Art pflanzliches Wachs, das aus Sojaöl gewonnen wird. Es ist eine beliebte Alternative zu herkömmlichem Paraffinwachs, das aus Erdöl hergestellt wird. Sojawachs gilt als erneuerbare, biologisch abbaubare und umweltfreundliche Option für die Kerzenherstellung. Es wird durch Hydrierung von Sojaöl hergestellt, wobei es in eine feste Form umgewandelt wird, die sich gut für Kerzen eignet. Es liegt meist in Form von Flocken vor, die leicht zu messen und zu schmelzen sind.', '2026-02-11 17:17:37', '2026-02-11 17:17:37'),
(35, 'prod-soybean-oil', 'Sojaöl', 'Hochwertiges Sojabohnenöl für industrielle und kulinarische Zwecke', 'Sojaöl ist ein vielseitiges pflanzliches Öl, das aus Sojabohnen gewonnen wird und aufgrund seines neutralen Geschmacks und seines hohen Rauchpunkts häufig zum Braten, Backen und für Salatdressings verwendet wird.  \nEs ist reich an mehrfach ungesättigten Fettsäuren, darunter Omega‑3- und Omega‑6-Fettsäuren, und liefert Vitamin K sowie Vitamin E.  \nEs eignet sich perfekt zum Frittieren, für die Margarinenherstellung und industrielle Lebensmittelanwendungen. Gereingt und deodoriert nach Premiumstandards.', '2026-02-05 21:50:40', '2026-02-11 17:29:14'),
(36, 'prod-sunflower-oil', 'Sonnenblumenöl', 'Premium raffiniertes Sonnenblumenöl zum Kochen und in der Lebensmittelverarbeitung', 'Unser hochwertiges raffiniertes Sonnenblumenöl ist perfekt zum Kochen, Braten und in der Lebensmittelverarbeitung. Es stammt aus hochwertigen Sonnenblumensamen und wird nach den höchsten Standards veredelt.', '2026-02-05 21:43:12', '2026-02-11 17:22:19');

--
-- Dumping data for table `products_es`
--

INSERT INTO `products_es` (`id`, `master_id`, `name`, `description`, `full_description`, `created_at`, `updated_at`) VALUES
(1, 'bdf424df-f9b0-4a79-84d6-f6ed1eb1e84f', 'Palm Oleín', 'El palm oleín es la fracción líquida del aceite de palma refinado, valorada como un aceite de fritura y cocina estable que ofrece un sabor neutro, una larga vida en frituras y una textura crujiente para aperitivos, comida rápida y aplicaciones domésticas.', 'El palm olein se produce mediante la fraccionación del aceite de palma refinado, blanqueado y desodorizado (RBD) para obtener un líquido transparente rico en ácidos oleico y palmítico, proporcionando un perfil equilibrado de ácidos grasos con una buena estabilidad oxidativa natural. Su alto punto de humo, resistencia a la oxidación y a la formación de polímeros, y su baja tendencia a desarrollar sabores indeseados permiten ciclos de fritura repetidos con una menor descomposición del aceite, menos formación de espuma y una vida útil prolongada de los productos terminados.\n\nEn aplicaciones alimentarias, el palm olein se utiliza ampliamente como medio de fritura profunda para aperitivos, patatas fritas, pollo frito, fideos instantáneos y alimentos congelados pre-fritos, así como un aceite de uso general en la cocina doméstica en muchos mercados tropicales. También sirve como aceite base en mezclas con soja, girasol u otros aceites vegetales para lograr perfiles nutricionales y funcionales adaptados, y se emplea en margarinas, grasas para panadería y sistemas de fritura en servicios de comida, donde un rendimiento estable y un sabor limpio son cruciales.', '2026-02-11 17:14:54', '2026-02-11 17:14:54'),
(2, 'prod-beeswax', 'Cera de abejas', 'Cera de abejas pura y natural para cosméticos y fabricación de velas', 'Cera de abejas pura y natural, obtenida de apicultores éticos. Perfecta para cosméticos, fabricación de velas y aplicaciones alimentarias. Disponible en varias calidades.', '2026-02-05 21:56:38', '2026-02-11 17:29:38'),
(3, 'prod-bw101-palm-wax', 'Cera de Palma', 'Cera de palma Premium 100% de color amarillo cremoso, ideal para la fabricación de velas. Certificada por RSPO SG (Segregada) / MB (Balance en masa).', 'Cera de palma premium al 100% con un hermoso color amarillo cremoso. Certificada por RSPO MB por su sostenibilidad. Ideal para hacer velas, moldear y velas en envase.', '2026-02-05 22:03:38', '2026-02-11 17:45:13'),
(4, 'prod-bw105-palm-wax', 'Aceites de palma para repostería (punto de fusión bajo)', 'La grasa de palma enpomada es una grasa semisólida, no hidrogenada, derivada del aceite de palma fraccionado, que ofrece una estabilidad superior y un sabor neutro.', 'Palm Shortening es una grasa semi-sólida, no hidrogenada, derivada del aceite de palma fraccionado, que ofrece una estabilidad superior y un sabor neutro.\nIdeal para aplicaciones en panadería: crea hojaldres crujientes, pasteles tiernos y alimentos fritos crujientes con un punto de humo alto.\nAlternativa rentable y resistente a la oxidación al mantequilla o la manteca en la panadería industrial.', '2026-02-05 22:07:58', '2026-02-11 17:30:51'),
(5, 'prod-bw10510-blended-wax', 'Cera mezclada de Palm-Parafina para velas en frascos', 'Mezcla de velas en tarro de Bajo MP lista para usar: Palm-Parafina-Microcristalino con Polyboost™, Vybar®, estabilizadores UV—solo agrega color y fragancia para una mejor adherencia en vidrio y un rendimiento máximo.', 'Mezcla para vela en tarro de Bio Green Wax con punto de fusión bajo (48-50°C) y (50-52°C): formulación de Palm-Parafina-Microcristalina optimizada para recipientes de cristal. Lista para usar: solo añadir color y fragancia. Incluye Polyboost/Vybar para opacidad/adhesión, estabilizadores UV/antioxidantes para la vida en estantería, además de agentes conservantes de fragancia que ofrecen una excepcional disipación de fragancia en caliente y en frío, combustión sin pliegues y una retención superior en el tarro para velas de contenedor premium.', '2026-02-06 03:35:12', '2026-02-11 17:36:57'),
(6, 'prod-bw10555-blended-wax', 'Mezcla de Cera Vegana a Base de Cera de Soja', 'Mezcla vegana lista para usar al 95% de soja de Bio Green Wax—puramente a base de plantas para velas en tarro (48-52°C) y en velaínder (56-62°C). Solo agrega color y fragancia.', 'La mezcla vegana de cera de soja al 95% de Bio Green Wax (5% de aditivos vegetales) ofrece un rendimiento natural y de combustión limpia para frascos de vidrio y pilares independientes. Disponible en punto de fusión bajo (48-52°C) para envases y en punto de fusión alto (56-62°C) para pilares. Listo para usar: simplemente añada su color y fragancia para una excelente proyección y un acabado suave.', '2026-02-06 03:42:37', '2026-02-11 17:31:40'),
(7, 'prod-bw10610-blended-wax', 'Cera de parafina y palma mezclada para velas de pilar', 'Mezclas de velas de columna de alto punto de fusión listas para usar (56-58 °C y 58-60 °C): Palm-Parafina-Microcristalina con Polyboost™, Vybar®, estabilizadores UV—solo añade color y fragancia para un rendimiento superior de las columnas.', 'Las mezclas para velas de pilar de Bio Green wax con Punto de Fusión Alto (56-58°C y 58-60°C)—formulaciones de Palm-Paraffin-Microcrystalline diseñadas para velas de pilar independientes. Lista para usar: solo añada color y fragancia. Optimizadas con Polyboost/Vybar para facilitar la separación del molde y la opacidad, estabilizadores UV/antioxidantes para una mayor vida útil, además de agentes retenedores de fragancia que proporcionan una excelente difusión en caliente y en frío, retención de la forma perfecta de la vela y un rendimiento de combustión limpio.', '2026-02-06 03:38:51', '2026-02-11 17:37:47'),
(8, 'prod-bw10655-blended-wax', 'Mezcla de cera de abeja y cera de parafina', 'Mezcla lista para usar de soja, cera de abeja y parafina de Bio Green Wax—la mejor difusión de fragancia para velas en tarro (48-52°C) y en columna (56-62°C). Solo agrega aroma y color.', 'La mezcla de Bio Green Wax de soja, cera de abeja y parafina combina la suavidad natural de la soja, la estabilidad de la cera de abeja y la potencia aromática de la parafina para un rendimiento de fragancia insuperable. Su bajo punto de fusión (48-52°C) es ideal para envases de vidrio; el alto punto de fusión (56-62°C) es perfecto para pilares. Formulación lista para usar: solo agrega fragancia y color para una excelente difusión en caliente y en frío, y un acabado impecable en la vela.', '2026-02-06 03:46:20', '2026-02-11 17:32:29'),
(9, 'prod-bw8307-blended-wax', 'Mezcla de cera de coco y colza', 'Mezcla lista de Coco-Rapeseed de Bio Green Wax—rendimiento natural y cremoso para velas en Tarro (48-52°C) y Vela Pilar (56-62°C). Solo agrega color y fragancia.', 'La Mezcla de Coco-Rapeseed de Bio Green Wax combina la textura cremosa del cera de coco y la combustión suave de la cera de colza para un rendimiento excepcional en velas naturales. Punto de fusión bajo (48-52°C) optimizado para velas en vaso; punto de fusión alto (56-62°C) para velas de pilar. Completamente lista para usar—solo añada el color y la fragancia de su elección para obtener resultados profesionales y de combustión limpia.', '2026-02-06 03:49:54', '2026-02-11 17:33:20'),
(10, 'prod-carnauba-wax', 'Cera de Carnauba', 'Cera de carnauba brasileña premium para pulimentos y recubrimientos', 'Cera de carnauba brasileña premium, conocida como la \"reina de las ceras\". Ideal para pulido de autos, cosméticos y recubrimientos alimentarios. Máxima temperatura de fusión natural.', '2026-02-05 21:59:32', '2026-02-11 17:30:13'),
(11, 'prod-castor-oil', 'Aceite de Ricino', 'Aceite de ricino prensado en frío de primera calidad, obtenido de las semillas de Ricinus communis, ampliamente utilizado en farmacéutica, cosmética y aplicaciones industriales.', 'Bio Green Wax suministra aceite de ricino de alta calidad, un aceite vegetal versátil obtenido mediante el prensado de las semillas de la planta Ricinus communis (alfabega). Conocido por su composición química única, rica en ácido ricino (aproximadamente 85–90%), el aceite de ricino presenta propiedades excepcionales de viscosidad, lubricidad y humectación que lo hacen invaluable en una amplia gama de industrias.\n\nNuestro aceite de ricino se obtiene y procesa cuidadosamente para cumplir con los más altos estándares de pureza y consistencia. Está disponible en grados de prensado en frío (virgen) y refinado, adecuados para aplicaciones farmacéuticas, cosméticas e industriales. La notable estabilidad y solubilidad del aceite en alcohol lo distinguen de otros aceites vegetales, convirtiéndolo en un ingrediente preferido en formulaciones que requieren un rendimiento superior.\n\nEl aceite de ricino es biodegradables de forma natural y se obtiene de recursos renovables, en línea con el compromiso de Bio Green Wax con una adquisición sostenible y responsable con el medio ambiente.', '2026-02-11 17:15:56', '2026-02-11 17:15:56'),
(12, 'prod-coconut-oil', 'Aceite de Coco', 'Aceite de coco virgen y refinado para aplicaciones alimentarias y cosméticas', 'Aceite de coco virgen y refinado de alta calidad, adecuado para cocinar, hornear y aplicaciones cosméticas. Disponible en varias categorías para satisfacer sus requerimientos específicos.', '2026-02-05 21:49:32', '2026-02-11 17:16:47'),
(13, 'prod-coconut-wax', 'Vela de cera de coco', 'La cera de coco es una cera natural derivada del aceite de coco, valorada por sus velas de combustión limpia y aplicaciones ecológicas.', 'La cera de coco es una cera natural derivada del aceite de coco, conocida por su combustión limpia y lenta en la fabricación de velas. A menudo se considera una alternativa sostenible a otras ceras. La cera de coco es valorada por sus características ecológicas y su capacidad para retener bien las fragancias. Se obtiene de un recurso natural y renovable, lo que permite una combustión limpia y lenta en las velas para un rendimiento más duradero y eficiente.', '2026-02-11 17:25:34', '2026-02-11 17:25:34'),
(14, 'prod-fr5456-paraffin-wax', 'Cera de parafina semirrefinada (50-68°C)', 'Bio Green Wax Parafina Semirefinada (50-68°C): contenido de aceite económico del 1-5% para velas, caucho, textiles y aplicaciones industriales de alto volumen.', 'Las ceras de parafina semirrefinadas de Bio Green Wax (50-68°C) ofrecen un rendimiento económico con un contenido de aceite controlado (1-5%) para una dureza flexible. Los grados estándar: 52/54°C (velas), 56/58°C (columnas), 60/62°C (industrial). Perfectas para la producción de velas de sensibilidad a costos, ayudantes para el procesado de caucho, acabados textiles y recubrimientos para embalaje a granel donde el rendimiento equilibrado y el precio son lo más importante.', '2026-02-06 04:04:09', '2026-02-11 17:23:24'),
(15, 'prod-glycerine', 'Glicerina', 'La glicerina es un líquido viscoso, incoloro e insípido que se utiliza ampliamente en las industrias farmacéutica, cosmética y alimentaria.', 'Glicerina, también conocida como glicerol o glicérido, es un líquido incoloro, inodoro y viscoso con un sabor dulce. Es un líquido claro y azucarado que generalmente es incoloro, aunque puede tener un tinte ligeramente amarillento. La glicerina tiene una alta viscosidad, lo que significa que fluye lentamente y es relativamente espesa. Tiene una consistencia similar a la de un jarabe, lo que contribuye a su capacidad para retener la humedad. La glicerina se utiliza ampliamente en farmacéutica, cosmética, procesamiento de alimentos y diversas aplicaciones industriales.', '2026-02-11 17:19:26', '2026-02-11 17:19:26'),
(16, 'prod-hydrogenated-castor-oil', 'Aceite de ricino hidrogenado', 'El aceite de ricino hidrogenado es un derivado sólido y ceroso del aceite de ricino, utilizado en cosméticos, productos farmacéuticos y aplicaciones industriales.', 'Aceite de ricino hidrogenado, también conocido como cera de ricino o copo de cera de ricino, es un derivado del aceite de ricino que pasa por un proceso de hidrogenación. Esto implica la adición de hidrógeno a las moléculas de aceite de ricino, resultando en una sustancia sólida y cerosa. Se utiliza en productos cosméticos y de cuidado personal como lápices labiales, cremas y lociones, como emoliente para proporcionar suavidad y humedad a la piel. También actúa como un agente vinculante en las formulaciones cosméticas, ayudando a que los ingredientes se adhieran entre sí y a la piel.', '2026-02-11 17:24:50', '2026-02-11 17:24:50'),
(17, 'prod-microcrystalline-wax', 'Cera microcristalina', 'Cera microcristalina flexible para cosméticos y adhesivos', 'Cera microcristalina flexible ideal para cosméticos, adhesivos termofusibles y recubrimientos especializados. Propiedades superiores de flexibilidad y adhesión.', '2026-02-06 03:56:55', '2026-02-11 17:22:46'),
(18, 'prod-olive-oil', 'Aceite de Oliva', 'Aceite de oliva virgen de calidad premium, extraído en frío de olives mediterráneas seleccionadas para aplicaciones culinarias, cosméticas e industriales.', 'Nuestro aceite de oliva virgen extra de primera calidad es prensado en frío a partir de aceitunas mediterráneas cuidadosamente seleccionadas, ofreciendo una calidad excepcional y un sabor intenso. Utilizado ampliamente en la preparación de alimentos, cosméticos, productos farmacéuticos y cuidado personal, el aceite de oliva es valorado por sus beneficios para la salud, propiedades antioxidantes y aplicaciones versátiles. Bio Green Wax obtiene aceite de oliva que cumple con estrictos estándares internacionales de calidad, garantizando una pureza y un rendimiento consistentes en todas sus aplicaciones.', '2026-02-11 17:41:28', '2026-02-11 17:41:28'),
(19, 'prod-palm-kernel-oil', 'Aceite de cártamo', 'El aceite de kernel de palma se obtiene del núcleo de la fruta de la palma aceitera, y se utiliza en productos alimenticios, cosméticos y aplicaciones industriales.', 'El aceite de salvado de palma se obtiene del núcleo de la fruta de la palma aceitera y posee propiedades físicas distintas. Generalmente, es un sólido de color amarillo claro a blanco a temperatura ambiente, pero se funde en un líquido transparente de tonalidad amarilla cuando se calienta. El punto de fusión oscila entre 23 y 28 grados Celsius (73 a 82 grados Fahrenheit). El aceite de salvado de palma es rico en ácido láurico y se usa ampliamente en la fabricación de alimentos, cosméticos y en la producción de jabones.', '2026-02-11 17:21:18', '2026-02-11 17:21:18'),
(20, 'prod-palm-kernel-olein', 'Oleín de salvado de palma', 'Olein de hydroala de maní refinado premium, la fracción líquida obtenida de la fraccionación del aceite de maní, valorada por su excelente claridad, bajo punto de nubosidad y su uso versátil en industrias de alimentos, cuidado personal y oleoquímicas.', 'Bio Green Wax suministra oleín de palmiste de alta calidad (PKOo), la fracción líquida producida mediante la fraccionación controlada del aceite de palmiste refinado. Cuando el aceite de palmiste se enfría bajo condiciones precisas, se separa en una fracción sólida (palmiste de palmiste) y una fracción líquida (oleín de palmiste). El oleín resultante es un aceite transparente, de color claro, con un punto de fusión bajo y una excelente capacidad de vertido.\n\nEl oleín de palmiste es rico en ácido láurico (C12) y ácidos grasos de cadena media, como el caprílico y el caproico, lo que le confiere una claridad excepcional, rápida absorción y una sensación ligera y no grasa. Estas características lo hacen muy apreciado en la industria alimentaria como aceite de cocina, medio de fritura e ingrediente en cremas no lácteas, helados y formulaciones de leche rellena.\n\nEn el sector de cuidado personal y cosmética, el oleín de palmiste se utiliza ampliamente como aceite base en lociones, cremas, champús y jabones líquidos debido a sus excelentes propiedades emolientes y compatibilidad con la piel. También sirve como materia prima clave en la producción de oleoquímicos, generando ácidos grasos, ésteres metílicos y tensioactivos utilizados en detergentes y productos de limpieza.\n\nBio Green Wax obtiene su oleín de palmiste de cadenas de suministro certificadas por RSPO, lo que garantiza total trazabilidad y alineación con los compromisos de sostenibilidad del aceite de palma. El producto está disponible en forma refinada, blanqueada y deodorada (RBD), cumpliendo con estrictas normas internacionales de calidad.', '2026-02-11 17:45:54', '2026-02-11 17:45:54'),
(21, 'prod-palm-kernel-stearin', 'Estearina de almendra de palma', 'Estearina de palmiste de alta calidad, la fracción sólida obtenida de la fraccionación del aceite de palmiste, valorada por su perfil de fusión rápido y su excelente dureza en aplicaciones de confitería, cosmética y oleoquímica.', 'Bio Green Wax suministra estearina de salvado de palmiste de grado premium (PKS), la fracción sólida de mayor punto de fusión producida mediante la fraccionación controlada del aceite de palmiste refinado. Durante la fraccionación, el aceite de palmiste se separa en dos componentes: oleína de palmiste (la fracción líquida) y estearina de palmiste (la fracción sólida). La estearina resultante es una grasa de color blanco a grisáceo con un punto de fusión notablemente agudo y una textura firme. \n\nLa estearina de palmiste es rica en ácido láurico (C12) y ácido mirístico (C14), lo que le confiere una excelente dureza, rápida cristalización y un perfil de fusión limpio. Estas propiedades la hacen un ingrediente ideal para sustitutos de manteca de cacao (CBS), recubrimientos de chocolate compuesto, rellenos de confitería y grasas especiales donde se requiere un acabado de “crack” y brillo.\n\nMás allá de las aplicaciones alimentarias, la estearina de palmiste sirve como materia prima valiosa en la industria oleoquímica para la producción de ácidos grasos, alcoholes grasos, noodles de jabón y tensioactivos. En productos de cuidado personal y cosméticos, contribuye cuerpo y estructura a cremas, lociones y formulaciones sólidas. \n\nBio Green Wax obtiene su estearina de palmiste de cadenas de suministro certificadas por RSPO, asegurando trazabilidad total y cumplimiento con los compromisos de sostenibilidad del aceite de palma. El producto está disponible en forma refinada, blanqueada y deodorada (RBD), cumpliendo con los estándares internacionales de calidad para uso alimentario y técnico.', '2026-02-11 17:20:15', '2026-02-11 17:20:15'),
(22, 'prod-palm-oil', 'Aceite de palma', 'Aceite de palma y derivados de palma de origen sostenible', 'Aceite de palma y derivados de palma obtenidos de manera sostenible para la fabricación de alimentos, producción de jabón y detergentes. Opciones certificadas por RSPO disponibles.', '2026-02-05 21:50:40', '2026-02-11 17:28:21'),
(23, 'prod-palm-shortenings', 'Margarinas de palma (punto de fusión alto)', 'Las mantecas de palma de alto punto de fusión (46–52 °C) son grasas especiales para panadería y frituras, elaboradas a partir de aceite de palma fraccionado, diseñadas para proporcionar una estructura sólida, sabor limpio y una excelente estabilidad al calor en aplicaciones industriales exigentes.', 'Las grasas de palma de punto de fusión alto en el rango de 46–52 °C se elaboran a partir de palmiste y fracciones medias para ofrecer un alto contenido de grasa sólida, una textura firme y una red cristalina estable a temperaturas ambientes y elevadas. Este rango de fusión más alto proporciona una resistencia al calor superior, estabilidad antioxidante y reducción del oling-out, lo que las hace ideales para climas tropicales y líneas de procesamiento a altas temperaturas.\n​\n\nEn aplicaciones de panadería, estas grasas ofrecen una buena aireación, laminación y tensión, soportando masas quebradas, hojaldres, crackers, galletas y bizcochos, manteniendo la forma y la textura incluso en condiciones cálidas. También se utilizan como grasas de fritura robustas y grasas para masa, y como sustitutos de grasa animal en productos cárnicos, donde su estructura firme, estabilidad de emulsión y perfil sin trans ni hidrogenados ayudan a lograr una textura consistente, una liberación de sabor limpia y formulaciones amigables para la etiqueta.', '2026-02-11 17:27:27', '2026-02-11 17:27:27'),
(24, 'prod-palm-stearic-acid', 'Ácido Palmítico', 'El ácido palmítico es un ácido graso saturado derivado del aceite de palma, utilizado en cosméticos, velas y fabricación de caucho.', 'El ácido esteárico de palma es un tipo de ácido graso derivado del aceite de palma, obtenido a través del proceso de separación y cristalización de los ácidos grasos. Es un ácido graso saturado conocido por su estabilidad y forma sólida a temperatura ambiente. El ácido esteárico de palma tiene una apariencia cerosa que varía de blanco a ligeramente amarillo. Tiene un punto de fusión que típicamente oscila entre 55-70 grados Celsius (131-158 grados Fahrenheit), lo que permite su incorporación fácil en diversas formulaciones para cosméticos, velas y productos de caucho.', '2026-02-11 17:39:16', '2026-02-11 17:39:16'),
(25, 'prod-palm-stearin', 'Palm Stearin', 'La palmiste es la fracción sólida del aceite de palma, comúnmente utilizada en la fabricación de alimentos, producción de velas y fabricación de jabón.', 'La stearina de palma es una fracción sólida del aceite de palma obtenida mediante el proceso de fraccionamiento, conocida por su alto contenido en ácidos grasos saturados. Es una grasa sólida a temperatura ambiente, de color blanco cremosa a amarillo pálido y con una textura suave y cerosa. La stearina de palma tiene un punto de fusión más alto en comparación con el aceite de palma. Se usa comúnmente en la industria alimentaria para estabilizar grasas, producir margarina y en la fabricación de velas y jabón.', '2026-02-11 17:38:34', '2026-02-11 17:38:34'),
(26, 'prod-paraffin-wax', 'Cera de parafina completamente refinada (50-68°C)', 'Bio Green Wax Parafina totalmente refinada (50-68°C)—grado alimentario/farmacéutico, <0.5% de aceite, dureza superior. Perfecto para velas, cosméticos, embalaje y aplicaciones industriales de precisión.', 'Las ceras de parafina totalmente refinadas de Bio Green Wax (puntos de fusión de 50-68°C) presentan un contenido de aceite ultrabajo (<0,5%), dureza excepcional y olor/color neutro. Disponibles en grados para velas (52/54°C, 56/58°C), grados para envases (50/52°C) y grados para pilares de alta fusión (64/66°C). Ideales para velas premium, cosméticos, recubrimientos para envases de alimentos y moldeo de precisión que requieren la máxima pureza y consistencia en el rendimiento.', '2026-02-06 03:53:55', '2026-02-11 17:43:10'),
(27, 'prod-pf56-synthetic-wax', 'Wax Fischer-Tropsch (FT)', 'Cera Fischer‑Tropsch (FT) es una cera de paralina sintética de alta pureza, producida a partir de gas de síntesis (syngas), que ofrece un alto punto de fusión, baja viscosidad y una dureza excelente para aplicaciones exigentes en plásticos, recubrimientos, tintas, adhesivos y modificación de betún', 'La cera FT se produce mediante la síntesis de Fischer‑Tropsch, obteniendo una cera de color blanco agua, ultralimpia, con una distribución de cadenas de carbono estrecha, contenido de aceite muy bajo y una estabilidad térmica excepcional. Combina un alto punto de ablandamiento con baja viscosidad de fusión y gran dureza, ofreciendo una resistencia superior a los arañazos, control del brillo, efectos mate y lubricación en muchas formulaciones.\n\nEn el procesamiento de plásticos y PVC/CPVC, la cera FT funciona como un lubricante interno y externo eficiente y un aditivo de procesamiento, reduciendo la viscosidad de la fusión, mejorando el flujo y facilitando el desmoldeo y la estabilidad dimensional. Se utiliza ampliamente en adhesivos de fusión en caliente y sensibles a la presión, tintas de impresión y recubrimientos industriales para incrementar la dureza, la resistencia al desgaste y a los arañazos, la resistencia al bloqueo y la anti-precipitación, al tiempo que estabiliza la viscosidad. Las aplicaciones clave adicionales incluyen la modificación de betún y asfalto, la producción de masterbatches y la copolimerización, el procesamiento de caucho, pulimentos, textiles e incluso formulaciones cosméticas, donde la cera FT ofrece cristalización controlada, mayor resistencia al desgaste y a las arrugas, y una sensación sensorial suave.', '2026-02-06 04:15:28', '2026-02-11 17:44:00'),
(28, 'prod-pfad', 'PFAD (Destilado de Ácido Graso de Palma)', 'PFAD es un subproducto del refinado de aceite de palma, utilizado en la fabricación de jabón, alimentación animal y producción de biocombustibles.', 'El Destilado de Ácido Grasos de Palma (PFAD) es un subproducto del proceso de refinado del aceite de palma. Se obtiene mediante la destilación del aceite de palma crudo para eliminar impurezas y alcanzar un nivel más alto de pureza. El PFAD es un líquido de color amarillo-amarillento con un olor característico. Contiene una mezcla de ácidos grasos saturados e insaturados, siendo los ácidos grasos predominantes el ácido láurico, el ácido mirístico y el ácido palmítico. El PFAD se utiliza en la fabricación de jabón, en la alimentación animal y en la producción de biocombustibles.', '2026-02-11 17:26:17', '2026-02-11 17:26:17'),
(29, 'prod-pkfad', 'Destilado de Ácidos Grasos de Cáscara de Palma (PKFAD)', 'PKFAD es un subproducto del refinado del aceite de palm kernel, rico en ácido láurico, utilizado en las industrias de jabón y oleoquímica.', 'El Destilado de Ácido Grasos de Núcleo de Palma (PKFAD) es un subproducto obtenido durante el refinamiento del aceite de núcleo de palma. Es rico en ácidos grasos, incluyendo ácido láurico, lo que lo hace valioso para ciertas aplicaciones industriales. El PKFAD se emplea en diversas aplicaciones industriales, como la fabricación de jabón, producción de biocombustible y como materia prima en la industria oleoquímica.', '2026-02-11 17:40:01', '2026-02-11 17:40:01'),
(30, 'prod-polyethylene-wax', 'Cera de polietileno (cera de PE)', 'es un polietileno de bajo peso molecular utilizado como lubricante de alto rendimiento y aditivo para procesamiento en plásticos, recubrimientos, tintas y adhesivos, mejorando el flujo, el deslizamiento superficial y la resistencia a los arañazos.', 'La cera de polietileno es una cera sintética finamente dividida, de alta fusión, con baja viscosidad, excelente estabilidad térmica y fuerte compatibilidad con polímeros comunes como PVC, PE, PP y EVA. Proporciona lubricación interna y externa, reduce la viscosidad y la fricción del fundido, mejora el desmoldeo y ofrece una superficie lisa, brillante y resistente a los arañazos.\n​\n\nLas aplicaciones clave incluyen el procesamiento de plásticos y masterbatch, donde la cera de PE mejora la eficiencia en la extrusión y moldeo por inyección, previene la acumulación en la matriz y mejora la dispersión de pigmentos y rellenos. También se utiliza en adhesivos termofusibles y sensibles a la presión, tintas y recubrimientos en polvo para controlar la viscosidad del fundido, aumentar la cohesión y resistencia, y optimizar los tiempos de apertura y fraguado. Usos adicionales abarcan betún y pinturas de señalización vial, compuestos de madera y plástico, mezclas de caucho, compuestos de cables y productos formulados de cera como pulimentos y ceras, donde incrementa el punto de ablandamiento, la dureza y la resistencia al agua.', '2026-02-06 04:00:33', '2026-02-11 17:42:15'),
(31, 'prod-rapeseed-oil', 'Aceite de colza', 'Aceite de colza prensado en frío y refinado de granjas del Reino Unido', 'Aceite de colza prensado en frío y refinado procedente de granjas del Reino Unido. Ideal para cocinar, asar y aderezar ensaladas. Bajo en grasas saturadas y rico en omega-3.', '2026-02-05 21:53:18', '2026-02-11 17:34:04'),
(32, 'prod-rapeseed-wax', 'Cera de colza', 'La cera de colza es una cera vegetal natural utilizada como alternativa ecológica en la fabricación de velas y cosméticos.', 'La cera de colza es una cera vegetal natural derivada del aceite de la planta de colza, comúnmente utilizada como una alternativa ecológica a la cera de parafina tradicional en la fabricación de velas y otras aplicaciones. Ofrece una combustión limpia y lenta, así como una buena retención de fragancia. La cera de colza se utiliza con frecuencia en la producción de velas y en la formulación de cosméticos naturales como bálsamos labiales, lociones y cremas, proporcionando propiedades hidratantes.', '2026-02-11 17:24:08', '2026-02-11 17:24:08'),
(33, 'prod-soap-noodles', 'Fideos de jabón', 'Los fideos de jabón son materias primas primarias para la fabricación de jabón, producidos por saponificación de aceites y grasas vegetales.', 'Los fideos de jabón, también conocidos como gránulos de jabón, son una de las materias primas principales utilizadas en la fabricación de jabón. Se producen mediante el procesamiento de aceites y grasas vegetales con hidróxido de sodio (lejía) a través de la saponificación. Los fideos de jabón son generalmente trozos o cuentas sólidas de color blanco o marfil, con un aroma suave y neutral. Están libres de impurezas y contienen una alta concentración de ácidos grasos que contribuyen a sus propiedades de limpieza y emulsificación.', '2026-02-11 17:40:44', '2026-02-11 17:40:44'),
(34, 'prod-soy-wax', 'Soja Wax', 'La cera de soja es una cera vegetal renovable hecha a partir de aceite de soja, popular para la fabricación de velas ecológicas.', 'La cera de soja es un tipo de cera vegetal derivada del aceite de soja. Es una alternativa popular a la cera de parafina tradicional, que proviene del petróleo. La cera de soja se considera una opción renovable, biodegradable y ecológica para la fabricación de velas. Se obtiene mediante la hidrogenación del aceite de soja, transformándolo en una forma sólida adecuada para velas. Generalmente, se presenta en forma de copos, que son fáciles de medir y derretir.', '2026-02-11 17:17:23', '2026-02-11 17:17:23'),
(35, 'prod-soybean-oil', 'Aceite de soja', 'Aceite de soja de alta calidad para uso industrial y culinario', 'El aceite de soja es un aceite vegetal versátil extraído de la soja, ampliamente utilizado para freír, hornear y aderezar ensaladas debido a su sabor neutro y su alto punto de humo.\nEs rico en grasas poliinsaturadas, incluyendo ácidos grasos omega‑3 y omega‑6, y proporciona vitamina K y vitamina E.\nEs perfecto para la fritura profunda, producción de margarina y aplicaciones alimentarias industriales. Refinado y desodorizado según estándares premium.', '2026-02-05 21:50:40', '2026-02-11 17:28:59'),
(36, 'prod-sunflower-oil', 'Aceite de girasol', 'Aceite de girasol refinado premium para cocinar y procesar alimentos', 'Nuestro aceite de girasol refinado premium es perfecto para cocinar, freír y aplicaciones de procesamiento de alimentos. Obtenido de semillas de girasol de calidad y refinado según los estándares más altos.', '2026-02-05 21:42:18', '2026-02-11 17:22:05');

--
-- Dumping data for table `products_fr`
--

INSERT INTO `products_fr` (`id`, `master_id`, `name`, `description`, `full_description`, `created_at`, `updated_at`) VALUES
(1, 'bdf424df-f9b0-4a79-84d6-f6ed1eb1e84f', 'Palme Olein', 'L\'oléine de palme est la fraction liquide de l\'huile de palme raffinée, appréciée comme huile de friture et de cuisson stable, offrant un goût neutre, une longue durée de friture et une texture croustillante pour les snacks, la restauration rapide et les applications domestiques.', 'L\'huile olein de palme est produite par fractionnement de l\'huile de palme raffinée, blanchie et désodorisée (RBD) afin d\'obtenir un liquide clair riche en acides oléique et palmitique, offrant un profil équilibré en acides gras avec une stabilité oxydative naturellement bonne. Son point de fumée élevé, sa résistance à l\'oxydation et à la formation de polymères, ainsi que sa faible tendance à développer des saveurs désagréables, permettent des cycles de friture répétés avec une dégradation de l\'huile réduite, moins de formation de mousse et une durée de conservation prolongée des produits finis.\n\nDans les applications alimentaires, l\'huile olein de palme est largement utilisée comme moyen de friture en profondeur pour les snacks, chips, poulet frit, nouilles instantanées et aliments surgelés déjà frits, ainsi que comme huile de cuisson ménagère polyvalente dans de nombreux marchés tropicaux. Elle sert également d\'huile de base dans des mélanges avec du soja, du tournesol ou d\'autres huiles végétales pour obtenir des profils nutritionnels et fonctionnels adaptés, et est utilisée dans la margarine, les graisses de boulangerie et les systèmes de friture en restauration où la performance stable et la saveur neutre sont essentielles.', '2026-02-11 17:14:57', '2026-02-11 17:14:57'),
(2, 'prod-beeswax', 'Cire d\'abeille', 'Cire d\'abeille pure naturelle pour la cosmétique et la fabrication de bougies', 'Cire d\'abeille 100% naturelle issue d\'apiculteurs éthiques. Parfaite pour la fabrication de cosmétiques, de bougies et d\'applications alimentaires. Disponible en différentes qualités.', '2026-02-05 21:56:48', '2026-02-11 17:29:40'),
(3, 'prod-bw101-palm-wax', 'Cire de palmier', 'Cire de palme Premium à 100 % avec une couleur jaune crémeuse, idéale pour la fabrication de bougies. Certifiée RSPO SG (Segregated) / MB (Mass balance).', 'Cire de palm 100 % de qualité premium avec une jolie couleur jaune crémeux. Certifiée RSPO MB pour la durabilité. Idéale pour la fabrication de bougies, le moulage et les bougies en contenant.', '2026-02-05 22:03:54', '2026-02-11 17:45:15'),
(4, 'prod-bw105-palm-wax', 'Palme Shortenings (Point de fusion faible)', 'Graisse de palme solide est une graisse semi-solide, non hydrogénée, dérivée d\'huile de palme fractionnée, offrant une stabilité supérieure et une saveur neutre.', 'Palm Shortening est une graisse semi-solide, non hydrogénée, dérivée de l\'huile de palme fractionnée, offrant une stabilité supérieure et une saveur neutre.  \nParfait pour les applications de boulangerie — il crée des pâtisseries feuilletées, des gâteaux tendres et des aliments frits croustillants avec un point de fumée élevé.  \nUne alternative économique et résistante à l\'oxydation au beurre ou au lard dans la pâtisserie industrielle.', '2026-02-05 22:08:11', '2026-02-11 17:30:54'),
(5, 'prod-bw10510-blended-wax', 'Cire mélangée à la paraffine Palm-Paraffin pour bougies en pot', 'Mélange de bougie en jarre à faible point de fusion prêt à l\'emploi : Palm-Paraffin-Microcrystalline avec Polyboost™, Vybar®, stabilisateurs UV — il ne suffit que d\'ajouter de la couleur et du parfum pour une adhérence supérieure au verre et une diffusion maximale.', 'Mélange de bougie en jarre à point de fusion faible de Bio Green Wax (48-50°C) et (50-52°C)—formulation Palm-Paraffin-Microcristallin optimisée pour contenants en verre. Prêt à l\'emploi : il suffit d\'ajouter de la couleur et du parfum. Inclut Polyboost/Vybar pour l\'opacité/l\'adhérence, stabilisants UV/antioxydants pour la durée de conservation, ainsi que des agents de fixation du parfum offrant une excellente diffusion à chaud et à froid, une combustion sans plis, et une meilleure rétention dans le pot pour des bougies en conteneur haut de gamme.', '2026-02-06 03:35:30', '2026-02-11 17:37:01'),
(6, 'prod-bw10555-blended-wax', 'Mélange de cire végétalienne à base de soja', 'Mélange végétalien prêt à l\'emploi à 95 % de soja de Bio Green Wax — entièrement à base de plantes, conçu pour bougies en Jar (48-52°C) & Pillar (56-62°C). Ajoutez simplement couleur et parfum.', 'Le mélange vegan Bio Green Wax, composé à 95 % de cire de soja (avec 5 % d\'additifs végétaux), offre une combustion propre et une performance naturelle pour les bocaux en verre et les piliers autonomes. Disponible en point de fusion bas (48-52°C) pour les contenants et en point de fusion élevé (56-62°C) pour les piliers. Prêt à l\'emploi : il suffit d\'ajouter votre couleur et votre fragrance pour une diffusion exceptionnelle et une finition lisse.', '2026-02-06 03:42:52', '2026-02-11 17:31:43'),
(7, 'prod-bw10610-blended-wax', 'Cire mélangée paraffine-palmier pour bougies en colonne', 'Cierges de colonne haute température prêtes à l\'emploi (56-58°C & 58-60°C) : mélange de palme-paraffine-microcristalline avec Polyboost™, Vybar®, stabilisateurs UV — il ne vous reste qu\'à ajouter de la couleur et du parfum pour une performance supérieure de votre candle pillar.', 'Les mélanges de bougies en colonne à point de fusion élevé Bio Green wax (56-58°C & 58-60°C) — formulations Palm-Paraffin-Microcristallin conçues pour des bougies en colonne indépendantes. Prêts à l\'emploi : il suffit d\'ajouter la couleur et le parfum. Optimisés avec Polyboost/Vybar pour le démoulage et l\'opacité, des stabilisateurs UV/antioxydants pour une durée de conservation prolongée, ainsi que des agents de retention du parfum, offrant une diffusion exceptionnelle à chaud et à froid, une excellente tenue de la forme en colonne, et une combustion propre.', '2026-02-06 03:39:05', '2026-02-11 17:37:51'),
(8, 'prod-bw10655-blended-wax', 'Mélange de cire d\'abeille, paraffine et paraffine', 'Mélange prêt à l\'emploi de soja, cire d\'abeille et paraffine de Bio Green Wax—ressort de parfum ultime pour bougies en verre (48-52 °C) et en colonne (56-62 °C). Il suffit d\'ajouter du parfum et de la couleur.', 'Le mélange Bio Green Wax à base de soja, cire d\'abeille et paraffine allie la douceur naturelle du soja, la stabilité de la cire d\'abeille et la puissance parfumée de la paraffine pour une performance fragrance inégalée. Son point de fusion bas (48-52°C) convient parfaitement aux contenants en verre ; son point de fusion élevé (56-62°C) est idéal pour les piliers. Formulation prête à l\'emploi — il suffit d\'ajouter parfum et colorant pour une diffusion chaude/froide supérieure et une finition de bougie impeccable.', '2026-02-06 03:46:31', '2026-02-11 17:32:32'),
(9, 'prod-bw8307-blended-wax', 'Mélange de cire de noix de coco et de colza', 'Mélange prêt à l\'emploi de Coconut-Rapeseed de Bio Green Wax—performance naturelle crémeuse pour bougies en Jar (48-52°C) et en Pillar (56-62°C). Ajoutez seulement la couleur et le parfum.', 'Le mélange de cire Bio Green Wax à base de noix de coco et de colza combine la texture crémeuse de la cire de noix de coco et la combustion douce de la cire de colza pour des performances exceptionnelles de bougie naturelle. Point de fusion bas (48-52°C) optimisé pour les bougies en conteneur ; point de fusion élevé (56-62°C) pour les bougies à tige. Entièrement prêt à l’emploi — il suffit d’ajouter la couleur et le parfum de votre choix pour des résultats professionnels et propres à brûler.', '2026-02-06 03:50:11', '2026-02-11 17:33:23'),
(10, 'prod-carnauba-wax', 'Cire de Carnauba', 'Cire de carnauba brésilienne premium pour polishes et revêtements', 'Cire de carnauba brésilienne de qualité supérieure, connue sous le nom de « reine des cires ». Idéale pour la polissage de voitures, la cosmétique et les revêtements alimentaires. Point de fusion naturel le plus élevé.', '2026-02-05 21:59:49', '2026-02-11 17:30:16'),
(11, 'prod-castor-oil', 'Huile de ricin', 'Huile de ricin pressée à froid de qualité premium, extraite des graines de Ricinus communis, largement utilisée dans les produits pharmaceutiques, les cosmétiques et les applications industrielles.', 'Bio Green Wax fournit de l\'huile de ricin de haute qualité, une huile végétale polyvalente obtenue par pressing des graines de la plante Ricin commun (Ricinus communis). Connue pour sa composition chimique unique, riche en acide ricinoléique (environ 85–90 %), l\'huile de ricin présente une viscosité, une lubrification et des propriétés hydratantes exceptionnelles qui la rendent indispensable dans une large gamme d\'industries.\n\nNotre huile de ricin est soigneusement sélectionnée et transformée pour répondre aux normes les plus strictes de pureté et de constance. Elle est disponible en pressée à froid (vierge) et en grades raffinés, adaptées aux applications pharmaceutiques, cosmétiques et industrielles. La stabilité remarquable de l\'huile et sa solubilité dans l\'alcool la distinguent des autres huiles végétales, en faisant un ingrédient privilégié dans les formulations nécessitant des performances supérieures.\n\nL\'huile de ricin est naturellement biodégradable et issue de ressources renouvelables, s\'inscrivant dans l\'engagement de Bio Green Wax en faveur d\'une approvisionnement durable et responsable sur le plan environnemental.', '2026-02-11 17:15:59', '2026-02-11 17:15:59'),
(12, 'prod-coconut-oil', 'Huile de noix de coco', 'Huile de noix de coco vierge et raffinée pour les applications alimentaires et cosmétiques', 'Huile de noix de coco vierge et raffinée de qualité premium, adaptée à la cuisson, à la pâtisserie et aux applications cosmétiques. Disponible en différentes qualités pour répondre à vos besoins spécifiques.', '2026-02-05 21:49:44', '2026-02-11 17:16:49'),
(13, 'prod-coconut-wax', 'Cire de noix de coco', 'La cire de noix de coco est une cire naturelle obtenue à partir de l\'huile de noix de coco, prisée pour ses bougies à combustion propre et ses applications respectueuses de l\'environnement.', 'La cire de noix de coco est une cire naturelle dérivée de l\'huile de noix de coco, reconnue pour sa combustion propre et lente dans la fabrication de bougies. Elle est souvent considérée comme une alternative durable à d\'autres cires. La cire de noix de coco est appréciée pour ses caractéristiques écologiques et sa capacité à bien retenir le parfum. Elle provient d\'une ressource naturelle et renouvelable, offrant une combustion propre et lente pour des bougies plus durables et plus performantes.', '2026-02-11 17:25:36', '2026-02-11 17:25:36'),
(14, 'prod-fr5456-paraffin-wax', 'Cire de paraffine semi- raffinée (50-68°C)', 'Bio Green Wax Paraffine Semi-Raffinée (50-68°C)—coût-efficace avec 1-5 % de teneur en huile, pour bougies, caoutchouc, textiles et applications industrielles à gros volume.', 'Les paraffines semi-refinées de Bio Green Wax (50-68°C) offrent une performance économique avec une teneur en huile contrôlée (1-5%) pour une dureté flexible. Les grades standards : 52/54°C (bougies), 56/58°C (colonnes), 60/62°C (industriel). Parfaites pour la fabrication de bougies à budget modéré, les agents de traitement du caoutchouc, le finissage textile et les revêtements d\'emballage en vrac où l\'équilibre entre performance et prix est essentiel.', '2026-02-06 04:04:26', '2026-02-11 17:23:27'),
(15, 'prod-glycerine', 'Glycérine', 'La glycérine est un liquide incolore, inodore et visqueux, largement utilisé dans l\'industrie pharmaceutique, la cosmétique et l\'alimentation.', 'La glycérine, également connue sous le nom de glycérol ou glycerine, est un liquide incolore, inodore et visqueux, au goût sucré. C\'est un liquide clair et sirupeux, généralement incolore, bien qu\'il puisse avoir une teinte légèrement jaunâtre. La glycérine possède une viscosité élevée, ce qui signifie qu\'elle s\'écoule lentement et est relativement épaisse. Elle a une consistance semblable à celle du sirop, ce qui contribue à sa capacité à retenir l\'humidité. La glycérine trouve une utilisation extensive dans les domaines pharmaceutique, cosmétique, de la transformation alimentaire et dans diverses applications industrielles.', '2026-02-11 17:19:28', '2026-02-11 17:19:28'),
(16, 'prod-hydrogenated-castor-oil', 'Huile de Ricin Hydrogénée', 'L\'huile de ricin hydrogénée est un dérivé solide cireux de l\'huile de ricin, utilisé dans les cosmétiques, les produits pharmaceutiques et les applications industrielles.', 'L\'huile de ricin hydrogénée, également connue sous le nom de cire de ricin ou flocons de cire de ricin, est un dérivé de l\'huile de ricin qui subit un processus d\'hydrogénation. Cela implique l\'ajout d\'hydrogène aux molécules d\'huile de ricin, ce qui donne une substance solide et cireuse. Elle est utilisée dans des produits cosmétiques et de soin personnel comme les rouges à lèvres, crèmes et lotions, en tant qu\'émollient pour apporter douceur et hydratation à la peau. Elle agit également comme agent liant dans les formulations cosmétiques, aidant les ingrédients à se fixer ensemble et à adhérer à la peau.', '2026-02-11 17:24:53', '2026-02-11 17:24:53'),
(17, 'prod-microcrystalline-wax', 'Cire microcristalline', 'Cire microcristalline flexible pour cosmétiques et adhésifs', 'Cire microcristalline flexible idéale pour les cosmétiques, les adhésifs thermofusibles et les revêtements spéciaux. Flexibilité supérieure et propriétés de liaison exceptionnelles.', '2026-02-06 03:57:05', '2026-02-11 17:22:48'),
(18, 'prod-olive-oil', 'Huile d\'olive', 'Huile d\'olive pure de qualité premium, extraite à froid d\'olives méditerranéennes sélectionnées pour des applications culinaires, cosmétiques et industrielles.', 'Notre huile d\'olive pure de qualité supérieure est obtenue par pression à froid à partir d\'olives méditerranéennes soigneusement sélectionnées, garantissant une qualité exceptionnelle et une saveur riche. Utilisée largement dans la préparation de repas, les cosmétiques, les produits pharmaceutiques et les soins personnels, l\'huile d\'olive est prisée pour ses bienfaits pour la santé, ses propriétés antioxydantes et ses applications polyvalentes. Bio Green Wax source une huile d\'olive qui respecte des normes internationales de qualité strictes, assurant une pureté et des performances constantes dans toutes ses utilisations.', '2026-02-11 17:41:31', '2026-02-11 17:41:31'),
(19, 'prod-palm-kernel-oil', 'Huile de son de palme', 'L\'huile de noyau de palmier à huile est extraite du noyau du fruit du palmier à huile, et elle est utilisée dans les produits alimentaires, les cosmétiques et les applications industrielles.', 'L\'huile de noyau de palmiste est dérivée du noyau du fruit du palmier à huile et possède des propriétés physiques distinctes. Elle est généralement solide de couleur jaune clair à blanche à température ambiante, mais fond pour devenir un liquide clair, jaunâtre lorsqu\'elle est chauffée. Son point de fusion varie de 23 à 28 degrés Celsius (73 à 82 degrés Fahrenheit). L\'huile de noyau de palmiste est riche en acide laurique et est largement utilisée dans la fabrication alimentaire, la cosmétique et la production de savon.', '2026-02-11 17:21:21', '2026-02-11 17:21:21'),
(20, 'prod-palm-kernel-olein', 'Palme Kernel Oléine', 'Palme raffinée premium oleïne d\'amande de palmiste, la fraction liquide obtenue par fractionnement de l\'huile de palmiste, appréciée pour sa clarté exceptionnelle, son point de nuage faible et son utilisation polyvalente dans les industries alimentaires, des produits de soin personnel et de l\'oléochimie.', 'Bio Green Wax fournit de l\'oléine de pépin de palmiste de haute qualité (PKOo), la fraction liquide produite par lafractionnement contrôlé de l\'huile de pépin de palmiste raffinée. Lorsque l\'huile de pépin de palmiste est refroidie dans des conditions précises, elle se sépare en une fraction solide (palmiste de pépin de palmiste) et une fraction liquide (oléine de pépin de palmiste). L\'oléine résultante est une huile claire, de couleur pâle, avec un point de fusion faible et une excellente fluidité.\n\nL\'oléine de pépin de palmiste est riche en acide laurique (C12) et en acides gras à chaîne moyenne caprique/caprylique, lui conférant une grande clarté, une absorption rapide et une sensation légère et non-grasse. Ces caractéristiques en font un ingrédient très recherché dans l\'industrie alimentaire en tant qu\'huile de cuisson, médium de friture, et composant dans les crèmes non laitières, glaces et formulations de lait écrémé.\n\nDans le secteur des soins personnels et de la cosmétique, l\'oléine de pépin de palmiste est largement utilisée comme huile de base dans les lotions, crèmes, shampoings et savons liquides en raison de ses excellentes propriétés émollientes et de sa compatibilité avec la peau. Elle sert également de matière première clé dans la production d\'oléochimie, produisant des acides gras, des esters méthyliques et des tensioactifs utilisés dans les détergents et produits de nettoyage.\n\nBio Green Wax source son oléine de pépin de palmiste auprès de chaînes d\'approvisionnement certifiées RSPO, garantissant une traçabilité totale et une conformité aux engagements en matière d\'huile de palme durable. Le produit est disponible sous forme raffinée, décolorée et désodorisée (RBD), conforme à des normes de qualité internationales strictes.', '2026-02-11 17:45:58', '2026-02-11 17:45:58'),
(21, 'prod-palm-kernel-stearin', 'Stéarine de noyau de palmier', 'Stéarine de noyau de palmier de haute qualité, la fraction solide obtenue par fractionnement de l\'huile de noyau de palmier, appréciée pour son profil de fonte précis et sa dureté exceptionnelle dans les applications confiserie, cosmétique et oléochimique.', 'Bio Green Wax fournit du stéarine de pépin de palmier de qualité supérieure (PKS), la fraction solide à point de fusion plus élevé produite par la fractionation contrôlée de l\'huile de pépin de palmier raffinée. Lors de la fractionation, l\'huile de pépin de palmier est séparée en deux composants : l\'oléine de pépin de palmier (la fraction liquide) et la stéarine de pépin de palmier (la fraction solide). La stéarine ainsi obtenue est une graisse allant du blanc au beige, avec un point de fusion caractéristiquement élevé et une texture ferme.\n\nLa stéarine de pépin de palmier est riche en acide laurique (C12) et en acide myristique (C14), ce qui lui confère une excellente dureté, une cristallisation rapide et un profil de fusion net. Ces propriétés en font un ingrédient idéal pour les substituts de beurre de cacao (CBS), les enrobages de chocolat à compound, les garnitures de confiserie et les graisses de spécialité nécessitant un fini à cassant et brillant.\n\nAu-delà des applications alimentaires, la stéarine de pépin de palmier sert de matière première précieuse dans l\'industrie oléochimique pour la production d\'acides gras, d\'alcools gras, de nouilles de savon et de tensioactifs. Dans les soins personnels et la cosmétique, elle contribue au corps et à la structure des crèmes, laits, et formulations solides.\n\nBio Green Wax sourcing sa stéarine de pépin de palmier auprès de filières certifiées RSPO, garantissant une traçabilité complète et le respect des engagements en matière d\'huile de palme durable. Le produit est disponible sous forme raffinée, blanchi et déodorisée (RBD), répondant aux normes internationales de qualité pour un usage alimentaire et technique.', '2026-02-11 17:20:19', '2026-02-11 17:20:19'),
(22, 'prod-palm-oil', 'Huile de palme', 'Huile de palme et dérivés de palme issus de sources durables', 'Huiles de palme et dérivés de palmier issus de sources durables pour la fabrication alimentaire, la production de savon et de détergents. Options certifiées RSPO disponibles.', '2026-02-05 21:50:40', '2026-02-11 17:28:23'),
(23, 'prod-palm-shortenings', 'Graisses Palm (point de fusion élevé)', 'Les shortening de palm à point de fusion élevé (46–52 °C) sont des graisses de pâtisserie et de friture spécialisées, élaborées à partir d\'huile de palme fractionnée, conçues pour offrir une structure solide, une saveur propre et une excellente stabilité à la chaleur dans des applications industrielles exigeantes.', 'Les shortenings à point de fusion élevé dans la gamme de 46 à 52 °C sont formulés à partir de palm stearin et de fractions moyennes pour offrir une teneur élevée en matières grasses solides, une texture ferme et un réseau cristallin stable à température ambiante et à des températures plus élevées. Cette gamme de fusion plus élevée offre une résistance thermique supérieure, une stabilité oxydative et une réduction de l\'oiling‑out, ce qui les rend particulièrement adaptés aux climats tropicaux et aux lignes de traitement à haute température.\n​\n\nDans les applications boulangères, ces shortenings assurent une bonne aération, lamination et croquant, soutenant des croûtes de tartes feuilletées, des pâtisseries feuilletées, des crackers à la crème, des biscuits et des biscuits, tout en conservant leur forme et leur texture en conditions chaudes. Ils sont également utilisés comme matières grasses robustes pour la friture et la pâte, ainsi que comme substituts de la graisse animale dans les produits carnés, où leur structure ferme, leur stabilité d’émulsion et leur profil sans trans, non hydrogéné, contribuent à obtenir une texture cohérente, une libération de saveur propre et des formulations respectueuses de l’étiquetage.', '2026-02-11 17:27:30', '2026-02-11 17:27:30'),
(24, 'prod-palm-stearic-acid', 'Acide stéarique de palm', 'L\'acide stéarique de palme est un acide gras saturé dérivé de l\'huile de palme, utilisé en cosmétique, dans la fabrication de bougies et de caoutchouc.', 'L\'acide stéarique de palme est un type d\'acide gras dérivé de l\'huile de palme, obtenu par séparation et cristallisation des acides gras. C\'est un acide gras saturé connu pour sa stabilité et sa forme solide à température ambiante. L\'acide stéarique de palme a une apparence cireuse allant du blanc au jaune légèrement tacheté. Il a un point de fusion généralement compris entre 55 et 70 degrés Celsius (131-158 degrés Fahrenheit), ce qui lui permet de s\'incorporer facilement dans diverses formulations pour la cosmétique, les bougies et les produits en caoutchouc.', '2026-02-11 17:39:20', '2026-02-11 17:39:20'),
(25, 'prod-palm-stearin', 'Stéarine de palme', 'Le palm stearin est la fraction solide de l\'huile de palme, couramment utilisée dans la fabrication alimentaire, la production de bougies et la savonnerie.', 'Le palmiste est une fraction solide d\'huile de palme obtenue par procédé de fractionnement, reconnu pour sa teneur élevée en acides gras saturés. C\'est une graisse solide à température ambiante, de couleur crème à jaune pâle, avec une texture lisse et cireuse. Le palmiste a un point de fusion plus élevé que l\'huile de palme. Il est couramment utilisé dans l\'industrie alimentaire pour stabiliser les graisses, produire de la margarine, ainsi que dans la fabrication de bougies et de savon.', '2026-02-11 17:38:37', '2026-02-11 17:38:37'),
(26, 'prod-paraffin-wax', 'Cire de paraffine entièrement raffinée (50-68°C)', 'Bio Green Wax Paraffine entièrement raffinée (50-68°C) — qualité alimentaire/pharmaceutique, <0,5 % d\'huile, dureté supérieure. Parfait pour les bougies, les cosmétiques, l\'emballage et les applications industrielles de précision.', 'Les cires paraffine entièrement raffinées de Bio Green Wax (points de fusion de 50-68°C) présentent une teneur en huile ultra-faible (<0,5%), une dureté exceptionnelle et une odeur/couleur neutres. Disponibles en grades pour bougies (52/54°C, 56/58°C), en grades pour contenants (50/52°C), et en grades pour piliers à haute fusion (64/66°C). Idéales pour les bougies premium, les cosmétiques, les revêtements pour emballages alimentaires et le moulage de précision nécessitant une pureté maximale et une cohérence de performance.', '2026-02-06 03:54:04', '2026-02-11 17:43:13'),
(27, 'prod-pf56-synthetic-wax', 'Cire Fischer-Tropsch (FT)', 'La cire de Fischer‑Tropsch (FT) est une cire paraffinée synthétique de haute pureté produite à partir de syngaz, offrant un point de fusion élevé, une faible viscosité et une excellente dureté pour des applications exigeantes dans les plastiques, les revêtements, les encres, les adhésifs et la modification du bitume', 'La cire FT est produite via la synthèse Fischer‑Tropsch, ce qui donne une cire blanc lait, ultra-propre, avec une distribution étroite de chaînes de carbone, une teneur en huile très faible et une stabilité thermique exceptionnelle. Elle combine un point de fusion élevé avec une faible viscosité de fusion et une dureté forte, offrant une résistance aux griffures supérieure, un contrôle du gloss, des effets de matification et une lubrification dans de nombreuses formulations.\n\nDans la transformation des plastiques et du PVC/CPVC, la cire FT agit comme un lubrifiant interne et externe efficace ainsi qu’un aide au traitement, en réduisant la viscosité du melt, en améliorant l’écoulement, et en favorisant le démoulage et la stabilité dimensionnelle. Elle est largement utilisée dans les adhésifs thermofusibles et sensibles à la pression, les encres d’imprimerie et les coatings industriels pour augmenter la dureté, la résistance à l’abrasion et aux rayures, la résistance à la blocage, et la stabilité contre l settling tout en stabilisant la viscosité. Parmi ses applications clés figurent également la modification de bitume et d’asphalte, la fabrication de masterbatches et la compounding de polymères, la transformation du caoutchouc, les polish, les textiles, et même les formulations cosmétiques, où la cire FT offre une cristallinité contrôlée, une résistance améliorée à l’usure et aux plis, ainsi qu’une sensation douce au toucher.', '2026-02-06 04:15:41', '2026-02-11 17:44:05'),
(28, 'prod-pfad', 'PFAD (Palm Fatty Acid Distillate)', 'PFAD est un sous-produit de la raffinage d\'huile de palme, utilisé dans la fabrication de savons, l\'alimentation animale et la production de biocarburants.', 'Distillat d\'acides gras de palmier (PFAD) est un sous-produit du processus de raffinage de l\'huile de palme. Il est obtenu par distillation de l\'huile de palme brute afin d\'éliminer les impuretés et d\'atteindre un niveau de pureté supérieur. Le PFAD est un liquide de couleur brun jaunâtre, avec une odeur caractéristique. Il contient un mélange d\'acides gras saturés et insaturés, les acides gras prédominants étant l\'acide laurique, l\'acide myristique et l\'acide palmitique. Le PFAD est utilisé dans la fabrication de savon, l\'alimentation animale et la production de biocarburant.', '2026-02-11 17:26:21', '2026-02-11 17:26:21'),
(29, 'prod-pkfad', 'Distillat d\'acides gras de palm kernel (PKFAD)', 'PKFAD est un sous-produit de la raffinage de l\'huile de pépin de palmiste, riche en acide laurique, utilisé dans les industries de la lessive et des oléochimiques.', 'Distillat d\'acides gras de noix de palme (PKFAD) est un sous-produit obtenu lors du raffinage de l\'huile de noix de palme. Il est riche en acides gras, notamment en acide laurique, ce qui le rend précieux pour certaines applications industrielles. Le PKFAD est utilisé dans diverses applications industrielles, notamment la fabrication de savon, la production de biocarburants, et comme matière première dans l\'industrie oléochimique.', '2026-02-11 17:40:04', '2026-02-11 17:40:04'),
(30, 'prod-polyethylene-wax', 'Cire de polyéthylène (cire PE)', 'est un polyéthylène à faible poids moléculaire utilisé comme lubrifiant haute performance et agent de traitement dans les plastiques, revêtements, encres et adhésifs, améliorant la fluidité, le glissement de surface et la résistance aux rayures.', 'Les cires de polyethylene sont des cires synthétiques finement divisées, à point de fusion élevé, avec une faible viscosité, une excellente stabilité thermique et une forte compatibilité avec les polymères courants tels que le PVC, le PE, le PP et l\'EVA. Elles offrent une lubrification interne et externe, réduisent la viscosité de fusion et la friction, améliorent le dévaillage des moules, et procurent une surface lisse, brillante et résistante aux rayures.\n​\n\nLes applications clés incluent le traitement des plastiques et des masterbatches, où la cire de PE améliore l\'efficacité de l\'extrusion et du moulage par injection, empêche l\'accumulation dans les matrices, et favorise une meilleure dispersion des pigments et des charges. Elle est également utilisée dans les adhésifs thermofusibles et sensibles à la pression, les encres, et les revêtements en poudre pour contrôler la viscosité de fusion, augmenter la cohésion et la résistance, ainsi qu\'optimiser les temps d\'ouverture et de fixation. D\'autres usages concernent le bitume et les peintures de marquage routier, les composites bois-plastique, la compound de caoutchouc, les composés de câbles, et les produits à base de cire formulés tels que les polishes et les crayons, où elle augmente le point de ramollissement, la dureté et la résistance à l\'eau.', '2026-02-06 04:00:45', '2026-02-11 17:42:18'),
(31, 'prod-rapeseed-oil', 'Huile de colza', 'Huile de colza pressée à froid et raffinée provenant des fermes du Royaume-Uni', 'Huile de colza pressée à froid et raffinée provenant de fermes du Royaume-Uni. Idéale pour la cuisson, la torréfaction et les vinaigrettes. Faible en acides gras saturés et riche en oméga-3.', '2026-02-05 21:53:31', '2026-02-11 17:34:06'),
(32, 'prod-rapeseed-wax', 'Cire de colza', 'La cire de colza est une cire végétale naturelle utilisée comme alternative écologique dans la fabrication de bougies et les cosmétiques.', 'La cire de colza est une cire végétale naturelle dérivée de l\'huile de la plante de colza, souvent utilisée comme alternative écologique à la cire de paraffine traditionnelle dans la fabrication de bougies et d\'autres applications. Elle offre une combustion propre et lente, ainsi qu\'une bonne rétention des fragrances. La cire de colza est fréquemment utilisée dans la production de bougies et dans la formulation de cosmétiques naturels tels que les baumes à lèvres, les lotions et les crèmes, apportant des propriétés hydratantes.', '2026-02-11 17:24:11', '2026-02-11 17:24:11'),
(33, 'prod-soap-noodles', 'NOUILLES DE SAVON', 'Les nouilles de savon sont des matières premières primaires pour la fabrication du savon, produites par saponification des huiles et graisses végétales.', 'Les filaments de savon, également appelés granules de savon, constituent l\'une des matières premières principales utilisées dans la fabrication du savon. Ils sont produits en traitant des huiles et graisses végétales avec de l\'hydroxyde de sodium (lessive) par saponification. Les filaments de savon sont généralement des morceaux ou des perles solides de couleur blanche ou cassie, avec un arôme doux et neutre. Ils sont exempts d\'impuretés et contiennent une concentration élevée d\'acides gras qui contribuent à leurs propriétés nettoyantes et émulsifiantes.', '2026-02-11 17:40:47', '2026-02-11 17:40:47'),
(34, 'prod-soy-wax', 'Cire de soja', 'La cire de soja est une cire végétale renouvelable composée d\'huile de soja, populaire pour la fabrication de bougies écologiques.', 'La cire de soja est un type de cire végétale dérivée de l\'huile de soja. C\'est une alternative populaire à la cire de paraffine traditionnelle, qui est issue du pétrole. La cire de soja est considérée comme une option renouvelable, biodégradable et respectueuse de l\'environnement pour la fabrication de bougies. Elle est obtenue en hydrogénant l\'huile de soja, la transformant en une forme solide adaptée à la fabrication de bougies. Elle se présente généralement sous forme de flocons, faciles à mesurer et à faire fondre.', '2026-02-11 17:17:26', '2026-02-11 17:17:26'),
(35, 'prod-soybean-oil', 'Huile de soja', 'Huile de soja de haute qualité pour usage industriel et culinaire', 'L\'huile de soja est une huile végétale polyvalente extraite des graines de soja, largement utilisée pour la friture, la cuisson au four et les vinaigrettes en raison de sa saveur neutre et de son point de fumée élevé.\nElle est riche en acides gras polyinsaturés, notamment en oméga‑3 et oméga‑6, et fournit de la vitamine K et de la vitamine E.\nElle est idéale pour la friture profonde, la fabrication de margarine et les applications alimentaires industrielles. Raffinée et désodorisée selon des normes premium.', '2026-02-05 21:50:40', '2026-02-11 17:29:03'),
(36, 'prod-sunflower-oil', 'Huile de tournesol', 'Huile de tournesol raffinée de qualité premium pour la cuisson et la transformation alimentaire', 'Notre huile de tournesol raffinée de qualité supérieure est parfaite pour la cuisson, la friture et les applications de transformation alimentaire. Provenant de graines de tournesol de qualité et raffinée selon les normes les plus strictes.', '2026-02-05 21:42:27', '2026-02-11 17:22:07');

--
-- Dumping data for table `products_it`
--

INSERT INTO `products_it` (`id`, `master_id`, `name`, `description`, `full_description`, `created_at`, `updated_at`) VALUES
(1, 'bdf424df-f9b0-4a79-84d6-f6ed1eb1e84f', 'Palm Olein', 'La palm oleina è la frazione liquida dell\'olio di palma raffinato, apprezzata come olio stabile per friggere e cucinare che offre un gusto neutro, una lunga durata nella frittura e una consistenza croccante per snack, fast‑food e applicazioni domestiche.', 'Il olein di palma viene prodotto mediante frazionamento dell\'olio di palma raffinato, decolorato e deodorato (RBD) per ottenere un liquido limpido ricco di acidi oleico e palmitico, offrendo un profilo di acidi grassi equilibrato con una buona stabilità ossidativa naturale. Il suo alto punto di fumo, la resistenza all\'ossidazione e alla formazione di polimeri, e la bassa tendenza a sviluppare odori sgradevoli, permettono cicli di frittura ripetuti con una ridotta degradazione dell\'olio, meno formazione di schiuma e una vita più lunga dei prodotti finiti.\n\nNelle applicazioni alimentari, l\'olein di palma è ampiamente utilizzato come mezzo di frittura profonda per snack, patatine, pollo fritto, pasta istantanea e alimenti surgelati precotti, così come come olio da cucina di uso generale nei mercati tropicali. Serve anche come olio di base in miscele con soia, girasole o altri oli vegetali per ottenere profili nutrizionali e funzionali su misura, ed è impiegato in margarine, cereali da forno e sistemi di frittura professionale dove è fondamentale una performance stabile e un sapore pulito.', '2026-02-11 17:15:41', '2026-02-11 17:15:41'),
(2, 'prod-beeswax', 'Cera d\'api', 'Cera d\'api pura e naturale per cosmetici e produzione di candele', 'Cera d\'api pura e naturale proveniente da apicoltori etici. Perfetta per cosmetici, candlemaking e applicazioni alimentari. Disponibile in diverse qualità.', '2026-02-11 17:30:05', '2026-02-11 17:30:05'),
(3, 'prod-bw101-palm-wax', 'Cera di Palma', 'Cera di palma premium al 100% di colore giallo-crema, ideale per la produzione di candele. Certificata RSPO SG (Segregated) / MB (Mass balance).', 'Cera di palma Premium al 100% con un bellissimo colore giallo crema. Certificata RSPO MB per la sostenibilità. Ideale per la produzione di candele, stampaggi e candele in contenitore.', '2026-02-11 17:45:44', '2026-02-11 17:45:44'),
(4, 'prod-bw105-palm-wax', 'Oliature di palma (punto di fusione basso)', 'Palm Shortening è un grasso semi-solido, non idrogenato, derivato da olio di palma frazionato, che offre una stabilità superiore e un sapore neutro.', 'Palm Shortening è un grasso semisolido, non idrogenato, derivato dall\'olio di palma frazionato, che offre una stabilità superiore e un sapore neutro.  \nPerfetto per applicazioni da forno—crea pasticcini sfogliati, torte morbide e cibi fritti croccanti con un punto di fumo elevato.  \nAlternativa economica e resistente all’ossidazione a burro o strutto nella panificazione industriale.', '2026-02-11 17:31:31', '2026-02-11 17:31:31'),
(5, 'prod-bw10510-blended-wax', 'Cera a base di paraffina e paraffina palmare per candele in barattolo', 'Miscela di candele in barattolo Low MP pronta all\'uso: Palm-Paraffin-Microcrystalline con Polyboost™, Vybar®, stabilizzatori UV—basta aggiungere colore e fragranza per un\'adesione superiore al vetro e una diffusione massima.', 'La miscela di cera in barattolo con punto di fusione basso Bio Green Wax (48-50°C) e (50-52°C)— formulazione a base di Palm-Paraffin-Microcristallino ottimizzata per contenitori in vetro. Pronta all\'uso: basta aggiungere colore e fragranza. Include Polyboost/Vybar per opacità e adesione, stabilizzatori UV/antiossidanti per la durata, oltre a agenti per la ritenzione della fragranza che garantiscono una straordinaria diffusione di calore/freddo, una combustione senza grinze e una superiore ritenzione nel barattolo per candele di alta qualità in contenitori premium.', '2026-02-11 17:37:38', '2026-02-11 17:37:38'),
(6, 'prod-bw10555-blended-wax', 'Miscela di cere vegane a base di soia', 'Miscela vegana al 95% di soia pronta all\'uso da Bio Green Wax—puramente a base vegetale per candele in <Jar> (48-52°C) e <Pillar> (56-62°C). Basta aggiungere colore e fragranza.', 'La miscela vegana Bio Green Wax al 95% di cera di soia (5% di additivi vegetali) garantisce prestazioni naturali e brucia pulito, ideale per contenitori di vetro e candelabri autoportanti. Disponibile con punto di fusione basso (48-52°C) per contenitori e con punto di fusione alto (56-62°C) per candelabri. Pronta all\'uso: basta aggiungere il colore e la fragranza per un\'ottima diffusione e una finitura liscia.', '2026-02-11 17:32:19', '2026-02-11 17:32:19'),
(7, 'prod-bw10610-blended-wax', 'Cera a miscela di paraffina e palmà per candele a colonna', 'Candele a colonna High MP pronte all\'uso (56-58°C e 58-60°C): miscela di palm-paraffina-microcristallina con Polyboost™, Vybar®, stabilizzatori UV—aggiungi solo colore e profumo per prestazioni superiori della candela a colonna.', 'Bio Green wax\'s High Melting Point Pillar Candle Blends (56-58°C e 58-60°C)—Formulazioni Palm-Paraffin-Microcrystalline appositamente studiate per candele colonne autofusanti. Pronte all\'uso: basta aggiungere colore e profumo. Ottimizzate con Polyboost/Vybar per facilitare il distacco dagli stampi e per l\'opacità, stabilizzatori UV/antiossidanti per una durata più lunga, oltre ad agenti di trattenimento della fragranza che garantiscono un\'eccezionale propagazione in hot e cold, mantenimento perfetto della forma della candela e una combustione pulita.', '2026-02-11 17:38:25', '2026-02-11 17:38:25'),
(8, 'prod-bw10655-blended-wax', 'Miscela di Soia, Cera d\'Api e Cera Paraffina', 'Miscelatore pronto all\'uso di Bio Green Wax a base di soia, cera d\'api e paraffina—massima propagazione della fragranza per candele in contenitore (48-52°C) e a colonna (56-62°C). Basta aggiungere profumo e colore.', 'La miscela di Bio Green Wax a base di Soia, Cera d\'Api e Paraffina unisce la morbidezza naturale della soia, la stabilità della cera d\'api e la forza del profumo della paraffina per prestazioni olfattive senza pari. Il punto di fusione basso (48-52°C) è ideale per contenitori in vetro; quello alto (56-62°C) perfetto per candele a colonna. Formula pronta all\'uso—basta aggiungere fragranza e colore per una diffusione superiore a caldo e a freddo e una finitura perfetta della candela.', '2026-02-11 17:33:10', '2026-02-11 17:33:10'),
(9, 'prod-bw8307-blended-wax', 'Miscela di cera di cocco e di colza', 'Miscela pronta di Coconut-Rapeseed di Bio Green Wax—performance naturale cremosa per candele in Vaso (48-52°C) e Torre (56-62°C). Aggiungi solo colore e profumo.', 'La miscela di Bio Green Wax di Coconut-Rapeseed combina la consistenza cremosa della cera di cocco e la combustione uniforme della cera di colza per prestazioni eccezionali delle candele naturali. Punto di fusione basso (48-52°C) ottimizzato per candele in contenitore; punto di fusione alto (56-62°C) per candele a colonna. Completamente pronta all\'uso—basta aggiungere il proprio colore e profumo preferiti per risultati professionali e puliti durante la combustione.', '2026-02-11 17:33:57', '2026-02-11 17:33:57'),
(10, 'prod-carnauba-wax', 'Cera di Carnauba', 'Cera di carnauba brasiliana premium per lucidature e rivestimenti', 'Cera di carnauba brasiliana di qualità premium, conosciuta come la \"regina delle cere\". Ideale per la lucidatura delle automobili, cosmetici e rivestimenti alimentari. Punto di fusione naturale più alto.', '2026-02-11 17:30:43', '2026-02-11 17:30:43'),
(11, 'prod-castor-oil', 'Olio di ricino', 'Olio di ricino spremuto a freddo di alta qualità derivato dai semi di Ricinus communis, ampiamente utilizzato in prodotti farmaceutici, cosmetici e applicazioni industriali.', 'Bio Green Wax fornisce olio di ricino di alta qualità, un versatile olio vegetale ottenuto mediante spremitura dei semi della pianta Ricinus communis (pianta del ricino). Nota per la sua composizione chimica unica ricca di acido ricinoleico (circa l\'85-90%), l\'olio di ricino presenta eccezionali proprietà di viscosità, lubrificazione e idratazione che ne rendono inestimabile l\'uso in una vasta gamma di settori.\n\nIl nostro olio di ricino è accuratamente selezionato e lavorato per rispettare i più elevati standard di purezza e uniformità. È disponibile in gradi sia a spremitura a freddo (vergine) sia raffinati, adatti per applicazioni farmaceutiche, cosmetiche e industriali. La straordinaria stabilità e solubilità dell\'olio in alcool lo distinguono dagli altri oli vegetali, rendendolo un ingrediente preferenziale nelle formulazioni che richiedono prestazioni superiori.\n\nL\'olio di ricino è naturalmente biodegradabile e derivato da risorse rinnovabili, in linea con l\'impegno di Bio Green Wax per un approvvigionamento sostenibile e rispettoso dell\'ambiente.', '2026-02-11 17:16:38', '2026-02-11 17:16:38'),
(12, 'prod-coconut-oil', 'Olio di Cocco', 'Olio di cocco vergine e raffinato per applicazioni alimentari e cosmetiche', 'Olio di cocco premium vergine e raffinato, adatto per uso in cucina, panificazione e applicazioni cosmetiche. Disponibile in diverse qualità per soddisfare le tue esigenze specifiche.', '2026-02-09 02:59:36', '2026-02-11 17:17:15'),
(13, 'prod-coconut-wax', 'Cera di cocco', 'La cera di cocco è una cera naturale derivata dall\'olio di cocco, apprezzata per candele che bruciano in modo pulito e applicazioni ecologiche.', 'La cera di cocco è una cera naturale derivata dall\'olio di cocco, nota per la sua combustione pulita e lenta nella creazione di candele. Spesso è considerata un\'alternativa sostenibile ad altre cere. La cera di cocco è apprezzata per le sue caratteristiche eco-friendly e per la capacità di trattenere bene la fragranza. Deriva da una risorsa naturale e rinnovabile, offrendo una combustione pulita e lenta nelle candele per una durata più lunga e prestazioni più efficienti.', '2026-02-11 17:26:08', '2026-02-11 17:26:08'),
(14, 'prod-fr5456-paraffin-wax', 'Cera di paraffina semi raffinata (50-68°C)', 'Bio Green Wax Paraffina Semi Raffinata (50-68°C)—contenuto di olio economico del 1-5% per candele, gomma, tessuti e applicazioni industriali ad alto volume.', 'Le Cere Bolle Semi Rivestite di Bio Green Wax (50-68°C) offrono prestazioni economiche con un contenuto di olio controllato (1-5%) per una durezza flessibile. Grade standard: 52/54°C (candele), 56/58°C (pilastri), 60/62°C (industriale). Ideali per la produzione di candele a costi contenuti, ausili per la lavorazione del caucciù, finissaggi tessili e rivestimenti per imballaggi all\'ingrosso, dove è importante un equilibrio tra performance e prezzo.', '2026-02-11 17:24:01', '2026-02-11 17:24:01'),
(15, 'prod-glycerine', 'Glicerina', 'La glicerina è un liquido incolore, inodore e viscoso, ampiamente utilizzato nelle industrie farmaceutiche, cosmetiche e alimentari.', 'Glicerina, anche nota come glicerolo o glicero, è un liquido incolore, inodore e viscoso con un sapore dolce. È un liquido trasparente, sciropposo, solitamente incolore, anche se può avere una leggera tonalità gialla. La glicerina ha una viscosità elevata, il che significa che scorre lentamente ed è relativamente densa. Ha una consistenza simile a quella dello sciroppo, che contribuisce alla sua capacità di mantenere l’umidità. La glicerina trova un ampio impiego nel settore farmaceutico, cosmetico, nell’industria alimentare e in varie applicazioni industriali.', '2026-02-11 17:20:03', '2026-02-11 17:20:03'),
(16, 'prod-hydrogenated-castor-oil', 'Olio di Ricino Idrogenato', 'L\'olio di ricino idrogenato è un derivato solido ceroso dell\'olio di ricino, utilizzato in cosmetici, prodotti farmaceutici e applicazioni industriali.', 'Olio di ricino idrogenato, noto anche come cera di ricino o scaglie di cera di ricino, è un derivato dell\'olio di ricino che subisce un processo di idrogenazione. Questo comporta l\'aggiunta di idrogeno alle molecole di olio di ricino, risultando in una sostanza solida e cerosa. Viene impiegato in prodotti cosmetici e per la cura personale come rossetti, creme e lozioni, come emolliente per offrire morbidezza e umidità alla pelle. Agisce anche come agente legante nelle formulazioni cosmetiche, aiutando gli ingredienti a stickarsi tra loro e ad aderire alla pelle.', '2026-02-11 17:25:26', '2026-02-11 17:25:26'),
(17, 'prod-microcrystalline-wax', 'Cera microcristallina', 'Cera microcristallina flessibile per cosmetici e adesivi', 'Cera microcristallina flessibile ideale per cosmetici, adesivi a caldo e rivestimenti speciali. Superiore flessibilità e proprietà di adesione.', '2026-02-11 17:23:17', '2026-02-11 17:23:17'),
(18, 'prod-olive-oil', 'Olio d\'oliva', 'Olio extravergine di oliva di qualità premium, spremuto a freddo da olive mediterranee selezionate per applicazioni culinarie, cosmetiche e industriali.', 'Il nostro olio extravergine di oliva di alta qualità è ottenuto a freddo da olive mediterranee selezionate con cura, garantendo un livello eccezionale di qualità e un sapore ricco. Ampiamente utilizzato in preparazioni alimentari, cosmetici, prodotti farmaceutici e per l\'igiene personale, l\'olio di oliva è apprezzato per i suoi benefici per la salute, le proprietà antiossidanti e le applicazioni versatili. Bio Green Wax fornisce olio d\'oliva che rispetta rigorosi standard internazionali di qualità, assicurando purezza e prestazioni costanti in tutte le applicazioni.', '2026-02-11 17:42:05', '2026-02-11 17:42:05'),
(19, 'prod-palm-kernel-oil', 'Olio di Nucleo di Palma', 'L\'olio di kernel di palma si ottiene dal nocciolo del frutto della palma da olio, utilizzato in prodotti alimentari, cosmetici e applicazioni industriali.', 'L\'olio di kernel di palmo deriva dal seme del frutto della palma da olio e possiede proprietà fisiche distinte. È generalmente un solido di colore dal giallo chiaro al bianco a temperatura ambiente, ma si scioglie in un liquido trasparente e giallo tendente al miele quando riscaldato. Il punto di fusione varia da 23 a 28 gradi Celsius (73 a 82 gradi Fahrenheit). L\'olio di kernel di palmo è ricco di acido laurico ed è ampiamente utilizzato nella produzione alimentare, cosmetici e nella produzione di saponi.', '2026-02-11 17:21:56', '2026-02-11 17:21:56'),
(20, 'prod-palm-kernel-olein', 'Oleina di nocciolo di palma', 'OLEINA DI PINOLI DI PALMA raffinata PREMIUM, la frazione liquida ottenuta dalla frazionatura dell\'olio di noce di palma, apprezzata per la sua eccezionale trasparenza, il basso punto di nuvola e l\'uso versatile negli settori alimentare, cura della persona e oleochimico.', 'Bio Green Wax rifornisce palm kerneloleina (PKOo) di alta qualità, la frazione liquida prodotta attraverso la frazionatura controllata dell\'olio di palma kernel raffinato. Quando l\'olio di palma kernel viene raffreddato sotto condizioni precise, si separa in una frazione solida (palm kernel stearin) e una frazione liquida (palm kernel olein). La oleina risultante è un olio limpido, di colore leggero, con un punto di fusione basso e una straordinaria fluidità.\n\nLa palm kernel olein è ricca di acido laurico (C12) e di acidi grassi a catena media capric/caprilico, donandole un\'eccellente trasparenza, rapida assimilazione e una sensazione leggera e non untuosa. Queste caratteristiche la rendono molto apprezzata nel settore alimentare come olio da cucina, medium per frittura e ingrediente in cremine non lattiero-casearie, gelati e formulazioni di latte ripieno.\n\nNel settore della cura personale e cosmetica, la palm kernel olein è ampiamente utilizzata come olio di base in lozioni, creme, shampoo e saponette liquide grazie alle sue eccellenti proprietà emollienti e compatibilità con la pelle. Serve anche come materia prima chiave nella produzione oleochimica, producendo acidi grassi, esteri metilici e tensioattivi utilizzati in detergenti e prodotti per la pulizia.\n\nBio Green Wax rifornisce la sua palm kernel olein da catene di approvvigionamento certificate RSPO, garantendo piena tracciabilità e coerenza con gli impegni per un’olio di palma sostenibile. Il prodotto è disponibile in forma raffinata, sbiancata e deodorata (RBD), soddisfacendo alti standard di qualità internazionali.', '2026-02-11 17:46:46', '2026-02-11 17:46:46'),
(21, 'prod-palm-kernel-stearin', 'Stearina di nocciolo di palma', 'Stearina di nocciolo di palma di alta qualità, la frazione solida ottenuta dalla frazionatura dell\'olio di cocco di palma, apprezzata per il suo profilo di fusione rapido e l\'eccellente durezza in applicazioni di confetteria, cosmetici e oleochimiche.', 'Bio Green Wax fornisce stearin di nocciolo di palma di qualità premium (PKS), la frazione solida a punto di fusione più alto prodotta attraverso la frazionatura controllata dell\'olio di nocciolo di palma raffinato. Durante la frazionatura, l\'olio di nocciolo di palma viene separato in due componenti: oleina di nocciolo di palma (la frazione liquida) e stearin di nocciolo di palma (la frazione solida). Lo stearin risultante è un grasso da bianco a bianco sporco, caratterizzato da un punto di fusione acuto e una consistenza compatta.\n\nLo stearin di nocciolo di palma è ricco di acido laurico (C12) e acido miristico (C14), il che gli conferisce un\'ottima durezza, rapida cristallizzazione e un profilo di fusione pulito. Queste proprietà lo rendono un ingrediente ideale per sostituti del burro di cacao (CBS), rivestimenti di cioccolato composito, ripieni di confetteria e lipidi speciali, dove sono richiesti un effetto croccante e una finitura brillante.\n\nOltre alle applicazioni alimentari, lo stearin di nocciolo di palma rappresenta una preziosa materia prima nell\'industria oleochimica per la produzione di acidi grassi, alcoli grassi, noodles di sapone e tensioattivi. Nel settore cura della persona e cosmetici, contribuisce a conferire corpo e struttura a creme, lozioni e formulazioni solide.\n\nBio Green Wax proviene da catene di approvvigionamento certificata RSPO, garantendo piena tracciabilità e conformità agli impegni di sostenibilità dell’olio di palma. Il prodotto è disponibile in versione raffinata, bleached e deodorised (RBD), soddisfacendo gli standard di qualità internazionali per uso alimentare e tecnico.', '2026-02-11 17:21:08', '2026-02-11 17:21:08'),
(22, 'prod-palm-oil', 'Olio di Palma', 'Olio di palma e derivati della palma provenienti da fonti sostenibili', 'Olio di palma e derivati del palma provenienti da fonti sostenibili per la produzione alimentare, la produzione di saponi e detersivi. Opzioni certificate RSPO disponibili.', '2026-02-09 03:17:37', '2026-02-11 17:28:51'),
(23, 'prod-palm-shortenings', 'Mangimi di palma (punti di fusione elevati)', 'Grassi di palma ad alta temperatura di melting (46–52 °C) sono grassi speciali per pasticceria e frittura realizzati con olio di palma frazionato, progettati per offrire una struttura forte, un sapore neutro e una straordinaria stabilità al calore in applicazioni industriali impegnative.', 'Riduzioni di pasta di palma con punto di fusione elevato nella gamma dei 46–52 °C sono formulate con palm stearin e mid-fractions per offrire un alto contenuto di grasso solido, una consistenza compatta e una rete cristallina stabile a temperature ambientali e elevate. Questa gamma di fusione più alta garantisce una resistenza superiore al calore, stabilità ossidativa e una riduzione del fuoriuscita di olio, rendendole ideali per climi tropicali e linee di produzione ad alte temperature.\n​\n\nNelle applicazioni da forno, queste riduzioni garantiscono una buona aerazione, laminazione e fragilità, supportando crostate sfogliate, pasta choux, cracker alla crema, biscotti e cookies, mantenendo forma e consistenza anche in condizioni calde. Sono inoltre utilizzate come grassi robusti per frittura e impasti, e come sostituti di grassi animali in prodotti a base di carne, dove la loro struttura rigida, stabilità dell\'emulsione e profilo zero-trans, non idrogenato aiutano a ottenere una consistenza costante, una liberazione di sapore pulita e formulazioni che rispettano l’etichetta.', '2026-02-11 17:28:13', '2026-02-11 17:28:13'),
(24, 'prod-palm-stearic-acid', 'Acido stearico palmaceo', 'L\'acido stearico di palma è un acido grasso saturo derivato dall\'olio di palma, utilizzato in cosmetici, candele e nella produzione di rubber.', 'L\'acido stearico di palma è un tipo di acido grasso derivato dall\'olio di palma, ottenuto attraverso il processo di separazione e cristallizzazione degli acidi grassi. È un acido grasso saturo noto per la sua stabilità e la forma solida a temperatura ambiente. L\'acido stearico di palma ha un aspetto ceroso che varia dal bianco al leggermente giallo. Ha un punto di fusione tipicamente tra 55 e 70 gradi Celsius (131-158 gradi Fahrenheit), il che ne permette una facile integrazione in diverse formulazioni per cosmetici, candele e prodotti in gomma.', '2026-02-11 17:39:52', '2026-02-11 17:39:52'),
(25, 'prod-palm-stearin', 'Stearina di palma', 'Il palm stearin è la frazione solida dell\'olio di palma, comunemente utilizzata nella produzione alimentare, nella fabbricazione di candele e nella produzione di sapone.', 'Il palm stearin è una frazione solida dell\'olio di palma ottenuta attraverso il processo di frazionamento, noto per il suo elevato contenuto di acidi grassi saturi. È un grasso solido a temperatura ambiente, di colore bianco crema a giallo pallido e con una consistenza liscia e cerosa. Il palm stearin ha un punto di fusione più alto rispetto all\'olio di palma. È comunemente utilizzato nell\'industria alimentare per stabilizzare i grassi, produrre margarine e nella produzione di candele e saponi.', '2026-02-11 17:39:09', '2026-02-11 17:39:09'),
(26, 'prod-paraffin-wax', 'Cera di paraffina totalmente raffinata (50-68°C)', 'Bio Green Wax Paraffina interamente raffinata (50-68°C)—grado alimentare/farmaceutico, <0,5% di olio, durezza superiore. Ideale per candele, cosmetici, imballaggi e applicazioni industriali di precisione.', 'Le cere di Paraffina completamente raffinata di Bio Green Wax (con punti di fusione tra 50 e 68°C) presentano un contenuto di olio ultra-basso (<0,5%), eccezionale durezza e odore/colore neutri. Disponibili in gradi per candele (52/54°C, 56/58°C), per contenitori (50/52°C) e in gradi ad alta fusione per colate (64/66°C). Ideali per candele di alta qualità, cosmetici, rivestimenti per imballaggi alimentari e Stampi di precisione che richiedono purezza massima e una costanza di prestazioni elevata.', '2026-02-11 17:43:49', '2026-02-11 17:43:49'),
(27, 'prod-pf56-synthetic-wax', 'Cera Fischer-Tropsch (FT)', 'Cera Fischer–Tropsch (FT) è una cera paraffinica sintetica di alta purezza prodotta dal syngas, che offre un alto punto di fusione, bassa viscosità e eccellente durezza per applicazioni esigenti in plastica, rivestimenti, inchiostri, adesivi e modifica del bitume', 'La cera FT è prodotta tramite la sintesi Fischer‑Tropsch, dando origine a una cera bianca acqua, ultra‑pura, con una distribuzione di catene di carbonio stretta, un contenuto di olio molto basso e un\'eccezionale stabilità termica. Combina un alto punto di indurimento con una bassa viscosità di fusione e una forte durezza, offrendo una resistenza superiore ai graffi, controllo del gloss, effetti opacizzanti e lubrificazione in molte formulazioni.\n\nNella lavorazione di plastiche e PVC/CPVC, la cera FT funge da lubrificante interno ed esterno efficace e da ausilio alla lavorazione, riducendo la viscosità di fusione, migliorando il flusso e aumentando il rilascio dallo stampo e la stabilità dimensionale. È ampiamente utilizzata in adesivi a fusione a caldo e sensibili alla pressione, inchiostri da stampa e rivestimenti industriali per aumentare la durezza, la resistenza all\'abrasione e ai graffi, la resistenza al bloccaggio e l\'anti-settling, stabilizzando allo stesso tempo la viscosità. Altre applicazioni chiave includono la modificazione di asfaltature e bitumi, il masterbatch e la compounding di polimeri, la lavorazione di elastomeri, cere, tessuti e persino formulazioni cosmetiche, dove la cera FT garantisce una cristallinità controllata, una migliore resistenza all\'usura e alle rughe, e una sensazione liscia al tatto.', '2026-02-11 17:44:51', '2026-02-11 17:44:51'),
(28, 'prod-pfad', 'PFAD (Distillato di Acidi Grassi di Palma)', 'PFAD è un sottoprodotto della raffinazione dell\'olio di palma, utilizzato nella produzione di saponi, mangimi per animali e biocarburanti.', 'Il Distillato di Acidi Grassi di Palma (PFAD) è un sottoprodotto del processo di raffinazione dell\'olio di palma. Si ottiene tramite la distillazione dell\'olio di palma grezzo per rimuovere le impurità e raggiungere un livello di purezza più elevato. Il PFAD è un liquido di colore giallo-bruno con un odore caratteristico. Contiene una miscela di acidi grassi saturi e insaturi, con gli acidi grassi predominanti che sono acido laurico, acido miristico e acido palmitico. Il PFAD viene utilizzato nella produzione di saponi, nei mangimi per animali e nella produzione di biocarburanti.', '2026-02-11 17:26:56', '2026-02-11 17:26:56'),
(29, 'prod-pkfad', 'Distillato di acidi grassi di nocciolo di palma (PKFAD)', 'PKFAD è un sottoprodotto della raffinazione dell\'olio di noce di palma, ricco di acido laurico, utilizzato nelle industrie del sapone e oleochemiche.', 'Distillato di Acidi Grassi del Cocco di Palma (PKFAD) è un sottoprodotto ottenuto durante il raffinamento dell\'olio di noce di palma. È ricco di acidi grassi, tra cui l\'acido laurico, rendendolo prezioso per alcune applicazioni industriali. Il PKFAD viene utilizzato in diverse applicazioni industriali, tra cui la produzione di saponi, la produzione di biocarburanti e come materia prima nell\'industria oleochimica.', '2026-02-11 17:40:34', '2026-02-11 17:40:34'),
(30, 'prod-polyethylene-wax', 'Cera di polietilene (cera PE)', 'è un polietilene a basso peso molecolare usato come lubrificante ad alte prestazioni e aiuto alla lavorazione in materie plastiche, rivestimenti, inchiostri e adesivi, migliorando la fluidità, la scarica superficiale e la resistenza ai graffi.', 'La cera di polietilene è una cera sintetica finemente dispersa, con un punto di fusione elevato, bassa viscosità, eccellente stabilità termica e forte compatibilità con i polimeri comuni come PVC, PE, PP e EVA. Essa fornisce lubrificazione interna ed esterna, riduce la viscosità del fusione e l\'attrito, migliora il rilascio dagli stampi e conferisce una superficie liscia, lucida e resistente ai graffi.\n​\n\nLe principali applicazioni includono la lavorazione di plastica e masterbatch, dove la cera di PE migliora l\'efficienza di estrusione e stampaggio a iniezione, previene l\'accumulo nelle calanderie e favorisce la dispersione di pigmenti e riempitivi. Viene inoltre impiegata in adesivi hot-melt e a pressione sensibile, inchiostri e rivestimenti in polvere per controllare la viscosità di fusione, aumentare la coesione e la durezza, e ottimizzare i tempi di apertura e di setting. Ulteriori utilizzi includono bitume e vernici per la segnaletica stradale, compositi legno-plastica, compound di gomma, prodotti di rivestimento per cavi e cere formulate come lucidanti e pastelli, dove innalza il punto di punteggiatura, la durezza e la resistenza all\'acqua.', '2026-02-11 17:43:01', '2026-02-11 17:43:01'),
(31, 'prod-rapeseed-oil', 'Olio di colza', 'Olio di colza spremuto a freddo e raffinato proveniente da aziende agricole del Regno Unito', 'Olio di colza spremuto a freddo e raffinato proveniente da aziende agricole del Regno Unito. Ideale per cucinare, arrostire e condire insalate. Ricco di omega-3 e povero di grassi saturi.', '2026-02-11 17:34:33', '2026-02-11 17:34:33'),
(32, 'prod-rapeseed-wax', 'Cera di colza', 'La cera di colza è una cera vegetale naturale utilizzata come alternativa ecologica nella produzione di candele e cosmetici.', 'La cera di colza è una cera vegetale naturale derivata dall\'olio della pianta di colza, comunemente usata come alternativa ecologica alla cera di paraffina tradizionale nella produzione di candele e in altre applicazioni. Offre una combustione pulita e lenta, oltre a un buon mantenimento della fragranza. La cera di colza è frequentemente impiegata nella produzione di candele e nella formulazione di cosmetici naturali come balsami per le labbra, lozioni e creme, offrendo proprietà idratanti.', '2026-02-11 17:24:42', '2026-02-11 17:24:42'),
(33, 'prod-soap-noodles', 'Noodle di sapone', 'Le noodles di sapone sono materie prime primarie per la produzione di sapone, ottenute tramite saponificazione di oli e grassi vegetali.', 'Fili di sapone, anche conosciuti come granuli di sapone, sono una delle materie prime principali utilizzate nella produzione di sapone. Vengono prodotti processando oli e grassi vegetali con idrossido di sodio (soda caustica) tramite saponificazione. I fili di sapone sono generalmente blocchi o perle di colore bianco solido o avorio, con un aroma delicato e neutro. Sono privi di impurità e contengono una concentrazione elevata di acidi grassi che contribuiscono alle loro proprietà detergenti ed emulsionanti.', '2026-02-11 17:41:20', '2026-02-11 17:41:20'),
(34, 'prod-soy-wax', 'Cera di soia', 'Cera di soia è una cera vegetale rinnovabile ottenuta dall\'olio di soia, popolare per la realizzazione di candele eco-sostenibili.', 'La cera di soia è un tipo di cera vegetale derivata dall\'olio di soia. È un\'alternativa popolare alla tradizionale cera di paraffina, che proviene dal petrolio. La cera di soia è considerata un\'opzione rinnovabile, biodegradabile ed eco-compatibile per la produzione di candele. Si ottiene attraverso l\'idrogenazione dell\'olio di soia, trasformandolo in una forma solida adatta alle candele. Di solito si presenta sotto forma di scaglie, facili da misurare e sciogliere.', '2026-02-11 17:17:58', '2026-02-11 17:17:58'),
(35, 'prod-soybean-oil', 'Olio di semi di soia', 'Olio di soia di alta qualità per uso industriale e culinario', 'L\'olio di soia è un versatile olio vegetale estratto dai semi di soja, ampiamente utilizzato per friggere, cucinare al forno e condire insalate grazie al suo sapore neutro e al suo alto punto di fumo.  \nÈ ricco di grassi polinsaturi, tra cui acidi grassi omega‑3 e omega‑6, e fornisce vitamina K e vitamina E.  \nÈ perfetto per la frittura profonda, la produzione di margarina e applicazioni alimentari industriali. Rifinito e deodorato secondo standard di alta qualità.', '2026-02-11 17:29:31', '2026-02-11 17:29:31'),
(36, 'prod-sunflower-oil', 'Olio di semi di girasole', 'Olio di girasole raffinato premium per cucina e trasformazione alimentare', 'Il nostro olio di semi di girasole raffinato premium è perfetto per la cottura, la frittura e le applicazioni di trasformazione alimentare. Prodotto da semi di girasole di qualità e raffinato secondo i più alti standard.', '2026-02-09 03:22:39', '2026-02-11 17:22:38');

--
-- Dumping data for table `products_ja`
--

INSERT INTO `products_ja` (`id`, `master_id`, `name`, `description`, `full_description`, `created_at`, `updated_at`) VALUES
(1, 'bdf424df-f9b0-4a79-84d6-f6ed1eb1e84f', 'パームオレイン', 'パームオレインは、精製パーム油の液体分画であり、味が中性的で長持ちする揚げ油・料理油として高く評価されています。スナック、ファストフード、家庭用の用途において、安定した油性とサクサクとした食感を提供します。', 'パームオレインは、精製・漂白・脱臭（RBD）したパーム油を分別し、透明な液体を得ることで製造されます。この液体はオレイン酸とパルミチン酸に富み、自然に優れた酸化安定性を持つバランスのとれた脂肪酸組成を示しています。その高い煙点、酸化やポリマー形成に対する耐性、低臭化傾向により、繰り返しの揚げ物調理が可能で、油の劣化や泡立ちを抑え、完成品の賞味期限を延ばすことができます。\n\n食品用途では、パームオレインはスナック、ポテトチップス、フライドチキン、即席麺、冷凍揚げ食品の揚げ油として広く使用されているほか、多くの熱帯地域の家庭用料理油としても一般的です。また、ダイズ油、ヒマワリ油などの植物油とブレンドした基油として、栄養や機能性の調整を目的とした用途にも利用されています。マーガリンやベーカリー用脂肪、フライヤーなどのフードサービス用途でも、安定した性能とクリーンな風味を求められる場面で重宝されています。', '2026-02-11 17:15:17', '2026-02-11 17:15:17'),
(2, 'prod-beeswax', 'ミツロウ', '化粧品やキャンドル作りのための純粋な天然蜜蠟', '倫理的な養蜂家から仕入れた純天然の蜜蝋。化粧品、ロウソク作り、食品用途に最適です。さまざまな等級でご提供しています。', '2026-02-05 21:57:34', '2026-02-11 17:29:51'),
(3, 'prod-bw101-palm-wax', 'パームワックス', 'プレミアム100％パームワックス、クリーミーな黄色で、キャンドル制作に理想的です。RSPO SG（セグリゲーテッド）/MB（マスマーケティング）認証取得。', 'プレミアム100%パームワックスは、美しいクリーミーな黄色をしています。RSPO MB認証を取得しており、持続可能性を証明しています。キャンドル作り、成形、コンテナキャンドルに最適です。', '2026-02-05 22:05:07', '2026-02-11 17:45:29'),
(4, 'prod-bw105-palm-wax', 'パームショートニング（低融点）', 'パームショートニングは、部分固化されたパーム油から得られる半固体の非水素化脂肪であり、優れた安定性とニュートラルな風味を備えています。', 'パームショートニングは、部分的に岩せきされたパーム油から得られる半固体の非水素化脂肪で、優れた安定性と中立的な風味を提供します。\nベーカリー用途に最適で、サクサクしたペストリー、しっとりとしたケーキ、カリッとした揚げ物などを、高い煙点で作るのに適しています。\n工業用ベーキングにおいて、バターやラードのコスト効率の良い酸化耐性のある代替品です。', '2026-02-06 02:26:35', '2026-02-11 17:31:11'),
(5, 'prod-bw10510-blended-wax', 'ジャーキャンドル用パームパラフィン混合ワックス', 'すぐに使える低MPジャーキャンドルブレンド：パームパラフィン、マイクロクリスタル、Polyboost™、Vybar®、UV安定剤を配合—色と香りを加えるだけで優れたガラスへの密着性と最大の香り拡散を実現。', 'Bio Green Waxの低融点ジャーキャンドルブレンド（48-50°C）および（50-52°C）—パルム・パラフィン・マイクロクリスタリン配合のガラス容器向け最適化フォーミュレーション。すぐに使える状態で、色と香りを追加するだけです。Polyboost／Vybarによる不透明性／付着性向上、UV安定剤／酸化防止剤による保存性、さらに香り保持剤を備え、優れたホット／コールドスロー、ひび割れのない燃焼、そしてプレミアム容器キャンドル向けの優れたジャー保持性を実現します。', '2026-02-06 03:36:39', '2026-02-11 17:37:17'),
(6, 'prod-bw10555-blended-wax', 'ソイベースのビーガンワックスブレンド', 'Bio Green Waxの使い切りタイプの95％ソイヴィーガンブレンド—ジャー（48-52°C）とパイラー（56-62°C）キャンドル用の純植物由来。色と香りを加えるだけ。', 'Bio Green Waxの95%大豆ワックスヴィーガンブレンド（植物添加物5%）は、ガラスジャーやスタンドアロンのピラーキャンドルにおいて、クリーンな燃焼とナチュラルなパフォーマンスを提供します。容器用の低融点（48-52°C）とピラー用の高融点（56-62°C）の2種類があります。使用準備完了：お好みの色と香りを加えるだけで、優れた香りの広がりとなめらかな仕上がりが得られます。', '2026-02-06 03:44:10', '2026-02-11 17:31:58'),
(7, 'prod-bw10610-blended-wax', 'パームパラフィン混合キャンドル用ワックス', '即使用可能な高MPピラーキャンドルブレンド（56-58°Cおよび58-60°C）：パームパラフィン-ミクロクリスタル with Polyboost™、Vybar®、UV安定剤—色と香りを加えるだけで優れたピラー性能を発揮します。', 'Bio Green waxのHigh Melting Point Pillar Candle Blends（56-58°C＆58-60°C）—パーム・パラフィン・マイクロクリスタル配合の独立型ピラーキャンドル用設計。すぐに使える：色と香りを加えるだけで完成。Polyboost／Vybarを使用して型離れと不透明度を最適化し、UV安定剤／抗酸化剤で長期保存性を向上、さらに香り保持剤により優れたホット／コールドスロー、完璧なピラー形状保持、クリーンな燃焼性能を実現。', '2026-02-06 03:40:14', '2026-02-11 17:38:05'),
(8, 'prod-bw10655-blended-wax', 'ソイ・ビーズワックス・パラフィンワックスブレンド', 'Bio Green Waxの使い切り済みの大豆ワックス・蜜蝋・パラフィンのブレンド—ジャー（48-52°C）＆ピラー（56-62°C）キャンドル用の最高のフレグランス投与。香料とカラーを加えるだけ。', 'Bio Green Waxのソイ・ビーズワックス・パラフィンブレンドは、自然なソイの滑らかさ、ビーズワックスの安定性、そしてパラフィンの香りの持続力を兼ね備えた、比類のない香りのパフォーマンスを実現します。低融点（48-52°C）はガラス容器に最適で、高融点（56-62°C）はピラーキャンドルに最適です。すぐに使用できるフォーミュレーションで、香料とカラーを加えるだけで、優れたホット＆コールドスローローと完璧なキャンドル仕上げを実現します。', '2026-02-06 03:47:35', '2026-02-11 17:32:50'),
(9, 'prod-bw8307-blended-wax', 'ココナッツ・菜種油ブレンドワックス', 'Bio Green Waxのすぐに使えるココナッツ・菜種ブレンド—ジャー（48-52°C）およびパイラー（56-62°C）キャンドルのためのクリーミーでナチュラルなパフォーマンス。色と香りを追加するだけです。', 'Bio Green Waxのココナッツと菜種のブレンドは、ココナッツワックスのクリーミーな質感と菜種ワックスの滑らかな燃焼を組み合わせ、優れた自然派キャンドルの性能を実現します。溶解点は低めの（48-52°C）でコンテナキャンドルに最適化されており、ピラーキャンドルには高めの（56-62°C）を採用。完全に使う準備が整っており、カラーや芳香剤を加えるだけで、プロフェッショナルでクリーンな燃焼結果を得られます。', '2026-02-06 03:51:25', '2026-02-11 17:33:38'),
(10, 'prod-carnauba-wax', 'カルナウバワックス', 'ポリッシュやコーティングに最適なプレミアムブラジル産カーネウバワックス', 'プレミアムブラジルカーナバワックスは、「ワックスの女王」として知られています。車のポリッシュ、化粧品、食品コーティングに理想的です。天然成分中最高の融点を持ちます。', '2026-02-05 22:01:05', '2026-02-11 17:30:28'),
(11, 'prod-castor-oil', 'ヒマシ油', '医薬品、化粧品、工業用途に広く使用されている、ヒマシ種子から抽出されたプレミアムコールドプレッシャー製キャスターオイル。', 'Bio Green Waxは、高品質のヒマシ油を提供しています。ヒマシ油は、ヒマシの種子（Ricinnus communis）の種子を圧搾して得られる多用途の植物油です。その独特の化学組成はリシノレイン酸（約85〜90％）に富み、優れた粘度、潤滑性、保湿性を持ち、多くの産業分野で重要な役割を果たしています。\n\n私たちのヒマシ油は、純度と一貫性を最優先に厳選して調達・加工しています。コールドプレス（ヴァージン）と精製品の両方のグレードを取り扱っており、医薬品、化粧品、工業用途に適しています。油の優れた安定性とアルコールへの溶解性の高さは、他の植物油と一線を画し、優れた性能を求める配合に最適です。\n\nヒマシ油は自然分解性を持ち、再生可能な資源から作られています。これは、Bio Green Waxの持続可能で環境に配慮した調達への取り組みと一致しています。', '2026-02-11 17:16:16', '2026-02-11 17:16:16'),
(12, 'prod-coconut-oil', 'ココナッツオイル', '食品および化粧品用途のバージンおよび精製ココナッツオイル', '調理、製菓、化粧品用途に適したプレミアムバージンココナッツオイルと精製ココナッツオイル。さまざまな等級でご用意し、あなたのニーズにお応えします。', '2026-02-05 21:50:37', '2026-02-11 17:17:01'),
(13, 'prod-coconut-wax', 'ココナッツワックス', 'ココナッツワックスはココナッツ油から抽出された天然のワックスで、クリーンに燃えるキャンドルやエコフレンドリーな用途に高く評価されています。', 'ココナッツワックスは、ココナッツの油から抽出される天然のワックスで、キャンドル作りにおいてクリーンでじっくり燃える特性で知られています。多くの場合、他のワックスの持続可能な代替品と考えられています。ココナッツワックスは、その環境に優しい特性とフレグランスをよく保持する能力で高く評価されています。自然で再生可能な資源から得られ、長時間にわたりクリーンにゆっくり燃えるため、より長持ちで効率的な性能を実現します。', '2026-02-11 17:25:50', '2026-02-11 17:25:50'),
(14, 'prod-fr5456-paraffin-wax', '半精製パラフィンワックス（50-68°C）', 'Bio Green Wax セミリファインドパラフィン（50-68°C）—キャンドル、ゴム、繊維、及び大量生産の産業用途に適したコスト効果の高い1〜5％の油分含有量。', 'Bio Green Waxのセミリファインドパラフィンワックス（50-68°C）は、油分含有量（1-5％）を制御し、経済的な性能を提供します。柔軟な硬さを実現します。標準グレード：52/54°C（キャンドル用）、56/58°C（ピラー用）、60/62°C（工業用）。コストに敏感なキャンドル製造、ゴム加工補助剤、テキスタイル仕上げ、バルク梱包コーティングなど、バランスの取れた性能と価格が重要な用途に最適です。', '2026-02-06 04:05:46', '2026-02-11 17:23:43'),
(15, 'prod-glycerine', 'グリセリン', 'グリセリンは、無色で無臭の粘性液体であり、医薬品、化粧品、食品産業で広く使用されています。', 'グリセリンは、グリセロールやグリセリンとしても知られ、無色・無臭で粘性のある液体で、甘い味がします。透明でシロップ状の液体であり、一般的には無色ですが、わずかに黄色味を帯びることもあります。グリセリンは高い粘度を持ち、ゆっくりと流れ、比較的粘りがあるのが特徴です。そのシロップのような粘性は、湿気を保持する能力に寄与しています。グリセリンは、医薬品、化粧品、食品加工、さまざまな工業用途で広く使用されています。', '2026-02-11 17:19:44', '2026-02-11 17:19:44'),
(16, 'prod-hydrogenated-castor-oil', '水素添加精製ヒマシ油', '水添ヒマシ油は、ヒマシ油の固体のワックス状誘導体であり、化粧品、医薬品、工業用途に使用されています。', '水添ヒマシ油（キャスター wax またはキャスター waxflake とも呼ばれる）は、ヒマシ油を水素化した派生物であり、水素化工程を経て得られる固体のワックス状物質です。これはヒマシ油の分子に水素を付加することで生成されます。化粧品やパーソナルケア用品（リップスティック、クリーム、ローションなど）では、肌に滑らかさと潤いを与えるエモリエントとして使用されます。また、化粧品の配合剤としても作用し、成分同士を結びつけ、肌にしっかりと密着させる効果があります。', '2026-02-11 17:25:08', '2026-02-11 17:25:08'),
(17, 'prod-microcrystalline-wax', 'マイクロクリスタリンワックス', '化粧品および接着剤用の柔軟な微結晶ワックス', '化粧品、ホットメルト接着剤、特殊コーティングに理想的な柔軟なミクロクリスタルワックス。優れた柔軟性と粘着性を持ちます。', '2026-02-06 03:58:23', '2026-02-11 17:23:01'),
(18, 'prod-olive-oil', 'オリーブオイル', '高品質純粋オリーブオイル、選び抜かれた地中海産オリーブからコールドプレスで抽出し、料理、化粧品、工業用途に適します。', '当社のプレミアムピュアオリーブオイルは、厳選された地中海産のオリーブをコールドプレスして抽出しており、卓越した品質と豊かな風味をお届けします。食品の調理、化粧品、医薬品、セルフケア製品など幅広く使用されており、オリーブオイルはその健康効果、抗酸化作用、多用途な用途で高く評価されています。Bio Green Waxは、厳格な国際的品質基準を満たすオリーブオイルを調達し、すべての用途において一貫した純度と性能を保証します。', '2026-02-11 17:41:45', '2026-02-11 17:41:45'),
(19, 'prod-palm-kernel-oil', 'パーム核油', 'パーム核油は、ヤシの実の核から抽出され、食品、化粧品、工業用途に利用されています。', 'パーム核油は、ヤシの実の核から抽出される油で、独特の物理的特性を持ちます。常温では淡い黄色から白色の固体ですが、加熱すると透明な黄色がかった液体に変わります。融点は23度から28度 Celsius（73度から82度 Fahrenheit）の範囲です。パーム核油はラウリン酸を豊富に含み、食品製造、化粧品、石鹸の製造などに広く使用されています。', '2026-02-11 17:21:36', '2026-02-11 17:21:36'),
(20, 'prod-palm-kernel-olein', 'パーム核オレイン', 'プレミアム高精製パーム核油オレインは、パーム核油の分留により得られる液状成分であり、その優れた透明度、低クラウドポイント、多用途な用途から、食品、パーソナルケア、オレオケミカル産業で高く評価されています。', 'Bio Green Waxは、高品質なパーム核オレイン（PKOo）を供給します。これは、精製されたパーム核油の制御された分別によって生産される液体成分です。パーム核油を正確な条件下で冷却すると、固体部分（パーム核ステアリン）と液体部分（パーム核オレイン）に分離します。得られるオレインは、透明で薄い色をした油で、融点が低く、優れた流動性を持っています。\n\nパーム核オレインは、ラウリン酸（C12）やカプリル／カプリン酸などの中鎖脂肪酸が豊富で、そのために抜群の透明度、迅速な吸収性、軽くてベタつかない感触を備えています。これらの特徴により、食用油や揚げ油、非乳製品のクリーマー、アイスクリーム、乳脂肪入り製品の原料として、食品業界で高く評価されています。\n\nパーソナルケア・化粧品分野では、パーム核オレインは、ローション、クリーム、シャンプー、液体石鹸の基油として広く使用されており、その優れたエモリエント効果と肌親和性によって支持されています。また、脂肪酸、メチルエステル、界面活性剤などのオレオケミカル原料の主要な原料としても機能し、洗剤やクリーニング製品に利用されています。\n\nBio Green Waxは、RSPO認証済みのサプライチェーンからパーム核オレインを調達し、完全なトレーサビリティと持続可能なパーム油のコミットメントに沿った供給を保証します。本製品は、リファインド、漂白、脱臭（RBD）された形態で入手可能であり、厳しい国際品質基準を満たしています。', '2026-02-11 17:46:19', '2026-02-11 17:46:19'),
(21, 'prod-palm-kernel-stearin', 'パーム核ステアリンプラン', '高品質なパーム核ステアリンは、パーム核油の分別抽出によって得られる固体部分であり、そのシャープな融点と優れた硬度から、菓子、化粧品、およびオレオケミカル用途で高く評価されています。', 'Bio Green Waxは、精製パーム核油の制御された分別によって生成される高融点の固体成分であるプレミアムグレードのパーム核ステアリン（PKS）を供給します。分別の過程で、パーム核油はパーム核オレイン（液体成分）とパーム核ステアリン（固体成分）の2つに分離されます。その結果得られるステアリンは、特徴的なシャープな融点としっかりとした質感を持つ白色から淡い色調の脂肪です。\n\nパーム核ステアリンは、ラウリン酸（C12）とミリスチン酸（C14）が豊富に含まれており、優れた硬さ、急速な結晶化、クリーンな融解特性を備えています。これらの特性により、ココアバター代用品（CBS）、複合チョコレートコーティング、菓子のフィリング、そしてパリッとした仕上がりと光沢を必要とする特殊脂肪の成型に理想的な成分となっています。\n\n食品用途以外にも、パーム核ステアリンはオレオケミカル産業において脂肪酸、脂肪アルコール、ソープヌードル、界面活性剤の生産において貴重な原料として使用されています。パーソナルケアや化粧品の分野では、クリームやローション、固形製品にボディと構造を付与します。\n\nBio Green Waxは、RSPO認証のサプライチェーンからパーム核ステアリンを調達し、完全なトレーサビリティと持続可能なパーム油の約束を確保しています。同製品は精製・漂白・脱臭（RBD）処理済みで、食品および技術用途における国際的な品質基準を満たしています。', '2026-02-11 17:20:41', '2026-02-11 17:20:41'),
(22, 'prod-palm-oil', 'パーム油', '持続可能な調達のパーム油およびパーム誘導体', '食品製造、石鹸・洗剤製造向けのサステナブルに調達されたパーム油およびパーム由来製品。RSPO認証のオプションもご利用いただけます。', '2026-02-05 21:50:40', '2026-02-11 17:28:36'),
(23, 'prod-palm-shortenings', 'パームショートニング（高融点）', '高融点のパームショートニング（46～52°C）は、分別されたパーム油から作られる特殊なベーカリーおよび揚げ油であり、強い構造を保ち、爽やかな風味を与え、要求の厳しい工業用途において優れた耐熱性を発揮します。', '高融点パームショートニング（46–52°C範囲）は、パームステアリンと中間フラクションから成り、室温および高温で高い固形脂肪含有量、しっかりとした食感、安定した結晶網を実現します。このより高い融解範囲は、優れた耐熱性、酸化安定性を提供し、油の酸化や脂肪の析出を抑えるため、熱帯地域や高温加工ラインに適しています。\n\n​\n\n製パン用途では、これらのショートニングは良好な発酵性、ラミネーション性、パリッとした食感をもたらし、サクサクのパイ生地、パフペストリー、クリームクラッカー、クッキー、ビスケットの形状や食感を温暖な環境でも維持します。また、耐久性のある揚げ油や生地脂肪、肉製品における動物性脂肪の代替品としても使用され、しっかりとした構造、乳化安定性、トランスゼロ・非水素化の特性により、一貫した食感、すっきりとした風味の放出、ラベル表示に優しい製品設計を可能にします。', '2026-02-11 17:27:50', '2026-02-11 17:27:50'),
(24, 'prod-palm-stearic-acid', 'パームステアリン酸', 'パルミチン酸は、ヤシ油から抽出される飽和脂肪酸であり、化粧品、ろうそく、ゴムの製造に使用されています。', 'パームステアリン酸は、パーム油から抽出された脂肪酸の一種で、脂肪酸を分離し結晶化させるプロセスで得られます。これは飽和脂肪酸であり、常温での安定性と固形状態が特徴です。パームステアリン酸は、白色からやや黄みを帯びたろう状の外観を持ちます。融点は通常55～70度 Celsius（131～158度 Fahrenheit）の範囲で、さまざまな化粧品、キャンドル、ゴム製品の配合に容易に組み込むことができます。', '2026-02-11 17:39:34', '2026-02-11 17:39:34'),
(25, 'prod-palm-stearin', 'パームスチアリン', 'パームステアリンはパーム油の固体部分であり、食品製造、キャンドル製造、石鹸作りに一般的に使用されています。', 'パームステアリンは、分別工程によって抽出されるパーム油の固体部分であり、高い飽和脂肪酸含有量で知られています。常温で固体の脂肪であり、クリーミーな白色から淡黄色を帯びた色合いと、滑らかでワックスのような質感があります。パームステアリンは、パーム油に比べて融点が高いです。食品業界では、脂肪の安定化、マーガリンの製造、キャンドルや石鹸の製造に一般的に使用されています。', '2026-02-11 17:38:51', '2026-02-11 17:38:51'),
(26, 'prod-paraffin-wax', '完全精製パラフィンワックス (50-68°C)', 'Bio Green Wax 完全精製パラフィン（50-68°C）—食品/医薬品等級、油分<0.5%、優れた硬度。キャンドル、化粧品、パッケージング、精密工業用途に最適です。', 'Bio Green Waxの完全精製パラフィンワックス（融点50～68°C）は、超低油分（<0.5%）、優れた硬さ、中性の香りと色を特徴としています。キャンドルグレード（52/54°C、56/58°C）、容器グレード（50/52°C）、高融点ピラーグレード（64/66°C）で利用可能です。高純度と性能の一貫性が求められるプレミアムキャンドル、化粧品、食品包装コーティング、精密成形に最適です。', '2026-02-06 03:54:49', '2026-02-11 17:43:29'),
(27, 'prod-pf56-synthetic-wax', 'フィッシャー・トロプシュ（FT）ワックス', 'フィッシャー‐トロプシュ（FT）ワックスは、合成ガス（シンガス）から製造される高純度の合成パラフィンワックスであり、高い融点、低粘度、優れた硬度を備えており、プラスチック、コーティング、インク、接着剤、アスファルト改質などの demanding applications に適しています', 'FTワックスは、フィッシャー・トロプシュ合成によって生成され、水白色で超純粋なワックスを供給します。炭素鎖の分布が狭く、油分含有量が非常に低く、卓越した熱安定性を持っています。これにより、高い限界粘度と低い融解粘度、強い硬度を兼ね備え、優れた傷防止性、光沢コントロール、マット効果、潤滑特性を多くの配合において実現します。\n\nプラスチックやPVC/CPVCの加工において、FTワックスは効率的な内部および外部絶縁剤や加工助剤として作用し、溶融粘度を低減し、流動性を改善し、金型離型性と寸法安定性を向上させます。ホットメルト接着剤や感圧接着剤、印刷インキ、工業用コーティングなどで広く使用されており、硬度、耐摩耗性・傷抵抗性、ブロック抵抗性、防錆性を高めるとともに、粘度の安定化も行います。その他の主要な用途には、アスファルトやタールの改質、マスターバッチやポリマーコンパウンド、ゴム加工、ポリッシュ、繊維製品、さらには化粧品配合にも使用されており、FTワックスは結晶性の制御、耐摩耗性としわ抵抗性の向上、滑らかな感触を提供します。', '2026-02-06 04:16:56', '2026-02-11 17:44:24'),
(28, 'prod-pfad', 'PFAD（パーム脂肪酸 distillate）', 'PFADはパーム油精製の副産物であり、石鹸製造、動物飼料、バイオ燃料の製造に使用されます。', 'パーム脂肪酸精留物（PFAD）は、パーム油精製過程の副産物です。原料のパーム油を蒸留して不純物を除去し、より純度の高いものにすることで得られます。PFADは茶褐色から黄褐色の液体で、特徴的な香りがあります。飽和脂肪酸と不飽和脂肪酸の混合物であり、主要な脂肪酸はラウリン酸、ミリスチン酸、パルミチン酸です。PFADは石鹸製造、家畜飼料、バイオ燃料の生産に使用されています。', '2026-02-11 17:26:37', '2026-02-11 17:26:37'),
(29, 'prod-pkfad', 'パーム核脂肪酸蒸留物（PKFAD）', 'PKFADはパーム核油精製の副産物であり、ラウリン酸が豊富で、石鹸やオレオケミカル産業で使用されています。', 'パーム核脂肪酸蒸留物（PKFAD）は、パーム核油の精製過程で得られる副産物です。ラウリン酸を含む脂肪酸が豊富であり、特定の工業用途において価値があります。PKFADは、石鹸製造、バイオ燃料生産、オレオケミカル産業の原料など、さまざまな工業用途に利用されています。', '2026-02-11 17:40:17', '2026-02-11 17:40:17'),
(30, 'prod-polyethylene-wax', 'ポリエチレンワックス（PEワックス）', '低分子量ポリエチレンは、高性能な潤滑剤および加工助剤としてプラスチック、コーティング、インキ、接着剤に使用され、流動性、表面滑り性、引っかき傷耐性を向上させます。', 'ポリエチレンワックスは、微細な粒子の高融点合成ワックスであり、粘度が低く、優れた熱安定性を持ち、PVC、PE、PP、EVAなどの一般的なポリマーと高い互換性があります。内部および外部の潤滑剤として機能し、融点粘度や摩擦を低減し、金型の離型性を向上させ、滑らかで光沢のある、傷に強い表面を提供します。\n​\n\n主な用途には、プラスチックやマスターバッチの加工が含まれます。ここでPEワックスは、押出や射出成形の効率を改善し、ダイの堆積を防ぎ、顔料や充填材の分散を向上させます。また、ホットメルト接着剤や圧力感応型接着剤、インク、粉体コーティングにも使用され、融点粘度を制御し、結合性や耐久性を高め、開放時間や硬化時間を最適化します。さらに、瀝青や道路標示塗料、木材プラスチック複合材、ゴム配合、ケーブル用コンパウンド、ポリッシュやクレヨンなどの配合ワックス製品にも利用され、軟化点、硬度、防水性を向上させます。', '2026-02-06 04:01:43', '2026-02-11 17:42:35'),
(31, 'prod-rapeseed-oil', '菜種油', '英国の農場で採れたコールドプレスおよび精製された菜種油', 'イギリスの農場から仕入れたコールドプレスおよび精製された菜種油。調理、ロースト、サラダドレッシングに理想的です。飽和脂肪酸が少なく、オメガ-3が豊富です。', '2026-02-05 21:54:39', '2026-02-11 17:34:18'),
(32, 'prod-rapeseed-wax', 'ナノサフラワーワックス', '菜種油脂は、キャンドルや化粧品のエコフレンドリーな代替品として使用される天然の植物性ワックスです。', '菜種 wax は、菜種植物の油から抽出された天然植物性のワックスで、キャンドル作りやその他の用途において伝統的なパラフィンワックスの環境に優しい代替品として一般的に使用されています。クリーンでゆっくり燃える特性と、香りの保持性も優れています。菜種 wax は、キャンドルの製造やリップバーム、ローション、クリームなどの天然化粧品の調合に頻繁に使用され、保湿作用も提供します。', '2026-02-11 17:24:25', '2026-02-11 17:24:25'),
(33, 'prod-soap-noodles', 'ソープヌードル', 'ソープヌードルは、石鹸製造の原料の基本素材であり、植物油脂の皂化によって生産されます。', 'ソープヌードル（ソープグラニュールとも呼ばれる）は、石鹸の製造に使用される主要な原料のひとつです。植物油や脂肪を水酸化ナトリウム（苛性ソーダ）と反応させて鹸化させることで生産されます。ソープヌードルは、通常、白または薄色の固形の塊やビーズ状で、穏やかで中立的な香りを持っています。不純物がなく、洗浄・乳化特性に寄与する脂肪酸が豊富に含まれています。', '2026-02-11 17:41:02', '2026-02-11 17:41:02'),
(34, 'prod-soy-wax', 'ソイワックス', 'ソイワックスは、大豆油から作られる再生可能な植物性ワックスで、環境に優しいキャンドル作りに人気があります。', '大豆ワックスは、大豆油から抽出される植物性ワックスの一種です。従来の石油由来のパラフィンワックスの代替品として人気があります。大豆ワックスは、再生可能で生分解性があり、環境に優しいキャンドル素材とされています。大豆油を水素添加することで作られ、キャンドルに適した固形に変化させています。通常はフレーク状で販売されており、計量や溶かしやすさに優れています。', '2026-02-11 17:17:40', '2026-02-11 17:17:40'),
(35, 'prod-soybean-oil', '大豆油', '工業および料理用の高品質大豆油', '大豆油は、大豆から抽出される多用途な植物油であり、その中性の風味と高い煙点から、揚げ物、焼き菓子、サラダドレッシングに広く使用されています。  \nオメガ‑３やオメガ‑６脂肪酸を含む多価不飽和脂肪が豊富で、ビタミンKとビタミンEも供給します。  \n揚げ物、マーガリンの製造、産業用食品に最適です。精製・脱臭されて高品質の基準を満たしています。', '2026-02-05 21:50:40', '2026-02-11 17:29:16'),
(36, 'prod-sunflower-oil', 'ひまわり油', '料理および食品加工用のプレミアムリファインドひまわり油', '私たちのプレミアム精製ひまわり油は、調理、揚げ物、食品加工に最適です。高品質なひまわりの種から供給され、最高基準に精製されています。', '2026-02-05 21:43:22', '2026-02-11 17:22:22');

--
-- Dumping data for table `products_ko`
--

INSERT INTO `products_ko` (`id`, `master_id`, `name`, `description`, `full_description`, `created_at`, `updated_at`) VALUES
(1, 'bdf424df-f9b0-4a79-84d6-f6ed1eb1e84f', '팜 올린', '팜 올린은 정제된 팜오일의 액체 성분으로, 중화된 맛과 긴 튀김 수명, 바삭한 식감을 제공하는 안정적인 튀김 및 조리용 오일로 평가받으며, 간식, 패스트푸드, 가정용 제품에 적합합니다.', '팜 올레인(Palm olein)은 정제, 표백, 탈취(RBD)된 팜유를 분별하여 투명한 액체 상태로 만든 것으로, 올레산과 팔미트산이 풍부하게 함유되어 있어 자연스럽게 우수한 산화 안정성을 갖춘 균형 잡힌 지방산 프로필을 제공합니다. 높은 발연점, 산화 및 고분자 형성에 대한 저항성, 냄새 변질 가능성이 낮아 반복적인 튀김 과정에서도 기름의 분해가 줄어들고, 거품이 적게 생기며, 완성품의 유통기한이 연장됩니다.\n\n식품 용도에서, 팜 올레인은 스낵, 감자칩, 프라이드 치킨, 즉석 라면, 냉동 프라이드 식품 등의 딥 프라이용 매체로 널리 사용되며, 많은 열대 지역에서는 일반 가정용 조리유로도 활용됩니다. 또한, 콩기름, 해바라기유 또는 기타 채소유와 혼합하여 맞춤형 영양 및 기능적 프로필을 구현하는 베이스 오일로도 사용되며, 마가린, 제과용 유지, 식품 서비스용 튀김 시스템 등에서도 안정적인 성능과 깨끗한 맛을 유지하는 데 필수적입니다.', '2026-02-11 17:15:33', '2026-02-11 17:15:33'),
(2, 'prod-beeswax', '밀랍', '화장품 및 양초 제작용 순천연 밀랍', '윤리적인 양봉가로부터 공급받은 순수 천연 밀랍입니다. 화장품, 양초 제작, 식품 용도에 적합하며 다양한 등급으로 제공됩니다.', '2026-02-11 17:30:00', '2026-02-11 17:30:00'),
(3, 'prod-bw101-palm-wax', '파름 왁스', '고급 100% 팜 왁스, 크리미한 노란색으로 양초 제작에 이상적입니다. RSPO SG (Segregated) / MB (Mass balance) 인증 항목입니다.', '프리미엄 100% 야자 왁스는 아름다운 크리미 옐로우 색상을 자랑합니다. 환경 지속 가능성을 위해 RSPO MB 인증을 받았습니다. 양초 제작, 몰딩, 컨테이너 양초에 이상적입니다.', '2026-02-11 17:45:39', '2026-02-11 17:45:39'),
(4, 'prod-bw105-palm-wax', '팔름 쇼트닝(저녹는점)', 'Palm Shortening은 분별된 팜 오일에서 얻어지는 반고체, 비하이드로제네이티드 지방으로, 뛰어난 안정성과 중립적인 맛을 제공합니다.', 'Palm Shortening은 부분 경화되지 않은 반고체 형태의 지방으로, 팜유를 분획하여 얻으며 뛰어난 안정성과 중립적인 풍미를 제공합니다.\n베이커리 용도에 이상적이며, 크러스트가 바삭한 페이스트리, 부드러운 케이크, 높은 발연점의 바삭한 튀김 요리를 만들어 냅니다.\n산화 저항성이 높은 경제적인 버터 또는 라드 대체재로, 산업 제빵에 적합합니다.', '2026-02-11 17:31:24', '2026-02-11 17:31:24'),
(5, 'prod-bw10510-blended-wax', '병용 캔들용 팔름-파라핀 블렌드왁스', '사용 준비 완료된 Low MP 병 캔들 블렌드: 팜-파라핀-미크로크리스탈린과 Polyboost™, Vybar®, UV 안정제를 포함—색상과 향을 추가하기만 하면 뛰어난 유리 부착력과 최대 연기가 가능합니다.', 'Bio Green Wax의 저녹는점 병 Candle Blend (48-50°C) 및 (50-52°C)—유리 용기에 최적화된 Palm-Paraffin-Microcrystalline 조성. 사용 준비 완료: 색상과 향료만 추가하세요. Polyboost/Vybar를 활용한 불투명도/접착력 강화, UV 안정제/항산화제를 통한 저장 수명 연장, 그리고 향료 유지제와 함께 뛰어난 온/냉서 Throws, 주름 없는 연소, 우수한 병 유지력으로 프리미엄 용기 캔들에 적합합니다.', '2026-02-11 17:37:30', '2026-02-11 17:37:30'),
(6, 'prod-bw10555-blended-wax', '대두 기반 비건 왁스 블렌드', 'Bio Green Wax의 Ready-to-use 95% Soy Vegan Blend—Jar(48-52°C) 및 Pillar(56-62°C) 캔들용 순수 식물성 제품. 색상과 향만 더하면 완성됩니다.', 'Bio Green Wax의 95% Soy Wax Vegan Blend(식물 첨가제 5%)는 유리 용기와 독립형 기둥용으로 깨끗하게 타오르는 자연스러운 성능을 제공합니다. 용기용 저융점(48-52°C)과 기둥용 고융점(56-62°C)으로 제공됩니다. 바로 사용 가능하며, 색상과 향을 추가하기만 하면 뛰어난 향발산과 부드러운 마감 처리를 즐기실 수 있습니다.', '2026-02-11 17:32:13', '2026-02-11 17:32:13'),
(7, 'prod-bw10610-blended-wax', '기둥초용 팜-파라핀 혼합 왁스', '즉시 사용 가능한 고MP 기둥초 블렌드 (56-58°C & 58-60°C): Palm-Paraffin-Microcrystalline와 Polyboost™, Vybar®, UV 안정제—색상과 향만 추가하면 우수한 기둥초 성능을 발휘합니다.', 'Bio Green wax의 High Melting Point Pillar Candle Blends (56-58°C & 58-60°C)—독립형 필라 candle에 맞게 설계된 Palm-Paraffin-Microcrystalline 조성물. 바로 사용 가능: 컬러와 향료만 첨가하세요. Polyboost/Vybar로 몰드 방출과 불투명도 향상, UV 안정제/항산화제로 유통기한 연장, 향 유지제 포함으로 뛰어난 온/냉 불꽃, 완벽한 필라 형태 유지, 깔끔한 연소 성능을 제공합니다.', '2026-02-11 17:38:18', '2026-02-11 17:38:18'),
(8, 'prod-bw10655-blended-wax', 'soy-밀랍-파라핀 왁스 블렌드', 'Bio Green Wax의 즉시 사용 가능한 소이-비즈왁스-파라핀 블렌드— Jar(48-52°C)와 Pillar(56-62°C) 캔들의 향기 발산을 극대화합니다. 향과 색을 더하기만 하면 됩니다.', 'Bio Green Wax의 Soy-Beeswax-Paraffin 블렌드는 자연스러운 소이의 부드러움, 밀랍의 안정성, 그리고 파라핀의 향기 강도를 결합하여 비할 데 없는 향기 연출력을 자랑합니다. 낮은 용융점(48-52°C)은 유리 용기에서 뛰어난 성능을 발휘하며, 높은 용융점(56-62°C)은 필러에 이상적입니다. 바로 사용 가능한 포뮬러로, 향료와 색소만 추가하면 뛰어난 온도별(온/냉) 분사력과 결점 없는 캔들 마감이 가능합니다.', '2026-02-11 17:33:03', '2026-02-11 17:33:03'),
(9, 'prod-bw8307-blended-wax', '코코넛-유채왁스 블렌드', 'Bio Green Wax의 즉시 사용 가능한 코코넛-유채씨 블렌드—Jar(48-52°C) 및 Pillar(56-62°C) 양초용 크리미한 자연 성능. 색상과 향만 추가하세요.', 'Bio Green Wax의 Coconut-Rapeseed Blend는 코코넛 왁스의 크리미한 질감과 유채왁스의 부드러운 연소를 결합하여 뛰어난 자연 테이프 성능을 자랑합니다. 낮은 녹는점(48-52°C)은 용기 캔들에 최적화되어 있으며, 높은 녹는점(56-62°C)은 필러 캔들에 적합합니다. 완전히 사용 준비가 되어 있어, 색상과 향기만 선택하여 넣기만 하면 전문적이고 깨끗하게 타는 결과를 얻을 수 있습니다.', '2026-02-11 17:33:52', '2026-02-11 17:33:52'),
(10, 'prod-carnauba-wax', '카르나우바 왁스', '폴리시 및 코팅용 프리미엄 브라질 카르나우바 왁스', '프리미엄 브라질 카나우바 왁스, 흔히 \"왁스의 여왕\"으로 알려져 있습니다. 차량 광택, 화장품, 식품 코팅에 이상적입니다. 가장 높은 자연 녹는점이 특징입니다.', '2026-02-11 17:30:38', '2026-02-11 17:30:38'),
(11, 'prod-castor-oil', '피마자유', '프리미엄 냉압 착색 캐스터 오일은 리시누스 커뮤니스 씨앗에서 추출되며, 의약품, 화장품 및 산업용으로 널리 사용됩니다.', 'Bio Green Wax는 고품질의 피마자유를 공급합니다. 피마자유는 피마자 식물(Ricinus communis)의 씨를 압착하여 얻는 다양한 용도의 채소유입니다. 리시놀레산(약 85~90%)이 풍부한 독특한 화학 조성으로 알려진 이 오일은 뛰어난 점도, 윤활성, 보습 특성을 가지고 있어 다양한 산업 분야에서 매우 귀중하게 여겨집니다.\n\n저희 피마자유는 엄격한 원료 선정과 가공 과정을 거쳐 순도와 일관성을 최상의 수준으로 유지하고 있습니다. 냉압 (버진) 및 정제 등급으로 제공되며, 제약, 화장품, 산업용으로 사용할 수 있습니다. 이 오일은 뛰어난 안정성 및 알코올에 대한 용해도를 가지고 있어, 다른 식물성 오일과 차별화되며, 우수한 성능이 요구되는 제형에 이상적입니다.\n\n피마자유는 자연적으로 생분해 가능하며 재생 가능 자원에서 유래되어, Bio Green Wax의 지속 가능하고 환경 책임 있는 공급 원칙과 일치합니다.', '2026-02-11 17:16:31', '2026-02-11 17:16:31'),
(12, 'prod-coconut-oil', '코코넛 오일', '음식 및 화장품용 버진 및 정제 코코넛 오일', '요리, 베이킹 및 화장품 용도로 적합한 프리미엄 버진 및 정제된 코코넛 오일입니다. 다양한 등급으로 제공되어 귀하의 특정 요구에 부응합니다.', '2026-02-09 02:59:11', '2026-02-11 17:17:11'),
(13, 'prod-coconut-wax', '코코넛 왁스', '코코넛 왁스는 코코넛 오일에서 추출한 천연 왁스로, 깨끗하게 태우는 양초와 친환경적인 용도로 높이 평가됩니다.', '코코넛 왁스는 코코넛 오일에서 추출된 천연 왁스로, 양초 제작에서 깨끗하고 천천히 타는 특성으로 잘 알려져 있습니다. 이는 종종 다른 왁스의 지속 가능한 대안으로 여겨집니다. 코코넛 왁스는 친환경적인 특성과 향기를 잘 유지하는 능력으로 높이 평가됩니다. 자연스럽고 재생 가능한 자원에서 얻어지며, 더 오래 지속되고 효율적인 연소를 위해 깨끗하게 타는 양초를 만들어줍니다.', '2026-02-11 17:26:03', '2026-02-11 17:26:03'),
(14, 'prod-fr5456-paraffin-wax', '반정제 파라핀 왁스 (50-68°C)', 'Bio Green Wax 세미 정제 파라핀 (50-68°C)—양초, 고무, 섬유 및 대량 산업용 응용에 적합한 1-5% 오일 함유로 비용 효율적인 제품입니다.', 'Bio Green Wax의 Semi Refined Paraffin Waxes (50-68°C)는 유연한 경도를 위해 조절된 오일 함량(1-5%)으로 경제적인 성능을 제공합니다. 표준 등급: 52/54°C (양초용), 56/58°C (기둥용), 60/62°C (산업용). 비용 민감한 양초 제작, 고무 가공 보조제, 섬유 마감, 대량 포장 코팅 등에 이상적이며, 균형잡힌 성능과 가격이 가장 중요한 경우에 적합합니다.', '2026-02-11 17:23:56', '2026-02-11 17:23:56'),
(15, 'prod-glycerine', '글리세린', '글리세린은 무색, 무취의 점성 액체로, 의약품, 화장품, 식품 산업에서 널리 사용됩니다.', '글리세린(또는 글리세롤, 글리세린)은 무색, 무취의 점성 액체로 달콤한 맛이 있습니다. 일반적으로 무색의 시럽 같은 액체이며, 약간 노란빛이 도는 경우도 있습니다. 글리세린은 높은 점성으로 인해 천천히 흘러가며 비교적 두꺼운 성질을 가지고 있습니다. 시럽과 같은 농도를 지니고 있어 수분을 유지하는 데 뛰어나며, 제약, 화장품, 식품 가공, 다양한 산업 분야에서 광범위하게 사용됩니다.', '2026-02-11 17:19:57', '2026-02-11 17:19:57'),
(16, 'prod-hydrogenated-castor-oil', '수소화 피마자유', '수소화 피마자유는 피마자유의 고체 왁스성 유도체로, 화장품, 의약품 및 산업용으로 사용됩니다.', '수소화 피마자유(캐스터 왁스 또는 캐스터 왁스 플레이크라고도 함)는 피마자유에서 유래된 화합물로, 수소화 과정을 거쳐 생성됩니다. 이 과정은 피마자유 분자에 수소를 첨가하는 것으로, 고체의 왁스 같은 물질로 변하게 됩니다. 이 성분은 립스틱, 크림, 로션 등 화장품 및 개인 케어 제품에 피부에 부드러움과 수분을 제공하는 유연제로 사용됩니다. 또한 화장품 제조 시 결합제로서 역할을 하여 성분들이 서로 잘 붙고 피부에 잘 밀착되도록 돕습니다.', '2026-02-11 17:25:20', '2026-02-11 17:25:20'),
(17, 'prod-microcrystalline-wax', '미세결정 왁스', '화장품 및 접착제용 유연성 미세결정 왁스', '화장품, 핫멜트 접착제 및 특수 코팅에 이상적인 유연한 미세결정 왁스. 뛰어난 유연성과 접착력을 자랑합니다.', '2026-02-11 17:23:10', '2026-02-11 17:23:10'),
(18, 'prod-olive-oil', '올리브 오일', '프리미엄 품질의 순수 올리브유로, 지중해산 엄선된 올리브를 냉압착하여 요리, 화장품, 산업용으로 사용됩니다.', '저희 프리미엄 순수 올리브 오일은 엄선된 지중해산 올리브를 차가운 압착 방식으로 추출하여 뛰어난 품질과 풍부한 풍미를 자랑합니다. 식품 조리, 화장품, 의약품, 개인 케어 제품 등 다양한 분야에 널리 사용되며, 건강에 유익한 성분, 항산화 특성, 그리고 다목적 활용성으로 높이 평가받고 있습니다. Bio Green Wax는 엄격한 국제 품질 기준에 부합하는 올리브 오일만을 공급하여 모든 용도에서 안정적인 순도와 성능을 보장합니다.', '2026-02-11 17:41:59', '2026-02-11 17:41:59'),
(19, 'prod-palm-kernel-oil', '팜 커널 오일', '팜 kernel 오일은 야자 열매의 씨앗에서 추출되며, 식품, 화장품, 산업용 제품에 사용됩니다.', '팜커널 오일은 야자나무 열매의 핵심에서 추출되며, 뚜렷한 물리적 특성을 가지고 있습니다. 일반적으로 실온에서는 연한 노란색에서 흰색의 고체 상태를 띠며, 가열 시 맑은 노란빛 액체로 녹아내립니다. 녹는점은 23도에서 28도(73도에서 82도 화씨) 사이입니다. 팜커널 오일은 라우르산이 풍부하며, 식품 제조, 화장품, 비누 생산에 널리 사용됩니다.', '2026-02-11 17:21:49', '2026-02-11 17:21:49'),
(20, 'prod-palm-kernel-olein', '야자핵경유', '프리미엄 정제된 팜커널 오레인, 팜커널 오일을 분별하여 얻은 액체 부분으로서 뛰어난 투명도, 낮은 구름점, 식품, 퍼스널 케어 및 올레오케미컬 산업에서의 다용도 사용으로 가치가 높습니다.', 'Bio Green Wax는 정제된 팜커널 오일의 제어된 분별 공정을 통해 생산되는 액체 성분인 고품질 팜커널 올레인(PKOo)을 공급합니다. 팜커널 오일이 정밀한 조건 하에서 냉각되면 고체성분(팜커널 스테아린)과 액체성분(팜커널 올레인)으로 분리됩니다. 이렇게 얻어진 올레인은 맑고 밝은 색상의 낮은 융점과 뛰어난 유동성을 가진 투명한 기름입니다.\n\n팜커널 올레인은 라우릭산(C12)과 카프릴/카프릭 중쇄지방산이 풍부하여 뛰어난 투명도, 빠른 흡수력, 그리고 가볍고 끈적이지 않는 피부감촉을 제공합니다. 이러한 특징으로 인해 식품 산업에서는 조리용 오일, 튀김매체, 무유제품 크림, 아이스크림, 충진유 제품의 원료로 매우 인기가 높습니다.\n\n개인 케어 및 화장품 분야에서는 로션, 크림, 샴푸, 액체 비누의 기본 오일로 널리 사용되며, 뛰어난 피부연화 특성과 피부적합성으로 알려져 있습니다. 또한, 오일화학 제품의 주요 원료로서 지방산, 메틸 에스터, 계면활성제 등을 생산하는 데 사용되어 세제와 세정제의 원료로 활용됩니다.\n\nBio Green Wax는 RSPO 인증 공급망에서 팜커널 올레인을 공급하며, 전체 공급망의 투명성과 지속 가능한 팜유 공약에 부합됩니다. 본 제품은 정제, 표백, 탈취(RBD)된 형태로 제공되며, 엄격한 국제 품질 기준을 충족합니다.', '2026-02-11 17:46:36', '2026-02-11 17:46:36'),
(21, 'prod-palm-kernel-stearin', '팜 커널 스테아린', '고품질 팜커널 스테아린은 팜커널 오일의 분별 과정에서 얻어진 고체 부분으로, 선명한 녹는 점과 뛰어난 경도를 자랑하여 제과, 화장품, 올레오화학 제품에 널리 사용됩니다.', 'Bio Green Wax는 정제 팜커널유의 제어된 분별 과정을 통해 생산되는 고융점 고체 성분인 프리미엄 등급 팜 커널 스테아린(PKS)을 공급합니다. 분별 과정에서 팜커널유는 두 가지 성분으로 분리되며, 이는 팜커널 올레인(액체 성분)과 팜커널 스테아린(고체 성분)입니다. 이렇게 생성된 스테아린은 특유의 날카로운 융점과 단단한 질감을 가진 백색 또는 오프 화이트 계열의 지방입니다.\n\n팜커널 스테아린은 C12인 래우릭산과 C14인 미리스틱산이 풍부하여 우수한 경도, 빠른 결정화, 깨끗한 용융 특성을 갖추고 있습니다. 이러한 특성은 코코아버터 대체제(CBS), 합성초콜릿 코팅재, 제과 충전재, 그리고 크랙과 광택이 요구되는 특수 지방류에 이상적입니다.\n\n식품 이외의 용도에서도, 팜커널 스테아린은 지방산, 지방알코올, 비누누들, 계면활성제 생산을 위한 올레오케미컬 산업에서 중요한 원료로 사용됩니다. 또한 퍼스널 케어 및 화장품 분야에서는 크림, 로션, 고형 제형의 바디와 구조를 제공하는 역할을 합니다.\n\nBio Green Wax는 RSPO 인증 공급망에서 팜커널 스테아린을 조달하여, 완전한 추적 가능성과 지속가능한 팜오일 이행을 보장합니다. 이 제품은 정제, 표백, 탈취(RBD) 형태로 제공되며, 식품용 및 기술용 국제 품질기준을 충족합니다.', '2026-02-11 17:20:58', '2026-02-11 17:20:58'),
(22, 'prod-palm-oil', '팜 오일', '지속 가능한 방식으로 조달된 야자유와 야자유 유도체', '지속 가능하게 공급된 팜유 및 팜 유래 제품은 식품 제조, 비누 및 세제 생산에 사용됩니다. RSPO 인증 옵션도 제공됩니다.', '2026-02-09 03:17:10', '2026-02-11 17:28:45'),
(23, 'prod-palm-shortenings', '팜쇼트닝(고융점)', '고융점 팜 슈레딩(46–52 °C)은 정제된 팜유를 분별하여 만든 전문 베이커리 및 튀김용 지방으로, 강한 구조를 제공하고 깔끔한 맛과 뛰어난 내열 안정성을 갖추어 산업 현장에서 까다로운 요구에 적합하게 설계되었습니다.', '46–52 °C 범위의 고융점 팜 쇼트닝은 팜스테인과 미분획으로 만들어져 높은 고형 지방 함량, 단단한 질감, 안정된 결정망을 실내 및 고온 환경에서도 유지하도록 설계되었습니다. 이 높은 융점 범위는 뛰어난 내열성, 산화 안정성, 그리고 오일리 현상의 감소를 제공하여 열대 기후와 고온 가공 라인에 적합합니다.\n​\n\n제과 응용 분야에서는 이 쇼트닝이 우수한 기포화, 층 쌓기, 그리고 탁월한 부서짐을 제공하여 바삭한 파이 크러스트, 퍼프 페이스트리, 크림 크래커, 쿠키, 비스킷 등을 지지하며, 따뜻한 조건에서도 모양과 식감을 유지합니다. 또한 강인한 튀김용 및 반죽용 지방으로 사용되며, 육류 제품에서 동물성 지방 대체제 역할도 합니다. 이 제품들의 단단한 구조, 유화 안정성, 그리고 트랜스-제로, 비수소화 성분 특성은 일관된 식감, 깔끔한 풍미 발산, 그리고 라벨 친화적인 성분 구성에 도움을 줍니다.', '2026-02-11 17:28:05', '2026-02-11 17:28:05'),
(24, 'prod-palm-stearic-acid', '팜 스테아릭 애시드', '팜 스테아릭 산은 팜유에서 추출된 포화 지방산으로, 화장품, 양초, 고무 제조에 사용됩니다.', '팜스테아르산은 팜오일에서 추출된 지방산의 일종으로, 지방산을 분리하고 결정화하는 과정을 통해 얻어집니다. 이는 안정성과 상온에서 고체 상태를 유지하는 포화 지방산으로 알려져 있으며, 왁스 같은 흰색에서 약간 노란색을 띠는 외관을 가지고 있습니다. 팜스테아르산의 녹는점은 일반적으로 55-70도 섭씨(131-158도 화씨) 사이로, 화장품, 양초, 고무 제품 등 다양한 제형에 쉽게 통합할 수 있습니다.', '2026-02-11 17:39:45', '2026-02-11 17:39:45'),
(25, 'prod-palm-stearin', '팜 스테아린', 'Palm stearin은 팜유의 고체 부분으로, 일반적으로 식품 제조, 양초 제작, 비누 제조에 사용됩니다.', '팜 스테아린은 분별 과정을 통해 얻어진 팜유의 고체 부분으로, 높은 포화 지방산 함량으로 알려져 있습니다. 실온에서 고체 상태를 유지하며, 크림색이거나 연한 노란색을 띠고 부드럽고 왁스 같은 질감을 가지고 있습니다. 팜 스테아린은 팜유보다 녹는점이 높습니다. 식품 산업에서는 지방 안정화, 마가린 생산, 양초와 비누 제조에 일반적으로 사용됩니다.', '2026-02-11 17:39:03', '2026-02-11 17:39:03'),
(26, 'prod-paraffin-wax', '완전히 정제된 파라핀 왁스 (50-68°C)', 'Bio Green Wax 완전 정제 파라핀 (50-68°C)—식품/제약 등급, 유류 함유량 <0.5%, 탁월한 경도. 양초, 화장품, 포장, 정밀 산업용 애플리케이션에 적합합니다.', 'Bio Green Wax의 완전 정제 파라핀 왁스(녹는점 50-68°C)는 초저유지(<0.5%), 뛰어난 경도, 그리고 중성 냄새/색상을 특징으로 합니다. 촛불용 등급(52/54°C, 56/58°C), 용기용 등급(50/52°C), 고녹임 기둥용 등급(64/66°C)으로 제공됩니다. 프리미엄 촛불, 화장품, 식품 포장 코팅, 정밀 성형 등 최대 순도와 성능 일관성을 요구하는 제품에 이상적입니다.', '2026-02-11 17:43:43', '2026-02-11 17:43:43'),
(27, 'prod-pf56-synthetic-wax', '피셔-트롭스치 (FT) 왁스', '피셔‑트로프쉬 (FT) 왁스는 합성 가스(syngas)에서 생산되는 고순도 인조 파라핀 왁스로, 높은 녹는점, 낮은 점도, 뛰어난 경도를 갖추어 플라스틱, 코팅제, 잉크, 접착제, 아스팔트 개질 등의 까다로운 용도에 적합합니다.', 'FT 왁스는 Fischer‑Tropsch 합성을 통해 생성되며, 맑고 순백색의 초순수 왁스를 만들어 냅니다. 이 왁스는 좁은 탄소 사슬 분포, 매우 낮은 유분 함량, 뛰어난 열 안정성을 갖추고 있습니다. 높은 연화점과 낮은 용융 점도, 강한 경도를 결합하여 많은 제형에서 탁월한 긁힘 저항, 광택 조절, 무광 효과 및 윤활성을 제공합니다.\n\n플라스틱 및 PVC/CPVC 가공 시, FT 왁스는 내부 및 외부 윤활제와 가공 보조제로서 작용하여 용융 점도를 낮추고, 유동성을 개선하며, 금형 분리 및 치수 안정을 향상시킵니다. 또한 열용융 접착제와 압력 감응 접착제, 인쇄 잉크, 산업용 코팅제 등에 널리 사용되어 단단함, 마모 및 긁힘 저항, 블록 저항, 침전 방지 효과를 높이면서 점도 안정화에 기여합니다. 중요한 응용 분야로는 아스팔트 및 아스팔트 개질, 마스터배치 및 폴리머 혼합, 고무 가공, 광택제, 섬유, 그리고 화장품 제형이 있으며, FT 왁스는 결정성 조절, 마모 및 주름 저항 개선, 부드러운 촉각을 제공합니다.', '2026-02-11 17:44:43', '2026-02-11 17:44:43'),
(28, 'prod-pfad', 'PFAD (Palm Fatty Acid Distillate)', 'PFAD는 팜 오일 정제의 부산물로, 비누 제조, 동물 사료, 바이오연료 생산에 사용됩니다.', '팜 지방산 증류물 (PFAD)은 야자유 정제 과정의 부산물입니다. 원유 야자유를 증류하여 불순물을 제거하고 더 높은 순도를 달성하는 과정에서 얻어집니다. PFAD는 특유의 냄새를 가진 갈색빛 노란색 액체입니다. 포화 지방산과 불포화 지방산이 혼합되어 있으며, 주요 지방산은 라우르산, 미리스틴산, 팔미트산입니다. PFAD는 비누 제조, 동물 사료, 바이오디젤 생산에 사용됩니다.', '2026-02-11 17:26:48', '2026-02-11 17:26:48'),
(29, 'prod-pkfad', '야자핵유지방산증류물 (PKFAD)', 'PKFAD는 야자핵유 정제 과정에서 부산물로 생성되며, 라우릭산이 풍부하여 비누 및 올레오화학 산업에 사용됩니다.', 'Palm Kernel Fatty Acid Distillate (PKFAD)는 야자유 정제 과정에서 얻어지는 부산물입니다. 이 제품은 라우릭산을 포함한 다수의 지방산이 풍부하여 특정 산업용도에 가치가 있습니다. PKFAD는 비누 제조, 바이오연료 생산, 그리고 올레오화학 산업의 원료 등 다양한 산업 분야에 사용됩니다.', '2026-02-11 17:40:28', '2026-02-11 17:40:28'),
(30, 'prod-polyethylene-wax', '폴리에틸렌 왁스 (PE 왁스)', '저분자량 폴리에틸렌은 플라스틱, 코팅제, 잉크, 접착제에서 고성능 윤활제 및 가공 보조제로 사용되며, 유동성, 표면 미끄러짐, 흠집 저항을 향상시킵니다.', '폴리에틸렌 왁스는 미세 분쇄된 고융점의 합성 왁스로, 점도가 낮고 열 안정성이 뛰어나며 PVC, PE, PP, EVA와 같은 일반 폴리머와의 우수한 상용성을 자랑합니다. 내부 및 외부 윤활제 역할을 하며, 용융점 점도와 마찰을 감소시키고 금형탈출을 용이하게 하며, 매끄럽고 광택이 나는 긁힘 방지 표면을 제공합니다.\n​\n\n주요 용도는 플라스틱 및 마스터배치 가공으로, PE 왁스는 압출 및 사출 성형 효율을 높이고 다이 퇴적물 방지, 그리고 안료와 충전제의 분산을 개선합니다. 또한, 핫멜트 및 압력 감응 접착제, 잉크, 분체 코팅 등에 사용되어 용융점 점도를 조절하고, 결속력과 인성을 강화하며, 개시 및 경화 시간을 최적화합니다. 추가적으로 아스팔트 및 도로 표지용 페인트, 목질‑플라스틱 복합재, 고무 컴파운드, 케이블 컴파운드, 광택제 및 크레용과 같은 제형 왁스 제품에 사용되어 연화점, 경도, 방수성을 높입니다.', '2026-02-11 17:42:53', '2026-02-11 17:42:53'),
(31, 'prod-rapeseed-oil', '유채유', '영국 농장에서 생산된 냉압착 및 정제된 카놀라유', '영국 농장에서 생산된 냉압착 및 정제된 카놀라유. 요리, 구이, 샐러드 드레싱에 이상적입니다. 포화지방이 적고 오메가-3가 풍부합니다.', '2026-02-11 17:34:28', '2026-02-11 17:34:28'),
(32, 'prod-rapeseed-wax', '유채왁스', '유채왁스는 양초 제작과 화장품에 친환경적인 대안으로 사용되는 천연 식물성 왁스입니다.', '유채 왁스는 유채 식물의 기름에서 추출된 천연 식물성 왁스로, 전통적인 파라핀 왁스의 환경 친화적인 대안으로 촛불 제작 및 기타 용도에 일반적으로 사용됩니다. 깨끗하고 느리게 타며, 향기 유지력이 뛰어납니다. 유채 왁스는 촛불 생산뿐만 아니라 립 밤, 로션, 크림 등 천연 화장품의 조합에도 자주 사용되며, 보습 기능을 제공합니다.', '2026-02-11 17:24:36', '2026-02-11 17:24:36'),
(33, 'prod-soap-noodles', '비누 국수', '솝 누들은 비누 제조의 주 원료로, 식물성 기름과 지방의 비누화 과정을 통해 생산됩니다.', '비누 국수(Soap noodles), 또는 비누 과립(soap granules)라고도 하는 이 원료는 비누 제조에 사용되는 주요 원료 중 하나입니다. 식물성 기름과 지방을 수산화나트륨(가성소다, lye)과 반응시켜 비누화하는 과정인 비누화(saponification)를 통해 생산됩니다. 비누 국수는 일반적으로 연한 흰색 또는 미색의 덩어리 또는 구슬 형태로, 부드럽고 중성적인 향기를 가지고 있습니다. 불순물이 없으며, 세정력과 유화 특성을 높이는 지방산이 풍부하게 함유되어 있습니다.', '2026-02-11 17:41:14', '2026-02-11 17:41:14'),
(34, 'prod-soy-wax', '소이 왁스', '소이 왁스는 대두유로 만든 재생 가능한 식물성 왁스로, 환경 친화적인 캔들 제작에 인기 있습니다.', '소이 왁스는 대두유에서 추출된 식물성 왁스의 일종입니다. 이것은 석유에서 유래된 전통적인 파라핀 왁스의 인기 있는 대체품입니다. 소이 왁스는 재생 가능하고 생분해 가능하며 친환경적인 촛불 용품 선택으로 여겨집니다. 이는 대두유를 수소화하여 만들어지며, 촛불에 적합한 고체 형태로 변환됩니다. 일반적으로는 측정하기 쉽고 녹이기 편한 조각(플레이크) 형태로 제공됩니다.', '2026-02-11 17:17:52', '2026-02-11 17:17:52'),
(35, 'prod-soybean-oil', '대두유', '산업용 및 요리용 고품질 대두유', '대두유는 콩에서 추출한 다목적 식물성 기름으로, 중성적인 맛과 높은 연기점 덕분에 튀김, 베이킹, 샐러드 드레싱에 широко 사용됩니다.  \n이 기름은 오메가‑3와 오메가‑6 지방산을 포함한 다중불포화지방이 풍부하며, 비타민 K와 비타민 E를 제공합니다.  \n깊은 튀김, 마가린 생산, 산업용 식품에 적합합니다. 정제 및 탈취 과정을 거쳐 프리미엄 기준으로 제조됩니다.', '2026-02-11 17:29:26', '2026-02-11 17:29:26'),
(36, 'prod-sunflower-oil', '해바라기유', '요리 및 식품 가공용 프리미엄 정제 해바라기유', '우리의 프리미엄 정제 해바라기유는 조리, 튀김, 식품 가공에 적합합니다. 양질의 해바라기씨에서 공급되었으며, 최고 수준으로 정제되었습니다.', '2026-02-09 03:22:15', '2026-02-11 17:22:33');

--
-- Dumping data for table `products_pl`
--

INSERT INTO `products_pl` (`id`, `master_id`, `name`, `description`, `full_description`, `created_at`, `updated_at`) VALUES
(1, 'bdf424df-f9b0-4a79-84d6-f6ed1eb1e84f', 'Olej palmowy rafinowany', 'Oleina palmowa to płynna frakcja rafinowanego oleju palmowego, ceniona jako stabilny olej do smażenia i gotowania, który zapewnia neutralny smak, długą trwałość podczas smażenia oraz chrupiącą teksturę dla przekąsek, fast foodów i zastosowań domowych.', 'Palm olein jest produkowany poprzez frakcjonowanie rafinowanego, wybielonego i deodorowanego (RBD) oleju palmowego, aby uzyskać klarowny płyn bogaty w kwasy oleinowy i palmitynowy, zapewniający zrównoważony profil kwasów tłuszczowych z naturalnie dobrą stabilnością oksydacyjną. Jego wysoka temperatura dymienia, odporność na utlenianie i tworzenie się polimerów oraz niska skłonność do tworzenia nieprzyjemnych smaków umożliwiają wielokrotne smażenie z mniejszym rozkładem oleju, mniej pienienia i wydłużonym okresem przydatności końcowych produktów.\n​\nW zastosowaniach spożywczych palm olein jest powszechnie używany jako medium do głębokiego smażenia przekąsek, czipsów ziemniaczanych, kurczaka smażonego, instant noodle i mrożenek wcześniej smażonych, a także jako uniwersalny olej kuchenny w wielu rynkach tropikalnych. Służy również jako olej bazowy w mieszankach z sojowym, słonecznikowym lub innymi olejami roślinnymi, aby uzyskać dostosowane profile odżywcze i funkcjonalne, a także jest stosowany w margarynach, tłuszczach piekarniczych i systemach smażenia w gastronomii, gdzie kluczowa jest stabilna wydajność i czysty smak.', '2026-02-11 17:15:45', '2026-02-11 17:15:45'),
(2, 'prod-beeswax', 'Wosk pszczeli', 'Czysty naturalny wosk pszczeli do kosmetyków i produkcji świec', 'Czysty naturalny wosk pszczeli pochodzący od etycznych pszczelarzy. Idealny do produkcji kosmetyków, świec oraz zastosowań spożywczych. Dostępny w różnych klasach jakościowych.', '2026-02-11 17:30:08', '2026-02-11 17:30:08'),
(3, 'prod-bw101-palm-wax', 'Wosk Palmowy', 'Premium 100% wosk palmowy o kremowo-żółtym kolorze, idealny do produkcji świec. Certyfikowany przez RSPO SG (Segregated) / MB (Mass balance).', 'Premiumowa, 100% wosk palmowy o pięknym, kremowo-żółtym kolorze. Certyfikat RSPO MB potwierdzający zrównoważony rozwój. Idealny do produkcji świec, odlewów i świec w słoikach.', '2026-02-11 17:45:46', '2026-02-11 17:45:46'),
(4, 'prod-bw105-palm-wax', 'Palmowe tłuszcze do smarowania (o niskiej temperaturze topnienia)', 'Palm Shortening to półstała, nienasycona tłuszczowa substancja pochodząca z frakcjonowanego oleju palmowego, zapewniająca wyjątkową stabilność i neutralny smak.', 'Palm Shortening to półstała, nieuwodorniona tłuszcz pochodzący z frakcjonowanego oleju palmowego, zapewniający doskonałą stabilność i neutralny smak.\nIdealny do zastosowań piekarniczych — tworzy kruche ciasta, delikatne ciasta i chrupiące potrawy smażone na głębokim tłuszczu, charakteryzujące się wysokim punktem dymienia.\nEkonomiczna, odporna na utlenianie alternatywa dla masła lub smalcu w przemysłowym pieczeniu.', '2026-02-11 17:31:33', '2026-02-11 17:31:33'),
(5, 'prod-bw10510-blended-wax', 'Miękka woskowa mieszanka palmowo-parafynowa do świec słoikowych', 'Gotowa do użycia mieszanka świecy jar Low MP: palmowo-parafinowa-mikrokrystaliczna z Polyboost™, Vybar®, stabilizatorami UV—wystarczy dodać kolor i zapach dla lepszej przyczepności do szkła i maksymalnego efektu.', 'Bio Green Wax\'s Low Melting Point Jar Candle Blend (48-50°C) i (50-52°C)—formuła Palm-Paraffin-Microcrystalline zoptymalizowana dla pojemników szklanych. Gotowa do użycia: wystarczy dodać barwnik i zapach. Zawiera Polyboost/Vybar dla nieprzezroczystości/przyczepności, stabilizatory UV/antyoksydanty dla trwałości, oraz środki zatrzymujące zapach, zapewniające wyjątkowe przenikanie ciepła/zimna, brak zagnieceń podczas palenia i lepszą przyczepność do pojemnika, co czyni ją idealnym rozwiązaniem dla wysokiej jakości świec w szkle.', '2026-02-11 17:37:41', '2026-02-11 17:37:41'),
(6, 'prod-bw10555-blended-wax', 'Wegetyczna mieszanina wosku na bazie soi', 'Gotowa do użycia 95% wegańska mieszanka sojowa Bio Green Wax — czysto roślinna, przeznaczona do świec w słoiku (48-52°C) i na słupki (56-62°C). Wystarczy dodać barwnik i zapach.', 'Bio Green Wax\'s 95% Soy Wax Vegan Blend (5% dodatków roślinnych) zapewnia czyste, naturalne spalanie dla słoików szklanych i wolnostojących słupków. Dostępny w wersji o niskiej temperaturze topnienia (48-52°C) dla pojemników oraz wysokiej temperaturze topnienia (56-62°C) dla słupków. Gotowy do użycia: wystarczy dodać swój kolor i zapach, aby uzyskać wyjątkową projekcję i gładkie wykończenie.', '2026-02-11 17:32:22', '2026-02-11 17:32:22'),
(7, 'prod-bw10610-blended-wax', 'Wosk mieszany Palm-Parafina do świec stołowych', 'Gotowe do użycia mieszanki świec pillar High MP (56-58°C i 58-60°C): palmowo-parafinizowe-mikrokrystaliczne z Polyboost™, Vybar®, stabilizatorami UV—wystarczy dodać barwnik i perfum, aby uzyskać doskonałe właściwości świec pillar.', 'Bio Green wax\'s High Melting Point Pillar Candle Blends (56-58°C i 58-60°C)—Formulacje Palm-Parafina-Mikrokrystaliczne zaprojektowane do samodzielnych świec stożkowych. Gotowe do użycia: wystarczy dodać kolor i zapach. Optymalizowane z Polyboost/Vybar dla łatwego wydobycia z formy i nieprzepuszczalności, stabilizatory UV/antyoksydanty dla przedłużonej trwałości, a także środki zatrzymujące zapach zapewniające doskonały rozkład ciepła/zimna, utrzymanie kształtu świecy i czyste spalanie.', '2026-02-11 17:38:28', '2026-02-11 17:38:28'),
(8, 'prod-bw10655-blended-wax', 'Mieszanka sojowego wosku, wosku pszczelego i parafinowego', 'Gotowa mieszanka soi, wosku pszczelego i parafiny od Bio Green Wax — najlepszy rozprysk zapachu dla świec w słoiku (48-52°C) oraz świec kandelabrów (56-62°C). Wystarczy dodać aromat i barwnik.', 'Bio Green Wax\'s Soy-Beeswax-Paraffin Blend łączy naturalną gładkość soi, stabilność wosku pszczelego i siłę zapachu parafiny, zapewniając niezrównaną wydajność zapachu. Niska temperatura topnienia (48-52°C) doskonale sprawdza się w szklanych naczyniach; wysoka temperatura topnienia (56-62°C) idealna do słupków. Gotowa do użycia formuła — wystarczy dodać zapach i barwnik, aby uzyskać doskonały efekt rozpylenia ciepłego/zimnego oraz perfekcyjne wykończenie świecy.', '2026-02-11 17:33:13', '2026-02-11 17:33:13'),
(9, 'prod-bw8307-blended-wax', 'Mieszanka wosków kokosowo-rzepakowych', 'Gotowa do użycia mieszanka kokosowo-rapeseedowa od Bio Green Wax — kremowa, naturalna wydajność dla świec słoikowych (48-52°C) i słupkowych (56-62°C). Dodaj tylko barwnik i zapach.', 'Bio Green Wax\'s Coconut-Rapeseed Blend łączy kremową teksturę wosku kokosowego z gładkim paleniem wosku rzepakowego, zapewniając wyjątkową naturalną wydajność świec. Niska temperatura topnienia (48-52°C) zoptymalizowana dla świec w pojemnikach; wysoka temperatura topnienia (56-62°C) dla świec filarowych. Całkowicie gotowe do użycia — wystarczy dodać wybrany przez siebie kolor i aromat, aby uzyskać profesjonalne, czyste spalanie.', '2026-02-11 17:34:00', '2026-02-11 17:34:00'),
(10, 'prod-carnauba-wax', 'Wosk Carnauba', 'Premiumowa brazylijska wosk karnauba do polerek i powłok', 'Premierowy wosk z brazylijskiej carnauby, znany jako \"królowa wosków\". Idealny do polerowania samochodów, kosmetyków oraz powłok spożywczych. Najwyższy naturalny punkt topnienia.', '2026-02-11 17:30:46', '2026-02-11 17:30:46'),
(11, 'prod-castor-oil', 'Olej rycynowy', 'Premiumowa olej rycynowy tłoczony na zimno z nasion Ricinus communis, szeroko stosowany w przemyśle farmaceutycznym, kosmetycznym i przemysłowym.', 'Bio Green Wax dostarcza wysokiej jakości olej rycynowy, uniwersalny olej roślinny pozyskiwany przez tłoczenie nasion rośliny rokitnika pospolitego (Ricinus communis). Znany ze swojej unikalnej chemicznej kompozycji bogatej w kwas rycynolowy (około 85–90%), olej rycynowy wykazuje wyjątkową lepkość, ślizg i właściwości nawilżające, które czynią go nieocenionym w szerokim zakresie branż.\n\nNasz olej rycynowy jest starannie pozyskiwany i przetwarzany, aby spełniać najwyższe standardy czystości i jednolitości. Dostępny jest zarówno w wersji tłoczonej na zimno (surowej), jak i rafinowanej, odpowiedniej do zastosowań farmaceutycznych, kosmetycznych i przemysłowych. Wyjątkowa stabilność oleju i jego rozpuszczalność w alkoholu odróżniają go od innych olejów roślinnych, co czyni go preferowanym składnikiem w formulacjach wymagających wysokiej wydajności.\n\nOlej rycynowy jest naturalnie biodegradowalny i pochodzi ze źródeł odnawialnych, co jest zgodne z zobowiązaniem Bio Green Wax do zrównoważonego i ekologicznego pozyskiwania surowców.', '2026-02-11 17:16:42', '2026-02-11 17:16:42'),
(12, 'prod-coconut-oil', 'Olejek kokosowy', 'Wegański i oczyszczony olej kokosowy do zastosowań spożywczych i kosmetycznych', 'Premium virgin i rafinowany olej kokosowy odpowiedni do gotowania, pieczenia oraz zastosowań kosmetycznych. Dostępny w różnych klasach, aby sprostać Twoim szczególnym potrzebom.', '2026-02-09 02:59:53', '2026-02-11 17:17:18'),
(13, 'prod-coconut-wax', 'Wosk kokosowy', 'Wosk kokosowy to naturalny wosk pozyskiwany z oleju kokosowego, ceniony za czyste spalanie w świecach oraz ekologiczne zastosowania.', 'Wosk kokosowy to naturalny wosk pozyskiwany z oleju kokosowego, znany z czystego i wolnego od dymu spalania w produkcji świec. Często jest uważany za zrównoważoną alternatywę dla innych wosków. Wosk kokosowy cieszy się uznaniem ze względu na swoje ekologiczne właściwości oraz zdolność do dobrze utrzymania zapachu. Jest pozyskiwany z naturalnego i odnawialnego surowca, zapewniając czyste i wolne od dymu spalanie świec, co przekłada się na dłuższą żywotność i bardziej efektywną wydajność.', '2026-02-11 17:26:11', '2026-02-11 17:26:11'),
(14, 'prod-fr5456-paraffin-wax', 'Półrafinowany wosk parafinowy (50-68°C)', 'Bio Green Wax Semi Refined Paraffin (50-68°C)—opłacalna zawartość oleju 1-5% do świec, gumy, tekstyliów oraz zastosowań przemysłowych o dużym wolumenie.', 'Bio Green Wax\'s Semi Refined Paraffin Waxes (50-68°C) zapewniają ekonomiczną wydajność z kontrolowaną zawartością oleju (1-5%) dla elastycznej twardości. Standardowe gatunki: 52/54°C (świece), 56/58°C (fakty i kolumny), 60/62°C (przemysłowe). Idealne do produkcji świec o niskim koszcie, środków do przetwarzania gumy, wykończenia tekstyliów oraz powłok do pakowania hurtowego, gdzie najważniejsze jest zrównoważenie wydajności i ceny.', '2026-02-11 17:24:04', '2026-02-11 17:24:04'),
(15, 'prod-glycerine', 'Gliceryna', 'Glicerina jest bezbarwną, bezwonną, lepką substancją używaną szeroko w przemyśle farmaceutycznym, kosmetycznym i spożywczym.', 'Gliceryna, znana również jako glicerol lub gliceryna, jest bezbarwną, bezwonną i lepką cieczą o słodkim smaku. Jest klarowną, syropowatą substancją, która zazwyczaj jest bezbarwna, choć może mieć lekko żółtawy odcień. Gliceryna charakteryzuje się wysoką lepkością, co oznacza, że płynie wolno i jest stosunkowo gęsta. Ma konsystencję przypominającą syrop, co przyczynia się do jej zdolności do zatrzymywania wilgoci. Gliceryna znajduje szerokie zastosowanie w farmaceutyce, kosmetyce, przemyśle spożywczym oraz w różnych zastosowaniach przemysłowych.', '2026-02-11 17:20:07', '2026-02-11 17:20:07'),
(16, 'prod-hydrogenated-castor-oil', 'Uleczalina rycynowa uwodorniona', 'Wosk rycynowy utwardzony jest stałym, woskowatym pochodnym oleju rycynowego, stosowanym w kosmetykach, farmaceutykach i zastosowaniach przemysłowych.', 'Uwodniony olej rycynowy, znany również jako wosk rycynowy lub płatek wosku rycynowego, jest pochodną oleju rycynowego, poddawaną procesowi uwodornienia. Polega on na dodaniu wodoru do cząsteczek oleju rycynowego, co skutkuje powstaniem stałej, woskowej substancji. Stosowany jest w produktach kosmetycznych i pielęgnacyjnych, takich jak szminki, kremy i balsamy, jako emolient zapewniający skórze gładkość i nawilżenie. Działa również jako środek wiążący w formulacjach kosmetycznych, pomagając składnikom trzymać się razem i przylegać do skóry.', '2026-02-11 17:25:28', '2026-02-11 17:25:28'),
(17, 'prod-microcrystalline-wax', 'Wosk mikrokrystaliczny', 'Elastyczny wosk mikrokrystaliczny do kosmetyków i klejów', 'Elastyczny wosk mikrokrystaliczny idealny do kosmetyków, klejów na gorąco oraz specjalistycznych powłok. Wyjątkowa elastyczność i właściwości wiążące.', '2026-02-11 17:23:20', '2026-02-11 17:23:20'),
(18, 'prod-olive-oil', 'Oliwa z oliwek', 'Najwyższej jakości czysty olej z oliwek tłoczony na zimno z wyselekcjonowanych oliwek śródziemnomorskich do zastosowań kulinarnych, kosmetycznych i przemysłowych.', 'Nasze wysokiej jakości czyste oliwne oleje extra virgin tłoczone na zimno z starannie wyselekcjonowanych oliwek z regionu Morza Śródziemnego, zapewniają wyjątkową jakość i bogaty smak. Powszechnie stosowany w przygotowaniu żywności, kosmetykach, produktach farmaceutycznych oraz artykułach do pielęgnacji osobistej, oliwa z oliwek jest ceniona za swoje korzyści zdrowotne, właściwości antyoksydacyjne oraz wszechstronne zastosowania. Bio Green Wax pozyskuje oliwę z oliwek spełniającą surowe międzynarodowe normy jakości, gwarantującą stałą czystość i skuteczność we wszystkich zastosowaniach.', '2026-02-11 17:42:09', '2026-02-11 17:42:09'),
(19, 'prod-palm-kernel-oil', 'Olej palmowy z orzeszków palmowych', 'Olej palmowy jest pozyskiwany z nasiona owocu palmy olejowej, używany w produktach spożywczych, kosmetykach i zastosowaniach przemysłowych.', 'Olej z pestek palmowych jest pozyskiwany z kernerka owocu palmy olejowej i ma charakterystyczne właściwości fizyczne. Zazwyczaj jest to jasnożółty do białego stały tłuszcz w temperaturze pokojowej, ale podczas podgrzewania rozpuszcza się w przezroczystą, żółtawą ciecz. Punkt topnienia mieści się w zakresie od 23 do 28 stopni Celsjusza (73 do 82 stopni Fahrenheita). Olej z pestek palmowych jest bogaty w kwas laurynowy i jest szeroko stosowany w produkcji żywności, kosmetyków oraz w produkcji mydeł.', '2026-02-11 17:22:00', '2026-02-11 17:22:00'),
(20, 'prod-palm-kernel-olein', 'Olein z łuski palmy', 'Premiumowa rafinowana oleina z orzechów palmowych, płynna frakcja uzyskana z frakcjonowania oleju palmowego, ceniona za doskonałą klarowność, niską punkt zmętnienia oraz wszechstronne zastosowanie w przemyśle spożywczym, kosmetycznym i oleochemicznym.', 'Bio Green Wax dostarcza wysokiej jakości palm kernel olein (PKOo), ciekłą frakcję uzyskiwaną w wyniku kontrolowanej frakcjonowania oczyszczonego oleju z orzecha palmowego. Gdy olej z orzecha palmowego jest chłodzony w precyzyjnych warunkach, rozdziela się na frakcję stałą (palm kernel stearin) oraz frakcję ciekłą (palm kernel olein). Uzyskany olein jest klarownym, jasnoznamespacewym olejem o niskiej temperaturze topnienia i doskonałej zdolności wylewania.\n\nPalm kernel olein jest bogaty w kwas laurynowy (C12) oraz średniołańcuchowe kwasy tłuszczowe kaprylowe i kaprynowe, co nadaje mu znakomitą przejrzystość, szybkie wchłanianie i lekkie, nielepiące się uczucie. Te właściwości czynią go bardzo pożądanym w przemyśle spożywczym jako olej do gotowania, medium do smażenia oraz składnik w nie-mlecznych kremach, lodach i preparatach mlecznych z nadzieniem.\n\nW sektorze kosmetyków i produktów do pielęgnacji skóry palm kernel olein jest szeroko wykorzystywany jako olej bazowy w lotionach, kremach, szamponach oraz mydłach w płynie ze względu na swoje doskonałe właściwości emolientowe i zgodność ze skórą. Służy także jako kluczowy surowiec w produkcji oleochemikaliów, z których powstają kwasy tłuszczowe, estry metylowe oraz surfaktanty używane w detergentach i produktach do czyszczenia.\n\nBio Green Wax pozyskuje palm kernel olein z łańcuchów dostaw certyfikowanych przez RSPO, zapewniając pełną identyfikowalność i zgodę z zobowiązaniami dotyczącymi zrównoważonego rozwoju oleju palmowego. Produkt dostępny jest w formie oczyszczonej, wybielonej i deodorized (RBD), spełniając surowe międzynarodowe normy jakości.', '2026-02-11 17:46:50', '2026-02-11 17:46:50'),
(21, 'prod-palm-kernel-stearin', 'Stearyna z orzecha palmowego', 'Staran wysokiej jakości z palmowych orzechów, stała frakcja uzyskiwana z frakcjonowania oleju palmowego, ceniona za ostre właściwości topnienia i doskonałą twardość w zastosowaniach cukierniczych, kosmetycznych oraz oleochemicznych.', 'Bio Green Wax dostarcza wysokiej jakości palmowe stearyna orzechowa (PKS), stałą frakcję o wyższej temperaturze topnienia, powstającą w wyniku kontrolowanej frakcjonacji rafinowanego oleju palmowego orzechowego. Podczas frakcjonowania olej palmowy orzechowy jest rozdzielany na dwie składowe: oleinę palmową orzechową (frakcję ciekłą) oraz stearynę palmową orzechową (frakcję stałą). Powstała stearyna to biały lub lekko kremowy tłuszcz o charakterystycznie ostrym punkcie topnienia i zwartej teksturze.\n\nStearyna palmowa orzechowa jest bogata w kwas laurynowy (C12) i kwas mirystynowy (C14), co zapewnia jej doskonałą twardość, szybkie krystalizowanie oraz czysty profil topnienia. Te właściwości czynią ją idealnym składnikiem do substytutów masła kakaowego (CBS), powłok czekoladowych, nadzień cukierniczych oraz tłuszczów specjalistycznych, gdzie wymagana jest chrupkość i lśniąca powierzchnia.\n\nPoza zastosowaniami spożywczymi, stearyna palmowa orzechowa służy jako cenny surowiec w branży oleochemicznej do produkcji kwasów tłuszczowych, alkoholi tłuszczowych, cienkich pastylkowych mydeł oraz surfaktantów. W branży kosmetycznej i dermokosmetycznej przyczynia się do nadania kremom, balsamom i formulacjom stałym odpowiedniej struktury i ciała.\n\nBio Green Wax pozyskuje swoją stearynę palmową orzechową z łańcuchów dostaw certyfikowanych przez RSPO, zapewniając pełną śledzoność i zgodność z zobowiązaniami dotyczącymi zrównoważonego rozwoju oleju palmowego. Produkt jest dostępny w formie rafinowanej, wybielonej i deodorized (RBD), spełniając międzynarodowe normy jakościowe dla zastosowań spożywczych i technicznych.', '2026-02-11 17:21:13', '2026-02-11 17:21:13'),
(22, 'prod-palm-oil', 'Olej palmowy', 'Sustainable pozyskiwana olej palmowy i jego pochodne', 'Oleje palmowe i pochodne pochodzące z zrównoważonych źródeł do produkcji żywności, produkcji mydła i detergentów. dostępne opcje certyfikowane przez RSPO.', '2026-02-09 03:17:47', '2026-02-11 17:28:53'),
(23, 'prod-palm-shortenings', 'Palm Shortenings (wysoka temperatura topnienia)', 'Wysokotopliwa palmowa margaryna (46–52 °C) to specjalistyczne tłuszcze do wypieków i smażenia wykonane z frakcjonowanego oleju palmowego, zaprojektowane tak, aby zapewnić mocną strukturę, czysty smak oraz doskonałą stabilność termiczną w wymagających zastosowaniach przemysłowych.', 'Zagęszczacze palmowe o wysokiej temperaturze topnienia w zakresie 46–52 °C są produkowane z palm stearyny i frakcji środkowych, aby zapewnić wysoką zawartość stałego tłuszczu, zwartą konsystencję i stabilną sieć kryształów w warunkach pokojowych i wysokich temperaturach. Ten wyższy zakres topnienia zapewnia lepszą odporność na ciepło, stabilność oksydacyjną oraz mniejsze wyciekanie oleju, co czyni je szczególnie odpowiednimi do klimatów tropikalnych i linii technologicznych o wysokiej temperaturze.\n\nW zastosowaniach piekarniczych te zagęszczacze zapewniają dobrą napowietrzalność, laminację i chrupkość, wspierając kruche spody ciast, ciasta ptysiowe, herbatniki, ciastka i biszkopty, zachowując kształt i teksturę nawet w ciepłych warunkach. Są również używane jako wytrzymałe tłuszcze do smażenia i do wyrabiania ciast, a także jako zamienniki tłuszczu zwierzęcego w wyrobach mięsnych, gdzie ich solidna struktura, stabilność emulsji oraz profil bez trans tłuszczów i niehydrogenowanych składników pomagają osiągnąć jednolitą teksturę, czysty smak i formuły przyjazne dla etykiet.', '2026-02-11 17:28:17', '2026-02-11 17:28:17'),
(24, 'prod-palm-stearic-acid', 'Palmitowy kwas stearynowy', 'Kwas stearynowy palmowy jest nasyconym kwasem tłuszczowym pozyskiwanym z oleju palmowego, stosowanym w kosmetykach, świecach oraz produkcji gumy.', 'Kwas strowy z palm jest rodzajem nasyconego kwasu tłuszczowego pochodzącego z oleju palmowego, uzyskiwanego poprzez proces oddzielania i krystalizacji kwasów tłuszczowych. Jest to kwas tłuszczowy nasycony, znany ze swojej stabilności i stałej formy w temperaturze pokojowej. Kwas strowy z palm ma wygląd woskowy, od białego do lekko żółtawego. Ma punkt topnienia zwykle między 55 a 70 stopni Celsjusza (131-158 stopni Fahrenheita), co pozwala na łatwe włączenie go do różnych formulacji kosmetycznych, świec i produktów z gumy.', '2026-02-11 17:39:55', '2026-02-11 17:39:55'),
(25, 'prod-palm-stearin', 'Palm Stearin', 'Palm stearin to stała frakcja oleju palmowego, powszechnie używana w produkcji żywności, wytwarzaniu świec i produkcji mydeł.', 'Stearyna palmowa jest stałą frakcją oleju palmowego uzyskiwaną w procesie frakcjonowania, znaną z wysokiej zawartości nasyconych kwasów tłuszczowych. Jest tłuszczem stałym w temperaturze pokojowej o kremowo-białym do jasnożółtego kolorze i gładkiej, woskowej teksturze. Stearyna palmowa ma wyższą temperaturę topnienia w porównaniu z olejem palmowym. Jest powszechnie wykorzystywana w przemyśle spożywczym do stabilizacji tłuszczów, produkcji margaryny oraz w produkcji świec i mydła.', '2026-02-11 17:39:12', '2026-02-11 17:39:12'),
(26, 'prod-paraffin-wax', 'W pełni rafinowany wosk parafinowy (50-68°C)', 'Bio Green Wax W pełni rafinowany parafina (50-68°C)—klasa spożywcza/farmaceutyczna, zawartość oleju <0,5%, wyższa twardość. Idealna do produkcji świec, kosmetyków, opakowań oraz precyzyjnych zastosowań przemysłowych.', 'Woski parafinowe Bio Green Wax Fully Refined (o temperaturze topnienia 50-68°C) charakteryzują się ultra-niską zawartością oleju (<0,5%), wyjątkową twardością oraz neutralnym zapachem i kolorem. Dostępne w klasach do produkcji świec (52/54°C, 56/58°C), do zastosowań w pojemnikach (50/52°C) oraz w wysokotopliwych klasach do formowania kolumnowego (64/66°C). Idealne do produkcji ekskluzywnych świec, kosmetyków, powłok do pakowania żywności oraz precyzyjnego odlewania, które wymagają maksymalnej czystości i jednolitych parametrów wydajności.', '2026-02-11 17:43:53', '2026-02-11 17:43:53'),
(27, 'prod-pf56-synthetic-wax', 'Wosk Fischer-Tropsch (FT)', 'Wosk Fischer‑Tropsch (FT) to wysokiej czystości syntetyczny wosk parafinowy wytwarzany z gazu syntezowego, charakteryzujący się wysoką temperaturą topnienia, niską lepkością oraz doskonała twardością, idealny do wymagających zastosowań w branży tworzyw sztucznych, powłok, farb, klejów oraz modyfikacji asfaltów.', 'Wosk FT jest produkowany metodą syntezy Fischera‑Tropscha, co skutkuje wodnistą, ultra‑czystą woskiem o wąskim rozkładzie łańcuchów węglowych, bardzo niskiej zawartości oleju i doskonałej stabilności termicznej. Łączy wysoką temperaturę mięknięcia z niską lepkością topnienia i dużą twardością, zapewniając wyjątkową odporność na zarysowania, kontrolę połysku, efekty matowienia oraz smarowność w wielu formulacjach.\n\nW przetwórstwie tworzyw sztucznych oraz PVC/CPVC, wosk FT pełni rolę efektywnego wewnętrznego i zewnętrznego środka smarnego oraz środka pomocniczego w obróbce, obniża lepkość topienia, poprawia płynność oraz zwiększa łatwość wyjmowania z formy i stabilność wymiarową. Jest szeroko stosowany w klejach na gorąco i klejach reagujących na nacisk, tuszach drukarskich oraz powłokach przemysłowych, aby zwiększyć twardość, odporność na ścieranie i zarysowania, odporność na zbijanie się i osadzanie, a także stabilizować lepkość. Dodatkowe kluczowe zastosowania obejmują modyfikację bitumenu i asfaltu, masterbatch, kompozycje polimerowe, obróbkę gumy, polerki, tekstylia, a nawet formulacje kosmetyczne, gdzie wosk FT zapewnia kontrolowaną krystaliczność, poprawę odporności na ścieranie i zmarszczki oraz gładkie odczucie sensoryczne.', '2026-02-11 17:44:55', '2026-02-11 17:44:55'),
(28, 'prod-pfad', 'PFAD (Palm Fatty Acid Distillate)', 'PFAD jest produktem ubocznym rafinacji oleju palmowego, używanym w produkcji mydeł, paszy dla zwierząt oraz wytwarzaniu biopaliw.', 'Distillat kwasów tłuszczowych palmy (PFAD) jest produktem ubocznym procesu rafinacji oleju palmowego. Uzyskuje się go poprzez destylację surowego oleju palmowego w celu usunięcia zanieczyszczeń i osiągnięcia wyższego poziomu czystości. PFAD to brązowawo-żółta ciecz o charakterystycznym zapachu. Zawiera mieszaninę kwasów tłuszczowych nasyconych i nienasyconych, przy czym dominującymi kwasami tłuszczowymi są kwas laurynowy, kwas mirrorski i kwas palmitynowy. PFAD znajduje zastosowanie w produkcji mydła, paszach dla zwierząt oraz w produkcji biopaliw.', '2026-02-11 17:26:59', '2026-02-11 17:26:59'),
(29, 'prod-pkfad', 'Odpadowy destylat kwasów tłuszczowych z orzeszków palmowych (PKFAD)', 'PKFAD jest produktem ubocznym rafinacji oleju palmowego z pestek, bogatym w kwas laurynowy, stosowanym w przemyśle mydlarskim i oleochemicznym.', 'Odwarstwie kwasów tłuszczowych z orzecha palmowego (PKFAD) to produkt uboczny uzyskiwany podczas rafinacji oleju z orzecha palmowego. Jest bogaty w kwasy tłuszczowe, w tym kwas laurynowy, co czyni go cennym dla niektórych zastosowań przemysłowych. PKFAD znajduje zastosowanie w różnych gałęziach przemysłu, w tym w produkcji mydeł, wytwarzaniu biopaliw oraz jako surowiec w branży oleochemicznej.', '2026-02-11 17:40:37', '2026-02-11 17:40:37'),
(30, 'prod-polyethylene-wax', 'Wosk polietylenowy (wosk PE)', 'jest polietylenem o niskiej masie cząsteczkowej stosowanym jako wysokowydajny środek smarny i środek ułatwiający przetwarzanie w plastiku, powłokach, tuszach i klejach, poprawiającym przepływ, poślizg powierzchni oraz odporność na zarysowania.', 'Wosk polietylenowy to drobnoziarnisty, wysokotopliwy wosk syntetyczny o niskiej lepkości, doskonałej stabilności termicznej i silnej kompatybilności z typowymi polimerami takimi jak PVC, PE, PP oraz EVA. Zapewnia wewnętrzne i zewnętrzne smarowanie, obniża lepkość topnienia i tarcie, poprawia wypuszczanie z formy oraz nadaje powierzchni gładki, błyszczący i odporne na zarysowania wykończenie.\n​\nKluczowe zastosowania obejmują przetwórstwo tworzyw sztucznych i masterbatchy, gdzie wosk PE poprawia wydajność ekstruzji i wtrysku, zapobiega osadzaniu się na matrycy oraz poprawia rozproszenie pigmentów i wypełniaczy. Jest także wykorzystywany w gorączkliwych i termokurczliwych klejach, tuszach, powłokach proszkowych, aby kontrolować lepkość topnienia, zwiększać spójność i wytrzymałość oraz optymalizować czas otwarcia i utwardzania. Dodatkowe zastosowania obejmują bituminy i farby do oznakowania dróg, kompozyty z drewna i plastiku, mieszanki gumowe, kompozycje kabli i produkty woskowe formulowane, takie jak polerki i kredki, gdzie podnosi temperaturę mięknienia, twardość i odporność na wodę.', '2026-02-11 17:43:05', '2026-02-11 17:43:05'),
(31, 'prod-rapeseed-oil', 'Olej rzepakowy', 'Olej rzepakowy tłoczony na zimno i rafinowany z angielskich gospodarstw', 'Olej rzepakowy tłoczony na zimno i rafinowany, pochodzi z farm w Wielkiej Brytanii. Idealny do gotowania, pieczenia i sosów sałatkowych. Niski poziom tłuszczów nasyconych i bogaty w omega-3.', '2026-02-11 17:34:36', '2026-02-11 17:34:36'),
(32, 'prod-rapeseed-wax', 'Wosk rzepakowy', 'Wosk rzepakowy to naturalny, roślinny wosk stosowany jako ekologiczna alternatywa w produkcji świec i kosmetyków.', 'Wosk rzepakowy jest naturalnym wegańskim woskiem pochodzącym z oleju rzepaku, powszechnie wykorzystywanym jako ekologiczna alternatywa dla tradycyjnego wosku parafinowego w produkcji świec oraz innych zastosowaniach. Zapewnia czyste i powolne spalanie oraz dobre zatrzymanie aromatu. Wosk rzepakowy jest często używany w produkcji świec oraz w formulacjach naturalnych kosmetyków takich jak balsamy do ust, lotions i kremy, zapewniając właściwości nawilżające.', '2026-02-11 17:24:45', '2026-02-11 17:24:45'),
(33, 'prod-soap-noodles', 'Kostki mydlane', 'Noodle mydlane są podstawowymi surowcami do produkcji mydła, powstającymi w wyniku saponifikacji olejów i tłuszczów roślinnych.', 'Nudle mydlane, znane również jako granule mydlane, są jednym z podstawowych surowców używanych w produkcji mydła. Powstają poprzez przetwarzanie olejów roślinnych i tłuszczów z sodą kaustyczną (wodorotlenkiem sodu) w procesie saponifikacji. Nudle mydlane to zazwyczaj stałe, białe lub lekko kremowe kawałki lub koraliki o łagodnym i neutralnym aromacie. Są wolne od zanieczyszczeń i zawierają wysokie stężenie kwasów tłuszczowych, które przyczyniają się do ich właściwości oczyszczających i emulgujących.', '2026-02-11 17:41:22', '2026-02-11 17:41:22'),
(34, 'prod-soy-wax', 'Wosk sojowy', 'Wosk sojowy to odnawialny wosk roślinny wykonany z oleju sojowego, popularny w ekologicznej produkcji świec.', 'Wosk sojowy jest rodzajem wosku roślinnego pozyskiwanego z oleju sojowego. Jest popularną alternatywą dla tradycyjnego wosku parafinowego, który pochodzi z ropy naftowej. Wosk sojowy jest uważany za odnawialną, biodegradowalną i przyjazną dla środowiska opcję do produkcji świec. Powstaje poprzez uwodornienie oleju sojowego, co przekształca go w stan stały odpowiedni do formowania świec. Zazwyczaj występuje w formie płatków, które są łatwe do odmierzania i topienia.', '2026-02-11 17:18:01', '2026-02-11 17:18:01'),
(35, 'prod-soybean-oil', 'Olej sojowy', 'Wysokiej jakości olej sojowy do zastosowań przemysłowych i kulinarnych', 'Olej sojowy to wszechstronny olej roślinny pozyskiwany z soja, szeroko stosowany do smażenia, pieczenia i dressingu do sałatek ze względu na swój neutralny smak i wysoką temperaturę dymienia. \nJest bogaty w tłuszcze wielonienasycone, w tym kwasy tłuszczowe omega‑3 i omega‑6, oraz dostarcza witaminę K i witaminę E. \nIdealnie nadaje się do głębokiego smażenia, produkcji margaryny oraz zastosowań przemysłowych w przemyśle spożywczym. Oczyszczony i ododorowany zgodnie z wysokimi standardami.', '2026-02-11 17:29:34', '2026-02-11 17:29:34'),
(36, 'prod-sunflower-oil', 'Olej słonecznikowy', 'Premium rafinowany olej słonecznikowy do gotowania i przetwórstwa spożywczego', 'Nasza wysokiej jakości rafinowana olej słonecznikowy jest idealny do gotowania, smażenia i zastosowań w przetwórstwie spożywczym. Pochodzi z wysokiej jakości nasion słonecznika i jest rafinowany zgodnie z najwyższymi standardami.', '2026-02-09 03:22:53', '2026-02-11 17:22:41');

--
-- Dumping data for table `products_pt`
--

INSERT INTO `products_pt` (`id`, `master_id`, `name`, `description`, `full_description`, `created_at`, `updated_at`) VALUES
(1, 'bdf424df-f9b0-4a79-84d6-f6ed1eb1e84f', 'Palm Olein', 'Palm olein é a fração líquida do óleo de palma refinado, valorizada como um óleo de fritura e cozimento estável que oferece sabor neutro, longa durabilidade na fritura e textura crocante para lanches, fast-food e aplicações domésticas.', 'Palm olein é produzido por fracionamento do óleo de palma refinado, branqueado e deodorizado (RBD), obtendo-se um líquido claro rico em ácidos oléico e palmítico, proporcionando um perfil de ácidos graxos equilibrado com uma estabilidade oxidativa naturalmente boa. Seu ponto de fumaça elevado, resistência à oxidação e formação de polímeros, além de baixa tendência a formar sabores indesejados, permitem ciclos de fritura repetidos com menor quebra do óleo, menos formação de espuma e maior vida útil dos produtos finais.\n​\nNa alimentação, o palm olein é amplamente utilizado como meio de fritura profunda para salgadinhos, batatas chips, frango frito, macarrão instantâneo e alimentos congelados pré-fritos, além de ser um óleo de cozinha de uso geral em muitos mercados tropicais. Ele também serve como óleo base em misturas com soja, girassol ou outros óleos vegetais para alcançar perfis nutricionais e funcionais ajustados, sendo utilizado em margarinas, gorduras de panificação e sistemas de fritura em serviços de alimentos onde desempenho estável e sabor limpo são essenciais.', '2026-02-11 17:15:05', '2026-02-11 17:15:05'),
(2, 'prod-beeswax', 'Cera de abelha', 'Cera de abelha pura e natural para cosméticos e fabricação de velas', 'Cera de abelha pura e natural, proveniente de apicultores éticos. Perfeita para cosméticos, produção de velas e aplicações alimentares. Disponível em vários graus.', '2026-02-05 21:57:07', '2026-02-11 17:29:44'),
(3, 'prod-bw101-palm-wax', 'Cera de Palme', 'Cera de palma premium 100% com cor amarela cremosa, ideal para fabricação de velas. Certificada pelo RSPO SG (Segregada) / MB (Balanço de massa).', 'Cera de palma premium 100% com uma bela cor amarela cremosa. Certificada pelo RSPO MB para sustentabilidade. Ideal para fabricação de velas, moldagem e velas em recipientes.', '2026-02-05 22:04:24', '2026-02-11 17:45:21'),
(4, 'prod-bw105-palm-wax', 'Óleos de palma (ponto de fusão baixo)', 'Palm Shortening é uma gordura semi-sólida, não hidrogenada, derivada do óleo de palma fracionado, proporcionando maior estabilidade e sabor neutro.', 'Palm Shortening é uma gordura semi-sólida, não hidrogenada, derivada do óleo de palma fracionado, oferecendo maior estabilidade e sabor neutro.  \nIdeal para aplicações em padarias—cria massas folhadas, bolos macios e alimentos fritos crocantes com ponto de fumaça alto.  \nAlternativa econômica e resistente à oxidação ao manteiga ou gordura de porco na panificação industrial.', '2026-02-05 22:08:34', '2026-02-11 17:31:01'),
(5, 'prod-bw10510-blended-wax', 'Cera de parafina misturada com palm para velas de vidro', 'Mistura de vela de pote Low MP pronta para uso: Palm-Parafina-Microcristalina com Polyboost™, Vybar®, estabilizadores UV—basta adicionar cor e fragrância para uma adesão superior ao vidro e maior alcance de aroma.', 'Mistura de vela em frasco Bio Green Wax com ponto de fusão baixo (48-50°C) e (50-52°C)—fórmula Palm-Parafina-Microcristalina otimizada para recipientes de vidro. Pronta para usar: adicione apenas cor e fragrância. Possui Polyboost/Vybar para opacidade/adesão, estabilizadores UV/antioxidantes para maior durabilidade, além de agentes de retenção de fragrância que oferecem excelente projeção quente/fria, queima sem vincos e retenção superior no recipiente, ideal para velas de vidro premium.', '2026-02-06 03:35:56', '2026-02-11 17:37:07'),
(6, 'prod-bw10555-blended-wax', 'Mistura de Cera Vegana à Base de Soja', 'Mistura vegana de soja pronta para uso com 95% do Bio Green Wax—, pura à base de plantas para velas de pote (48-52°C) e de pilar (56-62°C). Basta adicionar cor e fragrância.', 'A mistura vegana Bio Green Wax, composta por 95% de cera de soja (com 5% de aditivos vegetais), oferece um desempenho limpo e natural para potes de vidro e pilares autônomos. Disponível na temperatura de fusão baixa (48-52°C) para recipientes e na temperatura de fusão alta (56-62°C) para pilares. Pronta para uso: basta adicionar sua cor e fragrância para uma ótima dispersão e acabamento suave.', '2026-02-06 03:43:17', '2026-02-11 17:31:49'),
(7, 'prod-bw10610-blended-wax', 'Cera de mistura de parafina pomar com cera para velas de pilar', 'Velas de Pilar Prontas para Uso com Alto Ponto de Fusão (56-58°C e 58-60°C): Palm-Parafina-Microcristalina com Polyboost™, Vybar®, estabilizadores UV—basta adicionar cor e fragrância para desempenho superior de pilar.', 'Misturas de vela de vela de Pilar com Ponto de Fusão Elevado da Bio Green wax (56-58°C e 58-60°C)—Formulações de Palm-Parafina-Microcristalina desenvolvidas para velas de pilar autônomas. Prontas para uso: adicione apenas cor e fragrância. Otimizadas com Polyboost/Vybar para liberação do molde e opacidade, estabilizadores UV/antioxidantes para maior durabilidade, além de agentes de retenção de fragrância que proporcionam uma queima excepcional, tanto quente quanto fria, preservando a forma da vela e desempenho de queima limpa.', '2026-02-06 03:39:33', '2026-02-11 17:37:57'),
(8, 'prod-bw10655-blended-wax', 'Mistura de cera de abelha, parafina e cera de soja', 'Mistura pronta de soja, cera de abelha e parafina da Bio Green Wax—o aroma mais intenso para velas de vidro (48-52°C) e de coluna (56-62°C). Basta adicionar aroma e cor.', 'A mistura de cera de soja, cera de abelha e parafina da Bio Green Wax combina a suavidade natural da soja, a estabilidade da cera de abelha e o poder aromático da parafina para um desempenho de fragrância incomparável. O ponto de fusão baixo (48-52°C) é excelente para vidros; o ponto de fusão alto (56-62°C) é perfeito para pilares. Formulação pronta para uso — basta adicionar fragrância e cor para obter uma performance superior de dispersão térmica e acabamento impecável na vela.', '2026-02-06 03:46:54', '2026-02-11 17:32:39'),
(9, 'prod-bw8307-blended-wax', 'Mistura de Cera de Coco e Rapsodía', 'Mistura pronta de Coco-Aveia da Bio Green Wax—performance natural cremosa para velas em Vaso (48-52°C) e em Coluna (56-62°C). Adicione apenas cor e fragrância.', 'A mistura de Coco-Canola da Bio Green Wax combina a textura cremosa da cera de coco com a queima suave da cera de canola para um desempenho excepcional de vela natural. Ponto de fusão baixo (48-52°C) otimizado para velas em recipiente; ponto de fusão alto (56-62°C) para velas de coluna. Completamente pronta para uso — basta adicionar sua cor e fragrância preferidas para resultados profissionais e de queima limpa.', '2026-02-06 03:50:42', '2026-02-11 17:33:29'),
(10, 'prod-carnauba-wax', 'Cera de Carnaúba', 'Cera de carnaúba brasileira premium para polimentos e revestimentos', 'Cera de carnaúba brasileira premium, conhecida como a \"rainha das ceras\". Ideal para polimento de automóveis, cosméticos e revestimentos alimentícios. Maior ponto de fusão natural.', '2026-02-05 22:00:17', '2026-02-11 17:30:21'),
(11, 'prod-castor-oil', 'Óleo de Rícino', 'Óleo de rícino prensado a frio de alta qualidade, derivado das sementes de Ricinus communis, amplamente utilizado em produtos farmacêuticos, cosméticos e aplicações industriais.', 'A Bio Green Wax fornece óleo de rícino de alta qualidade, um óleo vegetal versátil obtido pela prensagem das sementes da planta de rícino (Ricinus communis). Conhecido por sua composição química única, rica em ácido ricinoleico (aproximadamente 85–90%), o óleo de rícino apresenta propriedades excepcionais de viscosidade, lubricidade e hidratação que o tornam indispensável em uma ampla variedade de indústrias.\n\nNosso óleo de rícino é cuidadosamente obtido e processado para atender aos mais altos padrões de pureza e consistência. Está disponível em graus prensados a frio (virgens) e refinados, adequados para aplicações farmacêuticas, cosméticas e industriais. A estabilidade notável do óleo e sua solubilidade em álcool o distinguem de outros óleos vegetais, tornando-se um ingrediente preferencial em formulações que exigem desempenho superior.\n\nO óleo de rícino é naturalmente biodegradável e derivado de recursos renováveis, alinhando-se ao compromisso da Bio Green Wax com uma obtenção sustentável e ambientalmente responsável.', '2026-02-11 17:16:05', '2026-02-11 17:16:05'),
(12, 'prod-coconut-oil', 'Óleo de Coco', 'Óleo de coco virgem e refinado para aplicações alimentícias e cosméticas', 'Óleo de coco virgem e refinado premium, adequado para culinária, panificação e aplicações cosméticas. Disponível em várias categorias para atender às suas necessidades específicas.', '2026-02-05 21:50:02', '2026-02-11 17:16:53'),
(13, 'prod-coconut-wax', 'Cera de Coco', 'Cera de coco é uma cera natural derivada do óleo de coco, valorizada por suas velas de queima limpa e aplicações ecológicas.', 'A cera de coco é uma cera natural derivada do óleo de cocos, conhecida por sua queima limpa e lenta na fabricação de velas. Ela é frequentemente considerada uma alternativa sustentável a outras ceras. A cera de coco é valorizada por suas características ecológicas e pela capacidade de reter bem a fragrância. Derivada de uma fonte natural e renovável, oferece uma queima limpa e lenta em velas, garantindo uma performance mais duradoura e eficiente.', '2026-02-11 17:25:42', '2026-02-11 17:25:42'),
(14, 'prod-fr5456-paraffin-wax', 'Cera de Paraffina Semi Refinada (50-68°C)', 'Bio Green Wax Parafina Semi Refinada (50-68°C)—conteúdo de óleo econômico de 1-5% para velas, borracha, têxteis e aplicações industriais de alto volume.', 'As Paraffinas Semi Refinadas Bio Green Wax (50-68°C) oferecem desempenho econômico com teor de óleo controlado (1-5%) para uma dureza flexível. Graus padrão: 52/54°C (velas), 56/58°C (colunas), 60/62°C (industrial). Perfeitas para produção de velas de baixo custo, auxiliares de processamento de borracha, acabamento têxtil e revestimentos de embalagens em grande volume, onde o equilíbrio entre desempenho e preço é fundamental.', '2026-02-06 04:05:00', '2026-02-11 17:23:33'),
(15, 'prod-glycerine', 'Glicerina', 'Glicerina é um líquido viscoso, incolor e inodoro, amplamente utilizado nas indústrias farmacêutica, de cosméticos e de alimentos.', 'Glicerina, também conhecida como glicerol ou glicerina, é um líquido incolor, inodoro e viscoso, com um sabor adocicado. É um líquido transparente, semelhante a um xarope, que normalmente é incolor, embora possa apresentar uma tonalidade amarelada. A glicerina possui alta viscosidade, ou seja, ela flui lentamente e é relativamente espessa. Tem uma consistência semelhante à de xarope, o que contribui para sua capacidade de reter umidade. A glicerina encontra uso extensivo em produtos farmacêuticos, cosméticos, processamento de alimentos e diversas aplicações industriais.', '2026-02-11 17:19:34', '2026-02-11 17:19:34'),
(16, 'prod-hydrogenated-castor-oil', 'Óleo de Mamona Hidrogenado', 'Óleo de rícino hidrogenado é um derivado sólido em forma de cera do óleo de rícino, utilizado em cosméticos, produtos farmacêuticos e aplicações industriais.', 'Óleo de ricino hydrogenado, também conhecido como cera de ricino ou flocos de cera de ricino, é um derivado do óleo de ricino que passa por um processo de hidrogenação. Isso envolve a adição de hidrogênio às moléculas de óleo de ricino, resultando em uma substância sólida e cerosa. Ele é utilizado em produtos cosméticos e de cuidados pessoais, como batons, cremes e loções, como emoliente para proporcionar suavidade e umidade à pele. Também atua como agente ligante nas formulações cosméticas, ajudando os ingredientes a se manterem unidos e a aderirem à pele.', '2026-02-11 17:24:58', '2026-02-11 17:24:58'),
(17, 'prod-microcrystalline-wax', 'Cera microcristalina', 'Cera microcristalina flexível para cosméticos e adesivos', 'Cera microcristalina flexível ideal para cosméticos, adesivos de fusão a quente e tintas especiais. Propriedades superiores de flexibilidade e adesão.', '2026-02-06 03:57:32', '2026-02-11 17:22:53'),
(18, 'prod-olive-oil', 'Azeite de Oliva', 'Azeite de oliva puro de alta qualidade, extraído a frio de azeitonas selecionadas do Mediterrâneo, para aplicações culinárias, cosméticas e industriais.', 'Nosso azeite de oliva puro premium é cold-pressed a partir de azeitonas mediterrâneas cuidadosamente selecionadas, proporcionando qualidade excepcional e sabor rico. Ampliamente usado na preparação de alimentos, cosméticos, produtos farmacêuticos e cuidados pessoais, o azeite de oliva é valorizado por seus benefícios à saúde, propriedades antioxidantes e aplicações versáteis. A Bio Green Wax fornece azeite de oliva que atende a rigorosos padrões internacionais de qualidade, garantindo pureza e desempenho consistentes em todas as aplicações.', '2026-02-11 17:41:36', '2026-02-11 17:41:36'),
(19, 'prod-palm-kernel-oil', 'Óleo de Amêndoa de Dendê', 'Óleo de palmiste é derivado do núcleo do fruto da palma de óleo, utilizado em produtos alimentícios, cosméticos e aplicações industriais.', 'Óleo de baba de cacau é derivado do caroço do fruto da palmeira de óleo e possui propriedades físicas distintas. Geralmente é um sólido de cor amarelo claro a branco em temperatura ambiente, mas derrete formando um líquido transparente de tonalidade amarelada quando aquecido. O ponto de fusão varia de 23 a 28 graus Celsius (73 a 82 graus Fahrenheit). O óleo de baba de cacau é rico em ácido láurico e é amplamente utilizado na fabricação de alimentos, cosméticos e produtos de sabão.', '2026-02-11 17:21:26', '2026-02-11 17:21:26'),
(20, 'prod-palm-kernel-olein', 'Óleos de Palmiste (Palm Kernel Olein)', 'Oleína de côco refinada premium, a fração líquida obtida a partir da fração do óleo de palma, valorizada por sua excelente transparência, baixo ponto de turbidez e uso versátil nas indústrias de alimentos, cuidados pessoais e oleoquímicas.', 'A Bio Green Wax fornece oleína de baba de caracol de alta qualidade (PKOo), a fração líquida produzida por meio da fracionação controlada do óleo de baba de caracol refinado. Quando o óleo de baba de caracol é resfriado sob condições precisas, ele se divide em uma fração sólida (palmiste de baba de caracol) e uma fração líquida (oleína de baba de caracol). A oleína resultante é um óleo claro, de cor clara, com baixo ponto de fusão e excelente fluidez.\n\nA oleína de baba de caracol é rica em ácido láurico (C12) e ácidos graxos de cadeia média, como caprílico e cáprico, conferindo-lhe uma transparência excepcional, rápida absorção e uma sensação leve e não gordurosa. Essas características tornam-na altamente desejável na indústria alimentícia como óleo de cozinha, meio de fritura e ingrediente em cremes não lácteos, sorvetes e formulações de leite enriquecido.\n\nNo setor de cuidados pessoais e cosméticos, a oleína de baba de caracol é amplamente utilizada como óleo base em loções, cremes, xampus e sabonetes líquidos devido às suas excelentes propriedades emolientes e compatibilidade com a pele. Ela também serve como matéria-prima principal na produção de oleoquímicos, fornecendo ácidos graxos, ésteres metílicos e surfactantes utilizados em detergentes e produtos de limpeza.\n\nA Bio Green Wax obtém sua oleína de baba de caracol de cadeias de suprimento certificadas pelo RSPO, garantindo rastreabilidade completa e alinhamento com compromissos de sustentabilidade do óleo de palma. O produto está disponível nas versões refinada, branqueada e deodorada (RBD), atendendo a rigorosos padrões internacionais de qualidade.', '2026-02-11 17:46:07', '2026-02-11 17:46:07'),
(21, 'prod-palm-kernel-stearin', 'Palm Kernel Stearin', 'Estearina de amêndoa de dendê de alta qualidade, a fração sólida obtida a partir da fractionação do óleo de amêndoa de dendê, valorizada por seu perfil de fusão preciso e excelente dureza em aplicações de confeitaria, cosméticos e oleoquímicos.', 'A Bio Green Wax fornece estearina de caroço de palma de qualidade premium (PKS), a fração sólida de ponto de fusão mais alto produzida através da fracionação controlada do óleo de caroço de palma refinado. Durante a fracionação, o óleo de caroço de palma é separado em dois componentes: oleína de caroço de palma (a fração líquida) e estearina de caroço de palma (a fração sólida). A estearina resultante é uma gordura de coloração branca a bege, com um ponto de fusão caracteristicamente agudo e textura firme.\n\nA estearina de caroço de palma é rica em ácido láurico (C12) e ácido palmítico (C14), conferindo-lhe excelente rigidez, rápida cristalização e um perfil de fusão limpo. Essas propriedades a tornam um ingrediente ideal para substitutos do manteiga de cacau (CBS), revestimentos de chocolate composto, recheios de confeitaria e gorduras especiais, onde um acabamento com estalido e brilho é desejado.\n\nAlém de aplicações alimentares, a estearina de caroço de palma serve como uma matéria-prima valiosa na indústria oleoquímica para a produção de ácidos graxos, álcoois graxos, noodles de sabão e surfactantes. Em cuidados pessoais e cosméticos, ela contribui com corpo e estrutura para cremes, loções e formulações sólidas.\n\nA Bio Green Wax obtém sua estearina de caroço de palma de cadeias de fornecimento certificadas pelo RSPO, garantindo rastreabilidade total e conformidade com os compromissos de sustentabilidade do óleo de palma. O produto está disponível na forma refinada, branqueada e deodorada (RBD), atendendo aos padrões internacionais de qualidade para uso alimentício e técnico.', '2026-02-11 17:20:29', '2026-02-11 17:20:29'),
(22, 'prod-palm-oil', 'Óleo de Palma', 'Óleo de palma e derivados de palma de fonte sustentável', 'Óleo de palma e derivados de palma de origem sustentável para fabricação de alimentos, produção de sabonetes e detergentes. Opções certificadas pela RSPO disponíveis.', '2026-02-05 21:50:40', '2026-02-11 17:28:29'),
(23, 'prod-palm-shortenings', 'Margarinas de palma (ponto de fusão elevado)', 'Sabores de palma de fusão rápida (46–52 °C) são gorduras especiais para panificação e fritura feitas de óleo de palma fracionado, projetadas para oferecer estrutura robusta, sabor limpo e excelente estabilidade ao calor em aplicações industriais exigentes.', 'Gorduras de palma com ponto de fusão alto, na faixa de 46 a 52 °C, são formuladas a partir de palmiste e frações médias para proporcionar alto teor de gordura sólida, textura firme e uma rede cristalina estável em temperaturas ambientes e elevadas. Essa faixa de fusão mais elevada oferece resistência térmica superior, estabilidade oxidativa e redução do óleo escorrendo, tornando-as ideais para climas tropicais e linhas de processamento em altas temperaturas.\n​\n\nEm aplicações de panificação, essas gorduras proporcionam boa aeração, laminação e crocância, sustentando crostas de tortas folhadas, massas folhadas, crackers de creme, biscoitos e bolachas, enquanto mantêm a forma e a mastigabilidade mesmo em condições quentes. Também são utilizadas como gorduras resistentes para fritura e massas, e como substitutos de gordura animal em produtos cárneos, onde sua estrutura firme, estabilidade de emulsão e perfil zero trans, não H₂, ajudam a alcançar uma textura consistente, liberação de sabor limpa e formulações com rótulo amigável.', '2026-02-11 17:27:38', '2026-02-11 17:27:38'),
(24, 'prod-palm-stearic-acid', 'Ácido palmítico', 'Ácido esteárico de palma é um ácido graxo saturado derivado do óleo de palma, utilizado em cosméticos, velas e na fabricação de borracha.', 'Ácido esteárico de palma é um tipo de ácido graxo derivado do óleo de palma, obtido através do processo de separação e cristallização dos ácidos graxos. É um ácido graxo saturado conhecido por sua estabilidade e forma sólida em temperatura ambiente. O ácido esteárico de palma apresenta uma aparência cerosa que varia do branco ao levemente amarelo. Possui um ponto de fusão geralmente entre 55-70 graus Celsius (131-158 graus Fahrenheit), o que permite sua fácil incorporação em diversas formulações para cosméticos, velas e produtos de borracha.', '2026-02-11 17:39:25', '2026-02-11 17:39:25'),
(25, 'prod-palm-stearin', 'Estearina de Palma', 'Palm stearin é a fração sólida do óleo de palma, comumente usado na fabricação de alimentos, produção de velas e confecção de sabão.', 'Palma stearina é uma fração sólida de óleo de palma obtida pelo processo de fracionamento, conhecida pelo seu alto teor de ácidos graxos saturados. É uma gordura sólida à temperatura ambiente, com cor que varia de branco cremoso a amarelo pálido e textura suave e cerosa. A palma stearina possui um ponto de fusão mais alto em comparação com o óleo de palma. É comumente utilizada na indústria alimentícia para estabilizar gorduras, produzir margarina e na fabricação de velas e sabonetes.', '2026-02-11 17:38:42', '2026-02-11 17:38:42'),
(26, 'prod-paraffin-wax', 'Cera de Paraftena Totalmente Refinada (50-68°C)', 'Bio Green Wax Paraftina Totalmente Refinada (50-68°C)—classe alimentícia/farmacêutica, <0,5% de óleo, dureza superior. Perfeita para velas, cosméticos, embalagens e aplicações industriais de precisão.', 'As Paraffinas Totalmente Refinadas da Bio Green Wax (pontos de fusão entre 50-68°C) apresentam teor de óleo ultra baixo (<0,5%), dureza excepcional e odor/cor neutros. Disponíveis em graus para velas (52/54°C, 56/58°C), graus para recipientes (50/52°C) e graus para pilares de fusão alta (64/66°C). Ideais para velas premium, cosméticos, revestimentos para embalagens alimentícias e moldagem de precisão, que exigem máxima pureza e consistência no desempenho.', '2026-02-06 03:54:22', '2026-02-11 17:43:19'),
(27, 'prod-pf56-synthetic-wax', 'Cera Fischer-Tropsch (FT)', 'A cera Fischer‑Tropsch (FT) é uma cera sintética de parafina de alta pureza produzida a partir de syngas, oferecendo alto ponto de fusão, baixa viscosidade e excelente dureza para aplicações exigentes em plásticos, revestimentos, tintas, adesivos e modificação de asfalto', 'Cera FT é produzida por meio da síntese Fischer‑Tropsch, resultando em uma cera ultra limpa, de cor branca água, com uma distribuição de cadeias de carbono estreita, teor de óleo muito baixo e estabilidade térmica excepcional. Ela combina um alto ponto de amolecimento com baixa viscosidade de fusão e grande dureza, proporcionando resistência superior a riscos, controle de brilho, efeitos de matização e lubrificação em muitas formulações.\n\nNa fabricação de plásticos e processamento de PVC/CPVC, a cera FT atua como um lubrificante interno e externo eficiente, além de auxiliar no processamento, reduzindo a viscosidade do fusão, melhorando o fluxo, e aprimorando a liberação do molde e a estabilidade dimensional. É amplamente utilizada em adesivos de fusão a quente e adesivos sensíveis à pressão, tintas de impressão e revestimentos industriais para aumentar a dureza, resistência ao desgaste e riscos, resistência ao bloqueio e anti-precipitação, além de estabilizar a viscosidade. Outras aplicações-chave incluem modificação de asfalto e betume, concentração em masterbatch e compostos de polímeros, processamento de borracha, polidores, têxteis e até formulações cosméticas, onde a cera FT proporciona cristalização controlada, maior resistência ao desgaste e às rugas, além de uma sensação sensorial suave.', '2026-02-06 04:16:06', '2026-02-11 17:44:12'),
(28, 'prod-pfad', 'PFAD (Distilado de Ácidos Graxos de Palma)', 'PFAD é um subproduto do refino de óleo de palma, utilizado na fabricação de sabonetes, alimentação animal e produção de biocombustíveis.', 'Distilado de Ácido Gorduroso de Palma (PFAD) é um subproduto do processo de refino do óleo de palma. Ele é obtido por destilação do óleo de palma cru para remover impurezas e alcançar um nível mais elevado de pureza. O PFAD é um líquido de cor amarelo-acastanhada, com um odor característico. Ele contém uma mistura de ácidos graxos saturados e insaturados, sendo os ácidos graxos predominantes o ácido láurico, o ácido mirístico e o ácido palmítico. O PFAD é utilizado na fabricação de sabonetes, na alimentação animal e na produção de biocombustíveis.', '2026-02-11 17:26:27', '2026-02-11 17:26:27'),
(29, 'prod-pkfad', 'Destilado de Ácidos Graxos de Endurecimento do Gema de Palm (PKFAD)', 'PKFAD é um subproduto do refino do óleo de mamona, rico em ácido láurico, utilizado nas indústrias de sabão e oleoquímica.', 'Distilado de Ácidos Graxos de Fats de Caju (PKFAD) é um subproduto obtido durante a refinação do óleo de caju. É rico em ácidos graxos, incluindo ácido láurico, tornando-o valioso para certas aplicações industriais. O PKFAD é utilizado em várias aplicações industriais, incluindo fabricação de sabonetes, produção de biocombustíveis e como matéria-prima na indústria oleoquímica.', '2026-02-11 17:40:09', '2026-02-11 17:40:09'),
(30, 'prod-polyethylene-wax', 'Cera de Polietileno (cera PE)', 'é um polietileno de baixo peso molecular utilizado como um lubrificante de alto desempenho e auxiliar de processamento em plásticos, revestimentos, tintas e adesivos, melhorando o fluxo, o deslizamento superficial e a resistência a riscos.', 'Cera de polyethylene é uma cera sintética finamente divided, de alto ponto de fusão, com baixa viscosidade, excelente estabilidade térmica e forte compatibilidade com polímeros comuns como PVC, PE, PP e EVA. Ela oferece lubrificação interna e externa, reduz a viscosidade de fusão e o atrito, melhora a liberação do molde e proporciona uma superfície lisa, brilhante e resistente a riscos.\n\nAplicações principais incluem processamento de plásticos e masterbatch, onde a cera de PE melhora a eficiência da extrusão e moldagem por injeção, evita o acúmulo na matriz e melhora a dispersão de pigmentos e cargas. Também é utilizada em adesivos hot-melt e sensíveis à pressão, tintas e revestimentos em pó para controlar a viscosidade de fusão, aumentar a coesão e resistência, além de otimizar os tempos de abertura e de endurecimento. Outras utilizações abrangem betume e tintas para marcação viária, compósitos de madeira e plástico, compostos de borracha, compostos de cabos e produtos de cera formulados, como polidores e giz de cera, onde ela eleva o ponto de amolecimento, a dureza e a resistência à água.', '2026-02-06 04:01:08', '2026-02-11 17:42:25'),
(31, 'prod-rapeseed-oil', 'Óleo de canola', 'Óleo decanolado e refinado de canola de fazendas do Reino Unido', 'Óleo de canola prensado a frio e refinado, proveniente de fazendas no Reino Unido. Ideal para cozinhar, assar e molhos para salada. Baixo em gordura saturada e rico em ômega-3.', '2026-02-05 21:53:53', '2026-02-11 17:34:10'),
(32, 'prod-rapeseed-wax', 'Cera de colza', 'A cera de soja é uma cera vegetal natural utilizada como uma alternativa ecológica na fabricação de velas e cosméticos.', 'Cera de colza é uma cera vegetal natural derivada do óleo da planta de canola, comumente usada como uma alternativa ecológica à cera de parafina tradicional na fabricação de velas e outras aplicações. Ela oferece uma queima limpa e lenta, além de retenção de fragrância adequada. A cera de colza é frequentemente utilizada na produção de velas e na formulação de cosméticos naturais, como bálsamos labiais, loções e cremes, proporcionando propriedades hidratantes.', '2026-02-11 17:24:17', '2026-02-11 17:24:17'),
(33, 'prod-soap-noodles', 'Noodles de Sabão', 'Fios de sabão são matérias-primas primárias para a fabricação de sabonetes, produzidos por saponificação de óleos e gorduras vegetais.', 'Noodles de sabão, também conhecidos como grânulos de sabão, são uma das matérias-primas principais utilizadas na fabricação de sabão. São produzidos através do processamento de óleos e gorduras vegetais com hidróxido de sódio (dizer) por meio da saponificação. Os noodles de sabão geralmente são pedaços ou contas sólidas de cor branca ou bege com um aroma suave e neutro. Estão livres de impurezas e contêm uma alta concentração de ácidos graxos que contribuem para suas propriedades de limpeza e emulsificação.', '2026-02-11 17:40:53', '2026-02-11 17:40:53'),
(34, 'prod-soy-wax', 'Ceras de soja', 'A cera de soja é uma cera vegetal renovável feita a partir do óleo de soja, popular na fabricação de velas ecológicas.', 'A cera de soja é um tipo de cera vegetal derivada do óleo de soja. É uma alternativa popular à cera de parafina tradicional, que é derivada do petróleo. A cera de soja é considerada uma opção renovável, biodegradável e ecologicamente correta para a fabricação de velas. Ela é criada mediante a hidrogenação do óleo de soja, transformando-o em uma forma sólida adequada para velas. Geralmente, apresenta-se na forma de Flocos, que são fáceis de medir e derreter.', '2026-02-11 17:17:32', '2026-02-11 17:17:32'),
(35, 'prod-soybean-oil', 'Óleo de Soja', 'Óleo de soja de alta qualidade para uso industrial e culinário', 'Óleo de soja é um óleo vegetal versátil extraído de soja, amplamente utilizado para frituras, assados e molhos para salada devido ao seu sabor neutro e alto ponto de fumaça.\nÉ rico em gorduras poli-insaturadas, incluindo ácidos graxos ômega‑3 e ômega‑6, e fornece vitamina K e vitamina E.\nÉ ideal para fritura profunda, produção de margarina e aplicações industriais na alimentação. Refinado e desodorizado segundo padrões premium.', '2026-02-05 21:50:40', '2026-02-11 17:29:08'),
(36, 'prod-sunflower-oil', 'Óleo de Girassol', 'Óleo de girassol refinado premium para cozimento e processamento de alimentos', 'Nosso óleo de girassol refinado premium é perfeito para cozinhar, fritar e aplicações de processamento de alimentos. Proveniente de sementes de girassol de qualidade e refinado para os mais altos padrões.', '2026-02-05 21:42:49', '2026-02-11 17:22:14');

--
-- Dumping data for table `products_ru`
--

INSERT INTO `products_ru` (`id`, `master_id`, `name`, `description`, `full_description`, `created_at`, `updated_at`) VALUES
(1, 'bdf424df-f9b0-4a79-84d6-f6ed1eb1e84f', 'Пальмовое масло Олейн', 'Пальмовое олеин — это жидкая фракция рафинированного пальмового масла, ценится как стабильное масло для жарки и приготовления пищи, которое обеспечивает нейтральный вкус, длительный срок жарки и хрустящую текстуру для закусок, фаст-фуда и бытовых нужд.', 'Пальмовое масло-олейцер produced by фракционирование рафинированного, отбеленного и дезодорированного (РВД) пальмового масла для получения прозрачной жидкости, богатой олеиновой и пальмитиновой кислотами, обеспечивающей сбалансированный профиль жирных кислот с естественной хорошей окислительной стойкостью. Его высокая точка дымления, устойчивость к окислению и полимеризации, а также низкая склонность к образованию посторонних запахов позволяют использовать повторные циклы жарки с меньшим распадом масла, меньшим образованием пены и увеличенным сроком хранения готовых продуктов.\n​\nВ пищевых целях пальмовое масло-олейцер широко используется в качестве среды для глубокого жарения закусок, картофельных чипсов, жареной курицы, быстрого приготовления лапши и полуфабрикатов, а также в качестве универсального кулинарного масла для домашних нужд во многих тропических регионах. Оно также служит базовым маслом в смесях с соевым, подсолнечным или другими растительными маслами для достижения определенных нутриционных и функциональных характеристик, а также используется в маргаринах, маслах для хлебопекарной промышленности и системах жарки для общественного питания, где важна стабильная работа и чистый вкус.', '2026-02-11 17:15:10', '2026-02-11 17:15:10'),
(2, 'prod-beeswax', 'Пчелиный воск', 'Натуральный пчелиный воск для косметики и изготовления свечей', 'Чистый натуральный пчелиный воск, полученный у этичных пчеловодов. Идеально подходит для косметики, изготовления свечей и кулинарных целей. Доступен в различных сортах.', '2026-02-05 21:57:15', '2026-02-11 17:29:46'),
(3, 'prod-bw101-palm-wax', 'Пальмовый воск', 'Премиальный 100% пальмовый воск с кремовым жёлтым оттенком, идеально подходит для изготовления свечей. Сертифицирован по стандартам RSPO SG (Segregated) / MB (Mass balance).', 'Премиальный 100% пальмовый воск с красивым кремово-жёлтым оттенком. Сертифицирован по стандарту RSPO MB для устойчивого развития. Идеально подходит для изготовления свечей, литья и свечей в контейнерах.', '2026-02-05 22:04:37', '2026-02-11 17:45:23'),
(4, 'prod-bw105-palm-wax', 'Пальмовые спреды (низкая точка плавления)', 'Пальмовое топирамидное масло — это полутвёрдое, не гидрогенизированное жирное вещество, полученное методом фракционной очистки пальмового масла, обладающее высокой устойчивостью и нейтральным вкусом.', 'Пальмовый shortening — это полутвердый, нерафинированный жир, полученный из фракционированного пальмового масла, обладающий высокой стабильностью и нейтральным вкусом.  \nИдеально подходит для хлебопекарных изделий — создаёт слоистые сдобные изделия, нежные торты и хрустящую жареную еду с высокой точкой дымления.  \nЭкономичный и устойчивый к окислению заменитель масла или сала в промышленной выпечке.', '2026-02-06 02:26:05', '2026-02-11 17:31:05'),
(5, 'prod-bw10510-blended-wax', 'Смесь парафина и парафиновый воск для стеклянных свечей', 'Готовая к использованию низкометановая смесь для свечей в банке: Palm-Paraffin-Microcrystalline с Polyboost™, Vybar®, УФ-стабилизаторы — просто добавьте краситель и аромат для отличной адгезии к стеклу и максимального распространения аромата.', 'Смесь для свечей в стеклянных банках Bio Green Wax с низкой температурой плавления (48-50°C) и (50-52°C) — формула на основе пальмового парафина и микрокристаллического парафина, оптимизированная для использования в стеклянных контейнерах. Готова к использованию: добавьте только краситель и ароматизатор. Включает Polyboost/Vybar для однородности и адгезии, UV-стабилизаторы/антиоксиданты для продления срока хранения, а также агенты для удержания аромата, обеспечивающие выдающийся горячий и холодный отлив, равномерное горение без заломов и превосходную фиксацию в банке для премиальных контейнерных свечей.', '2026-02-06 03:36:11', '2026-02-11 17:37:11'),
(6, 'prod-bw10555-blended-wax', 'Веганская смесь воска на основе сои', 'Готовая к использованию 95% соевая веганская смесь от Bio Green Wax — полностью растительного происхождения, предназначена для свечей в банке (48-52°C) и столбчатых свечей (56-62°C). Просто добавьте краситель и аромат.', 'Би Грин Вакс, веганская смесь из 95% соевого воска (5% растительных добавок), обеспечивает чистое горение и натуральную отдачу для стеклянных банок и самостоятельных колонн. Доступен с низкой точкой плавления (48-52°C) для контейнеров и высокой точкой плавления (56-62°C) для колонн. Готов к использованию: просто добавьте свой цвет и аромат для отличного распространения и гладкой отделки.', '2026-02-06 03:43:36', '2026-02-11 17:31:52'),
(7, 'prod-bw10610-blended-wax', 'Смесь парафина и пальмового парафина для столбчатых свечей', 'Готовые к использованию смеси для высокомаганитудных свечных колонн (56-58°C и 58-60°C): пальмово-парафиновая-микро-кристаллическая с Polyboost™, Vybar®, UV-стабилизаторами — просто добавьте цвет и аромат для превосходной работы свечных колонн.', 'Био Грин wax\'s High Melting Point Pillar Candle Blends (56-58°C и 58-60°C)—формулы на основе пальмового парафина и микрокристаллического парафина, разработанные специально для самостоятельных столбчатых свечей. Готовы к использованию: добавьте только краситель и ароматизатор. Оптимизированы с Polyboost/Vybar для легкого извлечения из формы и высокой непрозрачности, стабилизаторами/антиоксидантами UV для увеличения срока хранения, а также агентами для сохранения аромата, обеспечивающими превосходный раскал и холодный бросок, превосходное сохранение формы столбчатой свечи и чистое горение.', '2026-02-06 03:39:47', '2026-02-11 17:38:00'),
(8, 'prod-bw10655-blended-wax', 'Смесь соевого воска, пчелиного воска и парафинового воска', 'Готовая смесь соевого воска, пчелиного воска и парафина от Bio Green Wax — идеальный ароматораспылитель для свечей в банке (48-52°C) и столбиком (56-62°C). Просто добавьте аромат и краситель.', 'Смесь Bio Green Wax из соевого, пчелиного воска и парафина сочетает в себе естественную гладкость сои, стабильность пчелиного воска и мощность аромата парафина для непревзойденной эффективности запаха. Низкая точка плавления (48-52°C) идеально подходит для стеклянных емкостей; высокая точка плавления (56-62°C) отлично подходит для свечных колонн. Готовая к использованию формула — просто добавьте ароматизатор и краситель для превосходного горячего и холодного распространения запаха и безупречной отделки свечи.', '2026-02-06 03:47:07', '2026-02-11 17:32:42'),
(9, 'prod-bw8307-blended-wax', 'Смесь кокосового и рапсового воска', 'Готовая смесь кокоса и рапса от Bio Green Wax — кремовая натуральная основа для свечей в банке (от 48 до 52°C) и в колонне (от 56 до 62°C). Добавляйте только цвет и аромат.', 'Смесь Bio Green Wax с кокосовым и рапсовым воском сочетает в себе кремовую текстуру кокосового воска и ровное горение рапсового воска для исключительной натуральной свечи. Низкая температура плавления (48-52°C), оптимизированная для свечей в контейнерах; высокая температура плавления (56-62°C) — для столбиковых свечей. Полностью готова к использованию — добавьте только выбранный вами цвет и аромат для профессионального, чистого горения.', '2026-02-06 03:50:57', '2026-02-11 17:33:31'),
(10, 'prod-carnauba-wax', 'Пчелиный воск', 'Премиальный бразильский воск карнауба для полировок и покрытий', 'Премиальный бразильский карнаубский воск, известный как \"королева восков\". Идеален для полировки автомобилей, косметики и пищевых покрытий. Самая высокая природная температура плавления.', '2026-02-05 22:00:35', '2026-02-11 17:30:23'),
(11, 'prod-castor-oil', 'Касторовое масло', 'Премиальное холодного отжима касторовое масло, полученное из семян Ricinus communis, широко используемое в фармацевтике, косметике и промышленности.', 'Bio Green Wax поставляет высококачественное касторовое масло — универсальное растительное масло, полученное путём отжима семян растения клещевины (Ricinus communis). Известное своей уникальной химической структурой, насыщенной рицинолевой кислотой (примерно 85–90%), касторовое масло обладает исключительной вязкостью, смазочными и увлажняющими свойствами, что делает его незаменимым в самых различных отраслях.\n\nНаше касторовое масло тщательно отбирается и перерабатывается в соответствии с высочайшими стандартами чистоты и однородности. Оно доступно в холодном отжиме (необработанное) и рафинированных grade, подходящих для фармацевтической, косметической и промышленной сферы. Выдающаяся стабильность масла и его растворимость в спирте выделяют его среди других растительных масел, делая предпочитаемым ингредиентом в формулах, требующих высокого качества.\n\nКасторовое масло является природно биоразлагаемым продуктом, полученным из возобновляемых ресурсов, что соответствует обязательствам Bio Green Wax по экологически ответственному и устойчивому сырьевому обеспечению.', '2026-02-11 17:16:09', '2026-02-11 17:16:09'),
(12, 'prod-coconut-oil', 'Кокосовое масло', 'Веганское и рафинированное кокосовое масло для пищевых и косметических целей', 'Пременное сырье и рафинированное кокосовое масло, подходящее для кулинарии, выпечки и косметических применений. Доступно в различных grades, чтобы удовлетворить ваши конкретные требования.', '2026-02-05 21:50:14', '2026-02-11 17:16:55'),
(13, 'prod-coconut-wax', 'Кокосовый воск', 'Кокосовый воск — это натуральный воск, полученный из кокосового масла, ценится за чистое горение свечей и экологичные применения.', 'Кокосовый воск — это натуральный воск, получаемый из масла кокосов, известный своей чистой и медленной горелкой при изготовлении свечей. Его часто рассматривают как экологичную альтернативу другим видам воска. Кокосовый воск ценится за свои экологичные свойства и хорошую способность удерживать аромат. Он получен из природного и возобновляемого ресурса, обеспечивая чистое и медленное горение свечей, что способствует более длительному сроку службы и более эффективной работе.', '2026-02-11 17:25:44', '2026-02-11 17:25:44'),
(14, 'prod-fr5456-paraffin-wax', 'Полусырой парафиновый воск (50-68°C)', 'Bio Green Wax Полурафинированный парафин (50-68°C) — экономичный с содержанием масла 1-5% для свечей, резины, тканей и промышленных масштабов.', 'Парфирные воски Bio Green Wax полутеребоделённой очистки (50-68°C) обеспечивают экономичную работу с контролируемым содержанием масел (1-5%) для гибкой твердости. Стандартные grades: 52/54°C (свечи), 56/58°C (столбики), 60/62°C (промышленное применение). Идеально подходят для производства доступных свечей, добавок для обработки резины, отделки тканей и покрытий для тарообых материалов, где важны баланс между производительностью и ценой.', '2026-02-06 04:05:14', '2026-02-11 17:23:36'),
(15, 'prod-glycerine', 'Глицерин', 'Глицерин — бесцветная, без запаха, вязкая жидкость, широко используемая в фармацевтической, косметической и пищевой промышленности.', 'Глицерин, также известный как глицерол или глицерин, — бесцветная, без запаха и вязкая жидкость с сладким вкусом. Это прозрачная, сиропообразная жидкость, обычно бесцветная, хотя может иметь слегка желтоватый оттенок. Глицерин обладает высокой вязкостью, что означает, что он течет медленно и относительно густой. У него консистенция, похожая на сироп, что способствует его способности удерживать влагу. Глицерин широко используется в фармацевтике, косметике, пищевой промышленности и в различных промышленных сферах.', '2026-02-11 17:19:38', '2026-02-11 17:19:38'),
(16, 'prod-hydrogenated-castor-oil', 'Гидрогенизированное касторовое масло', 'Гидрогенизированное касторовое масло — это твердый воскообразный производный продукт касторового масла, используемый в косметике, фармацевтике и промышленности.', 'Гидрированный касторовый масло, также известное как касторовый воск или касторовый воск в виде хлопьев, является производным касторового масла, прошедшим процесс гидрогенизации. Это включает добавление водорода к молекулам касторового масла, в результате чего получается твердая, воскоподобная субстанция. Он применяется в косметических и средств личной гигиены, таких как помады, кремы и лосьоны, в качестве эмолента для придания коже гладкости и увлажнения. Также он выступает в качестве связующего агента в косметических составах, помогая ингредиентам сцепляться и прилипать к коже.', '2026-02-11 17:25:02', '2026-02-11 17:25:02'),
(17, 'prod-microcrystalline-wax', 'Микрокристаллический воск', 'Микрокристаллическая воск гибкой консистенции для косметики и клеев', 'Гибкий микрокристаллический воск, идеально подходящий для косметики, горячего плавления клеев и специальных покрытий. Отличная гибкость и адгезионные свойства.', '2026-02-06 03:57:50', '2026-02-11 17:22:56'),
(18, 'prod-olive-oil', 'Оливковое масло', 'Премиальное качество чистого оливкового масла, холодного отжима из отборных средиземноморских оливок для кулинарных, косметических и промышленных применений.', 'Наш премиальный чистый оливковый масло холодного отжима из sorgfältig отобранных средиземноморских оливок, обеспечивающее исключительное качество и насыщенный вкус. Широко используется в приготовлении пищи, косметике, фармацевтике и средствах для личной гигиены, оливковое масло ценится за свои полезные свойства, антиоксиданты и разнообразие применений. Bio Green Wax поставляет оливковое масло, которое соответствует строгим международным стандартам качества, обеспечивая постоянную чистоту и эффективность во всех сферах применения.', '2026-02-11 17:41:39', '2026-02-11 17:41:39'),
(19, 'prod-palm-kernel-oil', 'Пальмовое ядромасло', 'Пальмовое масло получают из ядра плода масличной пальмы, оно используется в пищевых продуктах, косметике и промышленных сферах.', 'Масло пальмовых орехов получают из ядра плода масличной пальмы и обладает характерными физическими свойствами. Оно обычно представляет собой светло-желтый или белый твердый материал при комнатной температуре, но при нагревании превращается в прозрачную, желтоватую жидкость. Точка плавления колеблется от 23 до 28 градусов Цельсия (73 до 82 градусов Фаренгейта). Масло пальмовых орехов богато лауриновой кислотой и широко используется в производстве продуктов питания, косметики и мыловарении.', '2026-02-11 17:21:30', '2026-02-11 17:21:30'),
(20, 'prod-palm-kernel-olein', 'Пальмовое масло стерни', 'Премиум-очищенный пальмовый кернельолейн, жидкая фракция, полученная в результате фракционирования пальмового кернельного масла, ценится за свою отличную прозрачность, низкую температуру помутнения и универсальное применение в пищевой, косметической и олеохимической промышленности.', 'Bio Green Wax поставляет высококачественный пальмовое масло олеин (PKOo), жидкую фракцию, производимую посредством контролируемой фракционировки рафинированного пальмового масла. При охлаждении пальмового масла под точными условиями оно разделяется на твердую фракцию (пальмостьерин) и жидкую фракцию (пальмовое масло олеин). В результате получается прозрачное, светлое масло с низкой точкой плавления и отличной текучестью.\n\nПальмовое масло олеин богато лауриновой кислотой (C12) и каприловой/каприновой маслами средней цепи, что придает ему исключительную прозрачность, быструю усвояемость и легкое, не жирное ощущение. Эти характеристики делают его особенно востребованным в пищевой промышленности в качестве кулинарного масла, жарочного средства и компонента в несырных сливках, мороженом и молочных смесях с наполнителями.\n\nВ секторе личной гигиены и косметики пальмовое масло олеин широко используется в качестве базового масла в lotions, кремах, шампунях и жидких мылах благодаря своим отличным смягчающим свойствам и совместимости с кожей. Оно также служит важным сырьем для производства олеохимикатов, из которых получают жирные кислоты, метилэстеры и поверхностно-активные вещества, используемые в моющих средствах и чистящих продуктах.\n\nBio Green Wax закупает пальмовое масло олеин у поставщиков, сертифицированных по RSPO, что обеспечивает полную прослеживаемость и соответствие целям устойчивого развития пальмового масла. Продукт представлен в рафинированной, отбеленной и ароматизированной (RBD) форме, соответствующей строгим международным стандартам качества.', '2026-02-11 17:46:11', '2026-02-11 17:46:11'),
(21, 'prod-palm-kernel-stearin', 'Пальмоядровый стеарин', 'Высококачественный пальмовый кэролинстирин, твердое вещество, полученное в результате фракционирования пальмового орехового масла, ценится за свой острый профиль плавления и отличную твердость в кондитерских, косметических и олеохимических применениях.', 'Bio Green Wax поставляет высококачественный пальмовое масло–стерины (PKS), твердая фракция с более высокой точкой плавления, получаемая через контролируемую фракционную обработку рафинированного пальмового масла. В процессе фракционирования пальмовое масло разделяется на две составляющие: пальмоядровый олеин (жидкая фракция) и пальмоядровый стерин (твердая фракция). В результате получается стерин — белый или слегка желтоватый жир с характерной острой точкой плавления и твердой текстурой.\n\nПальмоядровый стерин богат лауриновой кислотой (C12) и миристиновой кислотой (C14), что дает ему отличную твердость, быстрое кристаллизование и чистый профиль плавления. Эти свойства делают его идеальным ингредиентом для заменителей какао-масла (CBS), компаундных шоколадных покрытий, кондитерских наполнителей и специальных жиров, где необходимы хруст и блестящая поверхность.\n\nПомимо пищевого применения, пальмоядровый стерин служит ценным сырьем в олеохимической промышленности для производства жирных кислот, жирных спиртов, мылодельных нитей и моющих средствами. В личной гигиене и косметике он придает телу и структуре кремам, лосьонам и твердым formulations.\n\nBio Green Wax получает пальмоядровый стерин из цепочек поставок, сертифицированных RSPO, что обеспечивает полную прослеживаемость и соблюдение обязательств по устойчивому развитию масличных культур. Продукт выпускается в рафинированной, отбеленной и дезодорированной (RBD) форме, отвечающей международным стандартам качества для пищевого и технического использования.', '2026-02-11 17:20:33', '2026-02-11 17:20:33'),
(22, 'prod-palm-oil', 'Пальмовое масло', 'Производство пальмового масла и его производных с устойчивых источников', 'Эко-ответственно поставленное пальмовое масло и продукты его переработки для производства продуктов питания, мыла и моющих средств. Доступны сертифицированные варианты RSPO.', '2026-02-05 21:50:40', '2026-02-11 17:28:32'),
(23, 'prod-palm-shortenings', 'Пальмовое жироподобное масло (с высоким температурой плавления)', 'Высокотопленые пальмовые жиры-слоночки (46–52 °C) являются специализированными кондитерскими и жареными жирами, изготовленными из фракционированного пальмового масла, предназначенными для обеспечения прочной структуры, чистого вкуса и отличной термостойкости в сложных промышленных применениях.', 'Пальмовые шортенинги с высокой температурой плавления в диапазоне 46–52 °C изготавливаются из пальмовых стиринов и средних фракций, обеспечивая высокий содержание твердых веществ, плотную текстуру и稳定ную кристаллическую сеть при комнатной и повышенной температуре. Этот более высокий диапазон плавления обеспечивает превосходную теплоустойчивость, окислительную стабильность и снижение проявлений «oil-out», что делает их особенно подходящими для тропических климатов и линий переработки при высокой температуре.\n\nВ хлебопекарных ремеслах эти шортенинги обеспечивают хорошую аэрацию, ламинацию и хруст, поддерживая слоеные корочки пирогов, слоеное тесто, сливочные крекеры, печенье и бисквиты, даже при теплых условиях сохраняя форму и приятную консистенцию. Они также используются в качестве надежных жиров для жарки и замеса теста, а также в качестве заменителей животного жира в мясных изделиях, где их жесткая структура, стабильность эмульсий и профиль без трансизомеров, безгидрогенизированный, помогают достигнуть постоянной текстуры, чистого вкусового раскрытия и формирования этикеток,-friendly.', '2026-02-11 17:27:42', '2026-02-11 17:27:42'),
(24, 'prod-palm-stearic-acid', 'Пальмитиновая кислота', 'Пальмовая стеариновая кислота — это насыщенная жирная кислота, получаемая из пальмового масла, используемая в косметике, свечах и производстве резины.', 'Пальмовая стеариновая кислота — это тип жирной кислоты, полученной из пальмового масла путём разделения и кристаллизации жирных кислот. Это насыщенная жирная кислота, известная своей стабильностью и твёрдой формой при комнатной температуре. Пальмовая стеариновая кислота имеет воскоподобную поверхность, варьирующуюся от белого до слегка желтоватого оттенка. Ее температура плавления обычно колеблется между 55-70 градусами Цельсия (131-158 градусами по Фаренгейту), что позволяет легко включать её в различные формулы для косметики, свечей и резиновых изделий.', '2026-02-11 17:39:28', '2026-02-11 17:39:28'),
(25, 'prod-palm-stearin', 'Пальмовое стеариновое масло', 'Пальмовое стеариновое масло — это твердая фракция пальмового масла, широко используемая в производстве продуктов питания, свечей и мыловарении.', 'Пальмовая сераина — это твердое фракционное соединение пальмового масла, полученное в процессе фракционирования, известное высоким содержанием насыщенных жирных кислот. Она представляет собой твердый жир при комнатной температуре, с кремово-белым или бледно-желтым цветом и гладкой, воскоподобной текстурой. У пальмовой сераины более высокая температура плавления по сравнению с пальмовым маслом. Обычно она используется в пищевой промышленности для стабилизации жиров, производства маргаринов и в изготовлении свечей и мыла.', '2026-02-11 17:38:46', '2026-02-11 17:38:46'),
(26, 'prod-paraffin-wax', 'Полностью рафинированный парафиновый воск (50-68°C)', 'Bio Green Wax полностью очищенный парафин (50-68°C)—продукт питания/фармацевтического класса, содержание масел менее 0,5%, превосходная твердость. Идеально подходит для свечей, косметики, упаковки и точных промышленных применений.', 'Тканые парафиновые воски Bio Green Wax с полностью рафинированной структурой (температура плавления 50-68°C) характеризуются ультранизким содержанием масла (<0,5%), исключительной твердостью и нейтральным запахом/цветом. Доступны в свечных сортаментах (52/54°C, 56/58°C), контейнерных сортах (50/52°C) и высокотемпературных колонковых сортаментах (64/66°C). Идеальны для премиальных свечей, косметики, покрытий для пищевой упаковки и точечного формования, требующих максимальной чистоты и постоянства характеристик.', '2026-02-06 03:54:32', '2026-02-11 17:43:22'),
(27, 'prod-pf56-synthetic-wax', 'Воск Фишера-Тропша (FT)', 'Воск Фишер‑Тропш (FT) — это высокочистый синтетический парафин, производимый из синтез-газа, обладающий высокой точкой плавления, низкой вязкостью и отличной твердостью, что делает его пригодным для требовательных применений в пластиках, покрытиях, красках, клеях и модификации битума.', 'Восковая продукция FT создается методом синтеза Фишера-Тропша, в результате которого получается водянисто-белый, ультрачистый воск с узким распределением по цепям углерода, очень низким содержанием масел и выдающейся термической стабильностью. Он сочетает в себе высокий температуру размягчения с низкой вязкостью расплава и высокой твердостью, что обеспечивает превосходную стойкость к царапинам, контроль блеска, матирующие эффекты и смазочные свойства во многих композициях.\n\nВ обработке пластмасс и PVC/CPVC воск FT выступает в качестве эффективного внутреннего и внешнего смазочного и helper-агента, уменьшает вязкость расплава, улучшает текучесть, а также повышает высвобождение из формы и стабильность размеров. Он широко используется в горячих клеях и клеях с чувствительностью к давлению, красках для печати и промышленных покрытий для повышения твердости, устойчивости к истиранию и царапинам, блокирующих свойств и предотвращения оседания, одновременно стабилизируя вязкость. Дополнительные ключевые применения включают модификацию битума и асфальта, мастербячи и компаунды полимеров, переработку резины, полироли, текстиль и даже косметические формулы, где FT-воск обеспечивает контролируемую кристалличность, улучшенную износостойкость и устойчивость к морщинам, а также гладкое тактильное ощущение.', '2026-02-06 04:16:22', '2026-02-11 17:44:16'),
(28, 'prod-pfad', 'PFAD (Дестиллят пальмовый жирных кислот)', 'PFAD — побочный продукт переработки пальмового масла, используемый в производстве мыла, кормов для животных и био топлива.', 'Дистиллят пальмовых жирных кислот (PFAD) — побочный продукт процесса рафинирования пальмового масла. Он получается путём дистилляции сырого пальмового масла для удаления примесей и достижения более высокой степени чистоты. PFAD — это жидкость коричневато-жёлтого цвета с характерным запахом. Он содержит смесь насыщенных и ненасыщенных жирных кислот, при этом преобладают лауриновая, миристиновая и пальмитиновая кислоты. PFAD используется в производстве мыла, кормов для животных и биоэтанола.', '2026-02-11 17:26:31', '2026-02-11 17:26:31'),
(29, 'prod-pkfad', 'Дистиллят жирных кислот пальмового ядра (PKFAD)', 'PKFAD является побочным продуктом рафинирования пальмового ядра, богатым лауриновой кислотой, используемой в мыловаренной и олейтинговой промышленности.', 'Дистиллят пальмовых косточек жирных кислот (PKFAD) — это побочный продукт, получаемый в процессе рафинирования пальмового ядра. Он богат жирными кислотами, включая мноюрацную кислоту, что делает его ценным для определённых промышленных применений. PKFAD применяется в различных отраслях промышленности, включая производство мыла, биоэтанола и в качестве сырья в олеохимической индустрии.', '2026-02-11 17:40:12', '2026-02-11 17:40:12'),
(30, 'prod-polyethylene-wax', 'Полиэтиленовая воск (PE-воск)', 'N kannst производит низкомолекулярный полиэтилен, используемый как высокоэффективная смазка и добавка для обработки в пластмассах, покрытиях, красках и клеях, улучшая текучесть, скользкость поверхности и устойчивость к царапинам.', 'Полиэтиленовая воск — это тонко раздробленный, высокотемпературный синтетический воск с низкой вязкостью, отличной термической стабильностью и высокой совместимостью с распространёнными полимерами, такими как PVC, PE, PP и EVA. Он обеспечивает внутреннее и внешнее смачивание, снижает вязкость расплава и трение, улучшает высвобождение из формы и создает гладкую, глянцевую и устойчивую к царапинам поверхность.\n​\n\nОсновные области применения включают обработку пластиков и мастикажа, где PE-воск повышает эффективность экструзии и литья под давлением, предотвращает накопление на формах и улучшает дисперсию пигментов и наполнителей. Он также используется в горячих расплавах и клеях с чувствительной к давлению адгезией, чернилах и порошковых покрытых материалах для регулировки вязкости расплава, повышения сцепляемости и прочности, а также для оптимизации времени открывания и застывания. Дополнительное применение охватывает битум и дорожные краски, древесно-пластиковые композиты, rubber-композиты, кабельные составы и формульные wax-продукты, такие как полироли и карандаши, где он повышает температуру размягчения, твердость и водопрочность.', '2026-02-06 04:01:24', '2026-02-11 17:42:29'),
(31, 'prod-rapeseed-oil', 'Рапсовое масло', 'Холодного отжима и рафинированное рапсовое масло с фермерских хозяйств Великобритании', 'Холодного отжима и рафинированное рапсовое масло, полученное с фермерских хозяйств Великобритании. Идеально подходит для приготовления пищи, запекания и заправки салатов. Низкое содержание насыщенных жиров и богатое омега-3.', '2026-02-05 21:54:09', '2026-02-11 17:34:12'),
(32, 'prod-rapeseed-wax', 'Масло рапсовых семян', 'Рапсовое воск — это натуральный растительный воск, используемый в качестве экологически чистой альтернативы при производстве свечей и косметики.', 'Воск из масличной редьки — это натуральный растительный воск, получаемый из масла растения масличной редьки, широко используемый как экологичная альтернатива традиционному парафиновому воску в изготовлении свечей и других сферах. Он обеспечивает чистое и медленное горение, а также хорошую удержание аромата. Воск из масличной редьки часто применяется в производстве свечей и в составлении натуральной косметики, такой как бальзамы для губ, лосьоны и кремы, обладая увлажняющими свойствами.', '2026-02-11 17:24:19', '2026-02-11 17:24:19'),
(33, 'prod-soap-noodles', 'Мыловаренная паста', 'Мылообразующие нити — это первичные исходные материалы для производства мыла, получаемые путем слабоонования растительных масел и жиров.', 'Мыльная стружка, также известная как мыльные гранулы, является одним из основных сырьевых материалов, используемых в производстве мыла. Она производится путём обработки растительных масел и жиров с помощью гидроксида натрия (щёлочи) посредством салипономизации. Мыльная стружка обычно представляет собой твёрдые белые или бежевые куски или шарики с мягким и нейтральным ароматом. Она не содержит примесей и обладает высокой концентрацией жирных кислот, что способствует её очищающим и эмульгирующим свойствам.', '2026-02-11 17:40:56', '2026-02-11 17:40:56'),
(34, 'prod-soy-wax', 'Соевый воск', 'Соевый воск — это возобновляемый растительный воск, произведённый из соевого масла, популярный для экологически чистого изготовления свечей.', 'Соевый воск — это вид растительного воска, получаемого из соевого масла. Он является популярной альтернативой традиционному парафинному воску, который получают из нефти. Соевый воск считается возобновляемым, биоразлагаемым и экологически чистым выбором для изготовления свечей. Его получают путем гидрогенизации соевого масла, преобразуя его в твердую форму, пригодную для свечей. Обычно он выпускается в виде хлопьев, которые легко измерять и расплавлять.', '2026-02-11 17:17:34', '2026-02-11 17:17:34'),
(35, 'prod-soybean-oil', 'Соевое масло', 'Высококачественное соевое масло для промышленного и кулинарного использования', 'Соевое масло — универсальное растительное масло, получаемое из soybeans, широко используемое для жарки, выпечки и заправки салатов благодаря своему нейтральному вкусу и высокой точке дымления.  \nОно богато полиненасыщенными жирами, включая омега‑3 и омега‑6 жирные кислоты, а также содержит витамин K и витамин E.  \nИдеально подходит для глубокой жарки, производства маргарина и промышленных продуктов питания. Очищено и дезодорировано до высокого стандарта.', '2026-02-05 21:50:40', '2026-02-11 17:29:11'),
(36, 'prod-sunflower-oil', 'Подсолнечное масло', 'Преминое рафинированное подсолнечное масло для приготовления пищи и переработки продуктов питания', 'Наш премиальный рафинированный подсолнечное масло идеально подходит для приготовления, жарки и обработки продуктов питания. Происходит из качественных подсолнечных семян и рафинируется по самым высоким стандартам.', '2026-02-05 21:43:01', '2026-02-11 17:22:16');

--
-- Dumping data for table `products_sw`
--

INSERT INTO `products_sw` (`id`, `master_id`, `name`, `description`, `full_description`, `created_at`, `updated_at`) VALUES
(1, 'bdf424df-f9b0-4a79-84d6-f6ed1eb1e84f', 'Palm Olein', 'Palm olein ni sehemu ya kioevu ya mafuta ya palmi yaliyosemwa, inayotambuliwa kama mafuta thabiti ya kukaanga na kupikia ambayo hutoa ladha isiyo na ladha maalum, maisha marefu ya kukaanga, na muundo mkavu kwa vyakula vya vitafunwa, vyakula vya haraka, na matumizi ya nyumbani.', 'Palm olein hutengenezwa kwa kugawanya mafuta ya mbao yaliyochakatwa, yaliyopauka, na yaliyotulizwa (RBD) ili kupata kioevu safi chenye utajiri wa asidi ya oleiki na palmitic, na kutoa mkusanyiko wa asidi tata wa mafuta yenye utulivu mzuri wa kioevu kwa asili. Kuepuka kwake kwa kiwango cha juu cha moshi, upinzani dhidi ya oksidi na uundaji wa polymers, pamoja na kutokuwa na mwelekeo mdogo wa kuunda harufu mbaya, kunaruhusu mizunguko ya kukaanga mara kwa mara kwa mafuta yanayodumu kwa muda mrefu bila kupasuka, kupungua kwa povu, na kuongeza muda wa kukaa kwa bidhaa zilizomalizika.\n​\nKatika matumizi ya chakula, palm olein hutumika sana kama kati ya kukaanga kwa vyakula vya vitafunwa, chipsi za viazi, kuku waliokaangwa, sahani za kukaanga za haraka, na vyakula vya baridi vilivyowekwa tayari, pamoja na mafuta ya nyumbani kwa matumizi ya jumla katika masoko mengi ya kitropiki. Pia hutumika kama mafuta ya msingi katika mchanganyiko na soya, alizeti, au mafuta mengine ya mboga ili kufanikisha mifumo ya lishe na kazi zilizobinafsishwa, na hutumika katika margarine, mafuta ya mkate, na mifumo ya kukaanga ya huduma za chakula ambapo utendaji thabiti na ladha safi ni muhimu.', '2026-02-11 17:15:21', '2026-02-11 17:15:21'),
(2, 'prod-beeswax', 'Nguvu za nta', 'Parafua safi ya nyuki kwa ajili ya urembo na utengenezaji wa mishumaa', 'Ngeu safi asilia kutoka kwa wawindaji nyuki wa maadili. Inafaa kwa matumizi ya vipodozi, utengenezaji wa mishumaa, na matumizi ya chakula. Inapatikana kwa viwango mbalimbali.', '2026-02-05 21:58:01', '2026-02-11 17:29:53'),
(3, 'prod-bw101-palm-wax', 'Kiazi cha Waluti', 'Wax ya palm 100% ya Premium yenye rangi ya manjano yenye mantiki, inayofaa kwa kutengeneza mishumaa. Imetambulika na RSPO SG (Segregated) / MB (Mass balance).', 'Wax ya mviringo wa 100% ya palm wenye rangi nzuri ya manjano ya creme. Imetibitishwa na RSPO MB kwa ajili ya uendelevu. Inafaa sana kwa utengenezaji wa mishumaa, kuunda mifumo, na mishumaa ya chupa.', '2026-02-05 22:05:36', '2026-02-11 17:45:31'),
(4, 'prod-bw105-palm-wax', 'Palm Shortening (Mchakato wa Kupoa wa Chini)', 'Palm Shortening ni mafuta semi-imara, yasiyo na hydrogenate yanayotokana na mafuta ya mbegu za mwani yaliyogawanyika, yanayotoa uimara bora na ladha isiyo na ladha maalum.', 'Palm Shortening ni mafuta yaliyo semi-solid, yasiyo na hydrogenated yanayotokana na palm oil iliyogawanyika, na kutoa utulivu bora na ladha ya asili. \nInafaa kwa matumizi ya bidhaa za bakery—huunda maziwa ya keki yaliyonyooka, mifupa laini, na vyakula vya kukaanga vilivyokoroma na kiwango cha juu cha kuteketeza moshi. \nMbadala wa bei nafuu, usioharibika na oksidi kwa siagi au ladi kwenye pagani za viwanda.', '2026-02-06 02:27:03', '2026-02-11 17:31:15'),
(5, 'prod-bw10510-blended-wax', 'Kiazi cha parafini cha mchanganyiko wa Palm-Paraffin kwa mishumaa ya chupa', 'Mchanganyiko wa Kandarasi ya Mashumari ya Low MP iliyotayarishwa tayari: Palm-Paraffin-Microcrystalline na Polyboost™, Vybar®, stabilizers za UV—ongeza tu rangi na manukato kwa kuambatana bora na kioo na upeo mkubwa wa utoaji.', 'Mchanganyiko wa taa ya kioo ya Bio Green Wax Low Melting Point Jar Candle (48-50°C) na (50-52°C)—Mfumo wa Palm-Paraffin-Microcrystalline ulioboreshwa kwa ajili ya vyombo vya glasi. Tayari kutumika: ongeza tu rangi na harufu. Inajumuisha Polyboost/Vybar kwa ulinzi wa utando/ushikaji, viambato vya UV stabilizers/antioxidants kwa muda wa kuhifadhi, pamoja na wakala wa kuhifadhi harufu ambao huwapa uwezo wa kutupa jua kali na baridi, kuchoma bila mikunjo, na usikimaji bora wa jar kwa ajili ya mishumaa ya makontena ya hali ya juu.', '2026-02-06 03:37:04', '2026-02-11 17:37:21'),
(6, 'prod-bw10555-blended-wax', 'Mchanganyiko wa Takatifu wa Wax ya Vegan inayotokana na Soja', 'Mchanganyiko wa Vegan wa Soy 95% wa Ready-to-use kutoka Bio Green Wax—bakiwa kabisa na asili ya mimea kwa mishumaa ya Jar (48-52°C) na Pillar (56-62°C). Ongeza rangi na harufu tu.', 'Bio Green Wax\'s 95% Soy Wax Vegan Blend (5% mchanganyiko wa mimea) unatoa mwanga safi, wa asili kwa chupa za glasi na misingi inayojitegemea. Inapatikana kwa kiwango cha kiwango cha chini cha kuyeyuka (48-52°C) kwa chujio na kiwango cha juu cha kuyeyuka (56-62°C) kwa misingi. Tayari kwa matumizi: ongeza tu rangi na harufu yako kwa fasaha ya kipekee na mwisho laini.', '2026-02-06 03:44:36', '2026-02-11 17:32:01'),
(7, 'prod-bw10610-blended-wax', 'Paraafin ya palm na mchanganyiko wa nta wa mishumaa ya Pillar', 'Mchanganyiko wa Mishi wa Kila Mara wa Msingi wa High MP wa tayari kutumika (56-58°C & 58-60°C): Palm-Paraffin-Microcrystalline na Polyboost™, Vybar®, stabilizers za UV—onlyosha rangi na harufu kwa utendaji bora wa mshipa wa msingi.', 'Bio Green wax\'s High Melting Point Pillar Candle Blends (56-58°C & 58-60°C)—Mchanganyiko wa mafuta ya palm-Paraffin-Microcrystalline uliobuniwa kwa ajili ya mishumaa ya nguzo inayojitegemea. Imeandaliwa tayari kwa matumizi: ongeza tu rangi na harufu. Imeboreshwa kwa Polyboost/Vybar kwa ajili ya kuachilia mold na ufanisi wa opacity, viungio vya UV stabilizers/antioxidants kwa ajili ya kuongeza muda wa matumizi, pamoja na wapataji wa kubeba harufu ambao hutoa uzalishaji wa moto/baridi wa kipekee, kuhifadhi umbo kamilifu la mishumaa ya nguzo, na utendaji wa kuchoma safi.', '2026-02-06 03:40:42', '2026-02-11 17:38:08'),
(8, 'prod-bw10655-blended-wax', 'Mchanganyiko wa Soy-Beeswax na Paraffin Wax', 'Mchanganyiko wa Soy-Beeswax-Paraffin wa tayari kwa matumizi kutoka Bio Green Wax—kukata harufu kali kabisa kwa mishumaa ya Jar (48-52°C) na Pillar (56-62°C). Kutoa harufu na rangi tu.', 'Bio Green Wax\'s Soy-Beeswax-Paraffin Blend huunganisha ufanisi wa asili wa soja, uimara wa asali, na uwezo wa harufu wa paraffin kwa utendakazi usio na kifani wa harufu. Kielelezo cha kiwango kidogo cha kuyeyuka (48-52°C) kinatenda vyema kwenye vyombo vya vioo; kiwango kikubwa cha kuyeyuka (56-62°C) kinafaa kwa mipheru. Muundo wa tayari kutumia—ongeza tu harufu na rangi kwa ufanisi wa moto/baridi na kumaliza taa bila kasoro.', '2026-02-06 03:48:05', '2026-02-11 17:32:53'),
(9, 'prod-bw8307-blended-wax', 'Mchanganyiko wa Parafufa wa Kokos na Mafuta ya Lecithin', 'Mchanganyiko wa Mafutanyakula ya Kokos na Mafuta ya Mzeituni uliotengenezwa tayari kutoka Bio Green Wax—utendaji wa asili wenye cramu kwa mishumaa ya Jar (48-52°C) na Pillar (56-62°C). Ongeza rangi na harufu pekee.', 'Bio Green Wax\'s Coconut-Rapeseed Blend inachanganya muundo wa mafuta ya nazi na ule wa mafuta ya rapeseed kwa kuwasha kwa mwezi asilia kwa muonekano bora wa taa za asili. Kiwango cha chini cha kuteketeza (48-52°C) kilichoboreshwa kwa taa za chupa; kiwango cha juu cha kuteketeza (56-62°C) kwa taa za nguzo. Imekwisha kamilika, tayari kutumia—ongeza tu rangi na harufu unazozipenda kwa matokeo ya kitaalamu na safi yanayowaka.', '2026-02-06 03:51:55', '2026-02-11 17:33:42'),
(10, 'prod-carnauba-wax', 'Sugatula ya Carnauba', 'Wax ya kutumia wa Brazil ya premium Carnauba kwa polishi na shinikizo', 'Wax ya premium ya Brazilian carnauba, inayojulikana kama \"malkia wa waxes\". Inafaa kwa kusafisha magari, vipodozi, na zinazofunga vyakula. Kiwango cha juu cha halijoto ya kuyeyuka ya asili.', '2026-02-05 22:01:23', '2026-02-11 17:30:30'),
(11, 'prod-castor-oil', 'Mafuta ya Castor', 'Mafuta ya nazi ya cold-pressed ya kiwango cha juu yanayotokana na mbegu za Ricinus communis, yanayotumika sana katika uwanja wa agharama, vipodozi, na matumizi ya viwandani.', 'Bio Green Wax inatoa mafuta ya mazao ya kastori ya ubora wa juu, mafuta ya mboga yenye matumizi mengi yanapatikana kwa kubonyeza mbegu za mmea wa kastori bean (Ricinus communis). Inajulikana kwa muundo wake wa kipekee wa kemikali uliojaa asidi ya ricinoleic (takriban 85–90%), mafuta ya kastori yanaonyesha wiani wa kipekee, uwezo wa kusugua, na mali ya unyonyaji ambayo yanayufanya kuwa muhimu sana kwenye sekta mbalimbali.\n\nMafuta yetu ya kastori yanapatikana kwa uangalifu na kuchakatwa ili kukidhi viwango vya juu zaidi vya usafi na mwaka. Inapatikana kwa hali ya cold-pressed (virgin) na refined, inayostahili kwa matumizi ya dawa, urembo, na viwandani. Utulivu wa ajabu wa mafuta haya na uwezo wake wa kuchanganyika na pombe yanamtofautisha na mafuta mengine ya mboga, na kumfanya kipengele kinachopendelewa katika taarifa zinazohitaji utendaji wa juu.\n\nMafuta ya kastori ni asili yanayoweza kuharibika na yanatoka kwa rasilimali zinazoweza kurejeshwa, yanayolingana na dhamira ya Bio Green Wax ya upatikanaji wa mazingira kwa njia endelevu na zinazowajibika kwa mazingira.', '2026-02-11 17:16:20', '2026-02-11 17:16:20'),
(12, 'prod-coconut-oil', 'Mafutaya Nazi', 'Mafuta ya parachichi yasiyobadilishwa na yaliyosafishwa kwa matumizi ya chakula na ajili ya urembo', 'Supuzi ya nazi safi na iliyochakatwa kwa ubora wa hali ya juu inayofaa kwa kupikia, kuoka, na matumizi ya kosmetiki. Inapatikana kwa viwango mbalimbali ili kukidhi mahitaji yako maalum.', '2026-02-05 21:50:40', '2026-02-11 17:17:04'),
(13, 'prod-coconut-wax', 'Paraffini ya Nazi', 'Sili ya nazi ni mafuta asili yanayotoka kwenye mafuta ya nazi, yanayothaminiwa kwa mishumaa safi inayowaka na matumizi rafiki kwa mazingira.', 'Sukari ya nazi ni wax ya asili inayotokana na mafuta ya nazi, maarufu kwa kuchoma safi na polepole katika utengenezaji wa mishumaa. Mara nyingi huzingatiwa kama njia endelevu ya kuchukua nafasi ya wax nyingine. Sukari ya nazi imenunuliwa kwa sifa zake za kirafiki kwa mazingira na uwezo wake wa kushikilia harufu vizuri. Inatokana na rasilimali asili na zinazoweza kurejeshwa, ikitoa kuchoma safi na polepole katika mishumaa kwa kipindi chenye muddadili na ufanisi zaidi.', '2026-02-11 17:25:53', '2026-02-11 17:25:53'),
(14, 'prod-fr5456-paraffin-wax', 'Pochini la Paraffini Isiyo Kamili (50-68°C)', 'Bio Green Wax Paraffini Semi Refined (50-68°C)—gharama nafuu, mafuta ya 1-5% kwa mishumaa, mpira, nguo na matumizi ya viwandani yenye mtiririko mkubwa.', 'Bio Green Wax\'s Semi Refined Paraffin Waxes (50-68°C) yanatoa utendaji wa kujenga bei nafuu yenye kiasi kinachodhibitiwa cha mafuta (1-5%) kwa usakinishaji unaobadilika. Viwango vya Kawaida: 52/54°C ( mishumaa), 56/58°C (nguzo), 60/62°C (viwanda). Inafaa kamili kwa uzalishaji wa mishumaa unaohitaji bajeti, msaada wa usindikaji wa mpira, kumalizia kwa ngozi, na coating za ujazo wa makopo ambapo utendaji wa usawa na bei vinathaminiwa zaidi.', '2026-02-06 04:06:10', '2026-02-11 17:23:46'),
(15, 'prod-glycerine', 'Glycerini', 'Glycerine ni kioevu kisicho na rangi, kisicho na harufu, chenye wingi wa unyevunyevu kinachotumika sana katika sekta za dawa, urembo, na chakula.', 'Glycerine, pia inajulikana kama glycerol au glycerin, ni kioevu kisicho na rangi, kisicho na harufu, na chenye unyevunyevu mkubwa chenye ladha tamu. Ni kioevu cha uwazi, kinachoshikana kama syrupi, ambacho kwa kawaida hakina rangi, ingawa kinaweza kuwa na tinge nyekundu kidogo. Glycerine ina unyevunyevu mkubwa, yaani inatiririka polepole na ni nyembamba kwa kiasi kikubwa. Ina muundo wa kama syrupi, ambao huchangia uwezo wake wa kubeba unyevu. Glycerine inatumika sana katika sekta za vidonge, vipodozi, usindikaji wa vyakula, na matumizi tofauti ya viwandani.', '2026-02-11 17:19:48', '2026-02-11 17:19:48'),
(16, 'prod-hydrogenated-castor-oil', 'Mafuta ya Castor yaliyohifadhiwa na Hydrogen', 'Mafuta ya mafuta ya karite yaliyo hydrogenated ni kiwali chenye umbo wa jiwe la kung\'aa kinachotoka kwa mafuta ya karite, kinatumika katika vipodozi, dawa, na matumizi ya viwanda.', 'Mafuta ya minazi yaliyo hydrogenated, yanajulikana pia kama wax ya minazi au flakes za wax ya minazi, ni bidhaa ya toholdwa kutoka kwa mafuta ya minazi ambayo yanapitia mchakato wa hydrogenation. Hii inahusisha kuongeza hydrogen kwenye molekuli za mafuta ya minazi, na kusababisha nyongeza ya kinyesi kigumu, kilichojumuika kama wax. Inatumika katika bidhaa za urembo na usafi wa binafsi kama lipsticks, krimu, na lotions kama emollient ili kutoa laini na unyevu kwa ngozi. Pia hufanya kama kiunganishi katika mchanganyiko wa vipodozi, kusaidia viungo kushikamana pamoja na kusalia kwenye ngozi.', '2026-02-11 17:25:12', '2026-02-11 17:25:12'),
(17, 'prod-microcrystalline-wax', 'Sabuni ya Microcrystalline', 'Parafini ya microcrystalline inayobadilika kwa urahisi kwa ajili ya vipodozi na mafuta ya kunamakia', 'Asali ya microcrystalline inayobadilika kwa urahisi, bora kwa vipodozi, makanda ya kuyeyusha kwa joto, na coatings maalum. Kubadilika kwake kwa kipekee na sifa nzuri za kujifunga.', '2026-02-06 03:58:46', '2026-02-11 17:23:04'),
(18, 'prod-olive-oil', 'Mafuta ya Zaituni', 'Ngozi ya ubora wa juu mafuta ya mzeituni safi, yaliyojikunja kwa baridi kutoka kwa mzeituni bora ya Mediterranean kwa matumizi ya upishi, urembo, na viwandani.', 'Supu ya mafuta ya kamili ya zeituni safi ya Premium ya Bio Green Wax imetengenezwa kwa shinikizo la baridi kutoka kwa mawezi ya Mediterranean yaliyochaguliwa kwa makini, na kuhakikisha ubora wa kipekee na ladha tajiri. Imethumika sana katika maandalizi ya vyakula, vipodozi, dawa, na bidhaa za urembo binafsi, mafuta ya zeituni yanathaminiwa kwa faida zake kiafya, mali za antioksidanti, na matumizi mbalimbali. Bio Green Wax inapata mafuta ya zeituni yanayokidhi viwango mkali vya ubora wa kimataifa, kuhakikisha usafi wa kudumu na utendaji mzuri katika matumizi yote.', '2026-02-11 17:41:49', '2026-02-11 17:41:49'),
(19, 'prod-palm-kernel-oil', 'Mafuta ya Mafuta ya Mafuta ya Mafuta', 'Mafuta ya kernel ya kinoo cha mpira wa mikoko yanatokana na kernel ya tunda la mkaa wa mafuta, yanatumika katika bidhaa za chakula, vipodozi, na matumizi ya viwandani.', 'Mafuta ya kernel ya mti wa mikoko hupatikana kutoka kwenye kernel ya tunda la mti wa mikoko na yana sifa za kiwili za kipekee. Kwa kawaida ni rangi nyepesi ya manjano hadi nyeupe kuwa ukilinganisha na joto la chumba, lakini huinyea na kuwa mchochovyo wa rangi ya manjano wazi wakati yanapozimwa. Kiwango cha kuyeyuka kinatofautiana kati ya nyuzi joto 23 hadi 28 darandi Celsius (73 hadi 82 nyuzi Fahrenheit). Mafuta ya kernel ya mti wa mikoko ni tajiri katika asidi laurik na yanatumika sana katika utengenezaji wa vyakula, vipodozi, na utengenezaji wa sabuni.', '2026-02-11 17:21:40', '2026-02-11 17:21:40'),
(20, 'prod-palm-kernel-olein', 'Olein ya Korodani la Miti', 'Oleini ya kinifu ya mafuta ya shina la mpera iliyochemshwa vizuri, sehemu ya kioevu inayopatikana kutoka kwa kugawanyika kwa mafuta ya shina la mpera, inayothaminiwa kwa uwazi wake bora, kiwango cha mvua cha chini, na matumizi ya kisekta katika sekta za chakula, huduma binafsi, na viwanda vya oleokemikali.', 'Bio Green Wax inatoa palm kernel olein (PKOo) wa ubora wa juu, sehemu ya kioevu inayozalishwa kupitia ugawaji wa kudhibitiwa wa mafuta ya kernel ya mzeituni wa palamu yaliyochakatwa. Wakati mafuta ya kernel ya palamu yanahooa chini ya masharti maalum, huzitenga kuwa sehemu ngumu (palm kernel stearin) na sehemu ya kioevu (palm kernel olein). Olein inayopatikana ni mafuta safi, rangi nyepesi, yenye pointi ya kuyeyuka ya chini na rahisi kumimina.\n\nPalm kernel olein ni tajiri katika asidi lauric (C12) na midadi ya mafuta ya kati ya capric/caprylic, yanayoiwezesha kuwa na mwonekano safi, kupenya kwa haraka, na hisia nyepesi isiyokuwa na mafuta mengi. Sifa hizi hufanya iwe ya kusudi sana katika tasnia ya vyakula kama mafuta ya kupikia, kati ya kukaanga, na kiungo katika cream zisizo na maziwa, barafu, na mchanganyiko wa maziwa yaliyojaa.\n\nKatika sekta ya huduma za kibinafsi na cosmetiki, palm kernel olein inatumika sana kama mafuta msingi katika lotions, creams, shampoos, na sabuni za mto, kutokana na mali zake nzuri za kuleta unyevu na ufanisi kwa ngozi. Pia, inatumikia kama nyenzo muhimu katika utengenezaji wa oleochemicals, ikitoa asidi za mafuta, methyl esters, na surfactants zinazotumika katika sabuni na bidhaa za kusafisha.\n\nBio Green Wax inapata palm kernel olein kutoka kwa minara ya usambazaji iliyoidhinishwa na RSPO, kuhakikisha uwazi kamili na uendeshaji sambamba na ahadi za mafuta ya palamu endelevu. Bidhaa inapatikana kwa fomu ya refined, bleached, na deodorised (RBD), ikikidhi viwango vigumu vya ubora vya kimataifa.', '2026-02-11 17:46:24', '2026-02-11 17:46:24'),
(21, 'prod-palm-kernel-stearin', 'Palm Kernel Stearin', 'Stearin ya ubora wa juu ya mafuta ya mbegu za nazi, sehemu imara inayopatikana kutokana na kugawanywa kwa mafuta ya nazi, inayothaminiwa kwa mchanganyiko wake wa kuyeyuka haraka na ugumu mzuri katika maelekezo ya kutengeneza pipi, vipodozi, na matumizi ya oleochemicals.', 'Bio Green Wax hutoa stearin ya kokwa ya kori (PKS) ya daraja la juu, sehemu ya fuwele imara inayotengenezwa kwa urefushaji wa kudhibitiwa wa mafuta ya kori safi. Wakati wa urefushaji, mafuta ya kori huogezwa kuwa sehemu mbili: oleini ya kori (sehemu ya kioevu) na stearin ya kori (sehemu ya fuwele). Stearin inayotengenezwa ni mafuta meupe hadi nyeupe machoni na tabia ya kuingia kwenye kuzama kwa haraka na muundo imara.\n\nStearin ya kori ni tajiri katika asidi lauric (C12) na asidi myristic (C14), inayoifanya kuwa na ugumu mzuri, kuundwa kwa kiolo mbishi kwa haraka, na mfungo safi wa kuyeyuka. Sifa hizi hunifanya kuwa kiungo bora kwa mbadala wa siagi ya kakao (CBS), mashine za kofia za chokoleti za mseto, vilivyojazwa tamu, na mafuta maalum yanapohitaji muundo wa kukwaruza na kukoroma.\n\nZaidi ya matumizi ya chakula, stearin ya kori hutumika kama malighafi muhimu katika sekta ya oleokemia kwa utengenezaji wa asidi za mafuta, pombe za mafuta, ndoo za sabuni, na surfactants. Katika huduma za kibinafsi na urembo, huchangia mwili na muundo kwa kremu, lotions, na fomula za fuwele.\n\nBio Green Wax inapata stearin ya kori kutoka kwa mnyororo wa usambazaji wa RSPO-certified, kuhakikisha ufuatiliaji kamili na ufanisi wa ahadi za mafuta ya kori endelevu. Bidhaa hii inapatikana kwa hali ya kusafishwa, kubadilishwa rangi, na kuepukwa harufu (RBD), ikitimize viwango vya ubora vya kimataifa kwa matumizi ya chakula na ya kiteknolojia.', '2026-02-11 17:20:45', '2026-02-11 17:20:45'),
(22, 'prod-palm-oil', 'Mafuta ya Mao {/*Note: If \"Palm Oil\" is a specific product or term, the translation is \"Mafuta ya Mao\" in Swahili. If \"Palm Oil\" refers to the actual oil derived from palm trees, then \"Mafuta ya Miti ya Mikoko\" could also be used, but \"Mafuta ya Mao\" is the most common.*/}', 'Mafuta ya nazi yenye asili endelevu na dista zake', 'Mafuta ya nazi yaliyochaguliwa kwa njia endelevu na majimaji ya nazi kwa ajili ya utengenezaji wa chakula, uzalishaji wa sabuni na sabuni za kufulia. Chaguo zilizothibitishwa na RSPO zinapatikana.', '2026-02-05 21:50:40', '2026-02-11 17:28:39'),
(23, 'prod-palm-shortenings', 'Palm Shortenings (kiwango cha kuyeyuka cha juu)', 'Mafuta ya kupunguza mafuta ya mikoko yenye kuyeyuka kwa joto la juu (46–52 °C) ni mafuta maalum ya machakula na kukaanga yanayotengenezwa kutoka kwa mafuta ya mikoko yaliyogawanyika, yaliyoundwa kutoa muundo imara, harufu safi, na ustahimilivu bora wa joto katika matumizi makali ya viwandani.', 'Majani ya mafuta ya kupikia ya palm yenye harufu ya kuyeyuka kwa kiwango cha 46–52 °C yanatengenezwa kutoka palm stearin na mid‑fractions ili kutoa kiwango cha juu cha mafuta thabiti, muundo imara, na mtandao wa kristali thabiti kwenye hali ya hewa ya kawaida na juu. Kiwango hiki cha kuyeyuka kwa juu huleta upinzani bora wa joto, utulivu wa oksidi, na kupunguza mafuta kujinawa, na kufanya zifae kwa hali ya joto ya kitropiki na viunzi vya usindikaji vya joto kali.\n​\n\nKatika matumizi ya mikate, majani haya ya mafuta huwapa hewa nzuri, uchanganyaji wa tabaka, na kukunja, kusaidia uundaji wa mizizi ya mali, pastry za puff, crackers za cream, biskuti, na kuoka huku yakihifadhi umbo na msisimko hata katika hali ya joto. Pia zinatumika kama mafuta kwa kukaanga yenye nguvu, mafuta ya dough, na kama mbadala wa mafuta ya wanyama kwenye bidhaa za nyama, ambapo muundo wao thabiti, utulivu wa emulsion, na profile isiyo na trans, isiyohydrogenated, husaidia kufanikisha muundo wa kila mara, kuachilia harufu safi, na michanganyiko yenye lebo rafiki.', '2026-02-11 17:27:54', '2026-02-11 17:27:54'),
(24, 'prod-palm-stearic-acid', 'Asidi ya Stearik ya Kidole', 'Asidi ya stearik ya mfano wa palm isetaha mafuta yenye usira kutoka kwa mafuta ya palm, inayotumika katika vipodozi, mishumaa, na utengenezaji wa mpira.', 'Asidi ya palm stearic ni aina ya asidi ya mafuta inayotokana na mafuta ya mtende, inayopatikana kwa njia ya kutenganisha na kuunda kativu vya mafuta. Ni asidi ya mafuta iliyosafishwa inayojulikana kwa uimara wake na umbo thabiti wakati wa joto la chumba. Asidi ya palm stearic ina muonekano wa waxy unaoanzia kwenye mweupe hadi njano kidogo. Ina kiashirio cha kuyeyuka kati ya digrii 55-70 Celsius (131-158 Fahrenheit), ambacho kinampa uwezo wa kuingizwa kwa urahisi kwenye viraka mbalimbali vya mapambo, mishumaa, na bidhaa za mpira.', '2026-02-11 17:39:37', '2026-02-11 17:39:37'),
(25, 'prod-palm-stearin', 'Palm Stearin', 'Palm stearin ni sehemu thabiti ya mafuta ya nazi, inayotumika sana katika utengenezaji wa vyakula, uzalishaji wa mishumaa, na kutengeneza sabuni.', 'Palm stearin ni sehemu imara ya mafuta ya leo yanayopatikana kupitia mchakato wa kugawanya, inajulikana kwa kiwango chake kikubwa cha asidi ya mafuta yaliyojaa. Ni mafuta imara yanapokewa na joto la chumbani yana rangi nyeupe ya kremu hadi manjano hafifu na muundo laini, wa wax. Palm stearin ina point ya kuyeyuka ya juu ikilinganishwa na mafuta ya leo. Inatumiwa sana katika tasnia ya vyakula kwa ajili ya kusimamia mafuta, kutengeneza margarine, na katika uzalishaji wa mishumaa na sabuni.', '2026-02-11 17:38:54', '2026-02-11 17:38:54'),
(26, 'prod-paraffin-wax', 'Peti la Paraffin lililomalizika kikamilifu (50-68°C)', 'Bio Green Wax Paraffin Iliyotengenezwa Kikamilifu (50-68°C)—daraja la chakula/pharma, mafuta <0.5%, ugumu bora. Kamili kwa mishumaa, cosmetics, ufungaji, na matumizi maalum ya viwandani.', 'Bio Green Wax\'s Fully Refined Paraffin Waxes (50-68°C melting points) zina sifa za mafuta ya chini sana (<0.5%), ugumu wa kipekee, na harufu/rangi ya neutral. Zinapatikana katika daraja za mishumaa (52/54°C, 56/58°C), daraja za chupa (50/52°C), na daraja za ubao wa high-melt (64/66°C). Yanafaa kwa mishumaa ya hali ya juu, vipodozi, kingo za kufunga chakula, na molding ya usahihi inayohitaji usafi wa hali ya juu na ufanisi wa hali ya juu.', '2026-02-06 03:55:16', '2026-02-11 17:43:32'),
(27, 'prod-pf56-synthetic-wax', 'Kondoo wa Fischer-Tropsch (FT)', 'Paraffini ya Fischer‑Tropsch (FT) ni waxi wa synthetic wa kiwango cha juu cha usafi unaozalishwa kutoka kwa syngas, ukitoa kiwango cha juu cha kuyeyuka, mchanganyiko mdogo wa viscousity, na ugumu mzuri kwa matumizi yanayohitaji katika plastiki, rangi za kinga, ink, mafuta ya kuchukua maisha, na marekebisho ya bitumen', 'FT wax hutengenezwa kupitia synthesis ya Fischer‑Tropsch, ikitoa wax nyeupe ya maji, safi sana ikiwa na usambazaji wa mlolongo wa kaboni wa pingu, pia ina kiwango cha chini sana cha mafuta, na utulivu bora wa joto. Inachanganya kiwango cha juu cha kupanda kwa joto pamoja na ugumu mdogo wa kuyeyuka na ugumu mkubwa, kinachotoa upinzani wa kiwango cha juu wa kubomoka, udhibiti wa mng\'aro, athari za kupaka matte, na lubrication katika manyanaga tofauti.\n\nKatika utengenezaji wa plastiki na PVC/CPVC, FT wax hutumika kama lubricant bora wa ndani na wa nje na msaada wa usindikaji, kupunguza viscosity ya kuyeyuka, kuboresha mtiririko, na kuongeza uhuru wa mold na utulivu wa vipimo. Inatumika sana katika clingi za hot-melt na za msukumo wa shinikizo, ink za uchapishaji, na rangi za viwandani ili kuongeza ugumu, upinzani wa kuondoa na kubomoka, upinzani wa kuzuia kuchomeka, na kupinga kusababisha, huku ikidumisha viscosity. Matumizi muhimu zaidi ni pamoja na mabadiliko ya bitumen na barabara ya asf alter, masterbatch na mchanganyiko wa polima, usindikaji wa mpira, polish, nguo, na hata vianzio vya mapambo, ambapo FT wax huleta crystallinity iliyodhibitiwa, kuboresha upinzani wa kuvaa na kupoinyana, na hisia laini ya kugusa.', '2026-02-06 04:17:22', '2026-02-11 17:44:29'),
(28, 'prod-pfad', 'PFAD (Palm Fatty Acid Distillate)', 'PFAD ni bidhaa ndogo ya usafishaji wa mafuta ya nazi, inayotumika katika utengenezaji wa sabuni, chakula cha wanyama, na uzalishaji wa biofuel.', 'Palm Fatty Acid Distillate (PFAD) ni bidhaa inayopatikana kama sehemu ya mchakato wa kusafisha mafuta ya m[palme. Inapata kwa kupitia distillation ya mafuta mbichi ya m[palme ili kuondoa mivunjiko na kufikia kiwango cha hali ya juu cha usafi. PFAD ni kioevu cha rangi ya manjano na kahawia chenye harufu maalum. Kina mchanganyiko wa asidi za mafuta zilizosawiana na zisizo sawa, kwa kuwa asidi za mafuta zinazotawala ni lauric acid, myristic acid, na palmitic acid. PFAD inatumika katika utengenezaji wa sabuni, kulisha wanyama, na utengenezaji wa biofuel.', '2026-02-11 17:26:39', '2026-02-11 17:26:39'),
(29, 'prod-pkfad', 'Distilati ya Asidi ya Mafuta ya Mafuta ya Kokosho (PKFAD)', 'PKFAD ni bidhaa inayotokana na kusafisha mafuta ya-kilaini ya nazi, inayotajwa kwa utajiri wa asidi lauric, inayotumika katika viwanda vya sabuni na oleokemikali.', 'Palm Kernel Fatty Acid Distillate (PKFAD) ni kiambato kinachopatikana wakati wa kusafisha mafuta ya karanji. Kina utajiri wa mafuta ya mafuta, ikiwa ni pamoja na lauric acid, na kufanya kuwa na thamani kwa matumizi fulani ya viwanda. PKFAD hutumika katika matumizi mbalimbali ya viwanda, ikiwa ni pamoja na utengenezaji wa sabuni, uzalishaji wa biofuel, na kama malighafi katika sekta ya oleochemicals.', '2026-02-11 17:40:20', '2026-02-11 17:40:20'),
(30, 'prod-polyethylene-wax', 'Wax ya Polyethylene (PE wax)', 'ni polyethylene ya molekuli yenye uzito wa chini inayotumika kama mafuta ya kiwango cha juu na msaada wa uchakataji katika plastiki, mipako, vinywaji, na vinyunyizi, kuboresha mtiririko, kupunguza msuguano wa uso, na kuzuia mikwaruzo.', 'Wax polyethylene ni wax synthetic wa kinyesi kilichogawanyika vizuri, chenye kiwango cha kuyeyuka cha juu, na viskositi kidogo, uimara mkubwa wa halijoto, na ufanisi mkubwa na polima za kawaida kama PVC, PE, PP, na EVA. Inatoa mafuta ndani na nje, inapunguza viskositi ya kuyeyuka na kusugua, huongeza uhuru wa mold, na kutoa uso laini, wenye mng’aro, na wa kuzuia mikunjo.\n​\n\nMaombi muhimu ni pamoja na usindikaji wa plastiki na masterbatch, ambapo PE wax huimarisha ufanisi wa extrusion na molding ya sindano, huzuia kujikusanya kwa die, na huimarisha usambazaji wa vionjo na filler. Pia inatumika katika waya wa kuyeyuka kwa joto na mastiha za mshikaji zinazohisi shinikizo, ink na poda za kubandika ili kudhibiti viskositi ya kuyeyuka, kuimarisha umoja na uimara, na kuboresha nyakati za kufungua na kusimama. Matumizi mengine yanahusisha bitumen na rangi za alama za barabara, mchanganyiko wa mbao na plastiki, mchanganyiko wa tairidi, mchanganyiko wa waya waendidaji, na bidhaa zilizoweko za wax kama vile polishing na crayons, ambapo huongeza kiwango cha kuyeyuka, ugumu, na upinzani wa maji.', '2026-02-06 04:02:03', '2026-02-11 17:42:39'),
(31, 'prod-rapeseed-oil', 'Mafuta ya Mafuta ya Rapeseed', 'Mafuta ya alizeti yaliyoshinikwa baridi na kuandaliwa kutoka kwa mashamba ya Uingereza', 'Mafuta ya alizeti yaliyowekwa kwa baridi na kuponywa kutoka kwa shamba za UK. Inafaa kwa kupika, kukaanga, na kuandaa saladi. Ina mafuta finyu yaliyozidi wanga na omega-3 kwa wingi.', '2026-02-05 21:55:00', '2026-02-11 17:34:20'),
(32, 'prod-rapeseed-wax', 'Paraffini ya Mafuta ya Rapeseed', 'Karatasi ya mafuta ya rapeseed ni mafuta ya mimea ya asili inayotumika kama mbadala wa kiridhikali katika utengenezaji wa mishumaa na vipodozi.', 'SihA ya alizeti ni wax asili wa mboga unaotokana na mafuta ya mmea wa alizeti, mara nyingi hutumika kama mbadala wa kirika wa mazingira kwa ajili ya kutengeneza mishumaa na matumizi mengine. Inatoa muwasho safi na wa polepole, pamoja na uwezo mzuri wa kubeba harufu. SihA ya alizeti mara nyingi hutumika katika utengenezaji wa mishumaa na katika uundaji wa vipodozi vya asili kama vile lip balm, lotion, na krimu, vinavyotoa mali ya kuimarisha unyevu.', '2026-02-11 17:24:28', '2026-02-11 17:24:28'),
(33, 'prod-soap-noodles', 'Noodle za Sabuni', 'Noodle za sabuni ni malighali msingi kwa ajili ya kutengeneza sabuni, zinazozalishwa kwa saponification ya mafuta na mafuta ya mimea.', 'Noodles za sabuni, zinazojulikana pia kama granules za sabuni, ni mojawapo ya nyenzo za msingi zinazotumiwa katika utengenezaji wa sabuni. Huzalishwa kwa kusindika mafuta ya mboga na mafuta kwa kutumia kiasa ya sodium hydroxide (lye) kupitia mchakato wa saponification. Noodles za sabuni kwa kawaida ni vipande au mavuno meupe au meusi ya rangi ya nyepesi au ya rangi ya kawaida wenye harufu nyepesi na ya wastani. Haziwezi kuwa na uchafu wowote na zina kiwango kikubwa cha asidi za mafuta zinazochangia kazi zao za kusafisha na kueneza.', '2026-02-11 17:41:06', '2026-02-11 17:41:06'),
(34, 'prod-soy-wax', 'Mafuta ya Shaba', 'Soy wax ni waxi wa mboga unaoweza kurejeshwa upya kutoka katika mafuta ya soya, maarufu kwa utengenezaji wa mishumaa rafiki wa mazingira.', 'Soy wax ni aina ya mafuta ya mboga inayotokana na mafuta ya soya. Ni chaguo maarufu kwa ajili ya mbadala wa paraffin wax ya jadi, ambayo inatokana na mafuta ya petroli. Soy wax inachukuliwa kuwa chaguo lisiloweza kuisha, linaloibika kwa urahisi na rafiki kwa mazingira kwa ajili ya kutengeneza mishumaa. Inatengenezwa kwa kuhydrogenate mafuta ya soya, kuibadilisha kuwa umbo thabiti linalofaa kwa mishumaa. Mara nyingi inakuja kwa umbo la flakes, ambalo ni rahisi kupimia na kuyeyusha.', '2026-02-11 17:17:43', '2026-02-11 17:17:43'),
(35, 'prod-soybean-oil', 'Mafuta ya kunde la soya', 'Mafuta bora ya soya bean kwa matumizi ya viwandani na jikoni', 'Mafuta ya soya ni mafuta ya mboga ya matumizi mbalimbali yanayopatikana kutoka kwa maharagwe ya soya, yanayotumika sana kwa kukaanga, kuoka, na mapishi ya saladi kutokana na ladha yake isiyo na rangi na kiwango chake cha juu cha wakati wa kukaanga. \nNi tajiri kwa mafuta yenye miondoko mingi, ikiwa ni pamoja na asidi ya mafuta omega‑3 na omega‑6, na hutoa vitamin K na vitamin E. \nNi kamilifu kwa kukaanga kwa kina, uzalishaji wa margarine, na matumizi ya viwanda vya vyakula. Imekuwa ikiwa imesafishwa na kupuliziwa ili kufikia viwango vya juu vya ubora.', '2026-02-05 21:50:40', '2026-02-11 17:29:19'),
(36, 'prod-sunflower-oil', 'Sii mafuta ya alizeti', 'Mafuta ya alizeti yaliyotengenezwa kwa ubora wa juu kwa kupikia na usindikaji wa chakula', 'Mafuta yetu ya alizeti ya kupendelewa mafuta ya juu ni kamilifu kwa Kupikia, kukaanga, na matumizi ya usindikaji wa vyakula. Yametoka kwa mbegu za alizeti za ubora wa hali ya juu na yamechapwa kwa viwango vya juu kabisa.', '2026-02-05 21:43:33', '2026-02-11 17:22:25');

--
-- Dumping data for table `products_th`
--

INSERT INTO `products_th` (`id`, `master_id`, `name`, `description`, `full_description`, `created_at`, `updated_at`) VALUES
(1, 'bdf424df-f9b0-4a79-84d6-f6ed1eb1e84f', 'ปาล์มออยล์นีล', 'Palm olein คือ เศษเหลวของน้ำมันปาล์มที่ผ่านการกลั่น ซึ่งได้รับความนิยมในฐานะน้ำมันทอดและปรุงอาหารที่เสถียร ให้รสชาติเป็นกลาง มีอายุการทอดยาวนาน และให้เนื้อสัมผัสกรุบกรอบสำหรับของกินเล่น อาหารจานด่วน และการใช้งานในครัวเรือน', 'Palm olein ผลิตโดยการแยกชั้นน้ำมันปาล์มที่ผ่านการกลั่น ขาว และดีโอโดเรไลซ์ (RBD) เพื่อให้ได้ของเหลวใสที่อุดมไปด้วยกรดโอเลิกและกรดปาล์มิติ ซึ่งให้สมดุลของกรดไขมันพร้อมความเสถียรทางออกซิเดชันตามธรรมชาติ คุณสมบัติที่จุดควันสูง ทนต่อการออกซิเดชันและการเกิดพอลิเมอร์ รวมถึงแนวโน้มต่ำในการเกิดรสชาติไม่พึงประสงค์ ช่วยให้สามารถทอดซ้ำได้หลายรอบ พร้อมลดการสลายตัวของน้ำมัน ฟองน้อยลง และยืดอายุการเก็บรักษาของผลิตภัณฑ์สำเร็จรูป\n\nในการใช้งานด้านอาหาร Palm olein ถูกใช้กันอย่างแพร่หลายเป็นน้ำมันสำหรับการทอดลึก เช่น อาหารว่าง มันฝรั่งทอด ไก่ทอด บะหมี่กึ่งสำเร็จรูป และอาหารแช่แข็งทอดล่วงหน้า รวมถึงเป็นน้ำมันประกอบชั้นในครัวเรือนทั่วไปในตลาดเขตร้อนจำนวนมาก นอกจากนี้ ยังใช้เป็นน้ำมันฐานในส่วนผสมกับน้ำมันถั่วเหลือง น้ำมันดอกทานตะวัน หรือ น้ำมันพืชอื่น ๆ เพื่อให้ได้โปรไฟล์ด้านโภชนาการและฟังก์ชันเฉพาะบุคคล และยังใช้ในมาร์การีน ไขมันเบเกอรี่ และระบบทอดในงานบริการอาหาร ซึ่งความเสถียรและรสชาติที่สะอาดถือเป็นสิ่งสำคัญ', '2026-02-11 17:15:38', '2026-02-11 17:15:38'),
(2, 'prod-beeswax', 'ขี้ผึ้ง', 'น้ำผึ้งธรรมชาติบริสุทธิ์สำหรับเครื่องสำอางและการทำเทียน', 'เทียนผึ้งธรรมชาติบริสุทธิ์จากผู้เลี้ยงผึ้งที่มีจริยธรรม เหมาะสำหรับเครื่องสำอาง การทำเทียน และการใช้งานด้านอาหาร มีให้เลือกหลายเกรด', '2026-02-11 17:30:03', '2026-02-11 17:30:03'),
(3, 'prod-bw101-palm-wax', 'เทียนพิมพ์', 'เทียนพิมพ์ Premium 100% จากขี้ผึ้งปาล์ม มีสีเหลืองครีม เหมาะสำหรับการทำเทียน รับรองมาตรฐาน RSPO SG (Segregated) / MB (Mass balance)', 'ขี้ผึ้งปาล์มพรีเมียม 100% มีสีเหลืองครีมที่สวยงาม ได้รับการรับรอง RSPO MB เพื่อความยั่งยืน เหมาะสำหรับการทำเทียน การหล่อ และเทียนในภาชนะ', '2026-02-11 17:45:42', '2026-02-11 17:45:42'),
(4, 'prod-bw105-palm-wax', 'น้ำมันปาล์มเคลือบ (จุดหลอมเหลวต่ำ)', 'Palm Shortening คือไขมันชนิดกึ่งแข็งที่ไม่ผ่านการไฮโดรจี้น ซึ่งได้จากน้ำมันปาล์มที่ผ่านการแยกชั้น ให้ความเสถียรภาพที่โดดเด่นและรสชาติที่เป็นกลาง', 'Palm Shortening คือไขมันกึ่งของแข็งที่ไม่ผ่านการไฮโดรจ์เนทีด มาจากน้ำมันปาล์มที่ผ่านการแยกส่วน ให้ความเสถียรภาพที่เหนือกว่าและรสชาติที่เป็นกลาง\nเหมาะสำหรับการทำเบเกอรี่—สร้างขนมปังแป้งกรอบ เค้กที่นุ่มและอาหารทอดกรอบที่มีจุดเกิดควันสูง\nเป็นทางเลือกที่คุ้มค่าและทนต่อการออกซิเดชันเมื่อเทียบกับเนยหรือตับในงานอบแบบอุตสาหกรรม', '2026-02-11 17:31:28', '2026-02-11 17:31:28'),
(5, 'prod-bw10510-blended-wax', 'เทียนผสมพาล์ม-พาราฟินสำหรับเทียนใส่ขวด', 'ส่วนผสมเทียนในแก้วพร้อมใช้ Low MP: Palm-Paraffin-Microcrystalline พร้อม Polyboost™, Vybar®, ตัวกันยูวี—เพียงเติมสีและน้ำหอมเพื่อการยึดเกาะกับแก้วที่ยอดเยี่ยมและการปล่อยแสงสูงสุด', 'Biogreen Wax\'s Low Melting Point Jar Candle Blend (48-50°C) และ (50-52°C)—สูตร Palm-Paraffin-Microcrystalline ที่ได้รับการปรับแต่งให้เหมาะสมสำหรับภาชนะแก้ว พร้อมใช้งาน: เพียงเติมสีและกลิ่นหอมเท่านั้น คุณสมบัติของ Polyboost/Vybar เพื่อความทึบแสงและการเกาะติด, ตัวตรึงแสง UV/stabilizer/สารต้านอนุมูลอิสระ เพื่อความคงทนในระยะยาว รวมถึงสารคงกลิ่นหอมที่มอบพลังการปล่อยแสงร้อน/เย็นที่ยอดเยี่ยม การเผาไหม้โดยไม่มีรอยร้าว และการเก็บรักษาในภาชนะที่ยอดเยี่ยมสำหรับเทียนในภาชนะคุณภาพสูง', '2026-02-11 17:37:35', '2026-02-11 17:37:35'),
(6, 'prod-bw10555-blended-wax', 'ส่วนผสมเทียนวีแกนที่ทำจากถั่วเหลือง', 'เบลนด์เวแกน 95% ซอยพร้อมใช้จาก Bio Green Wax — สารสกัดจากพืชบริสุทธิ์ สำหรับเทียน Jar (48-52°C) และเทียน Pillar (56-62°C) เพียงเพิ่มสีและกลิ่นเท่านั้น', 'Bio Green Wax\'s 95% Soy Wax Vegan Blend (5% อาหารเสริมจากพืช) ให้การเผาที่สะอาดและเป็นธรรมชาติสำหรับภาชนะแก้วและเสาหลักอิสระ มีให้เลือกในจุดหลอมเหลวต่ำ (48-52°C) สำหรับภาชนะ และจุดหลอมเหลวสูง (56-62°C) สำหรับเสาหลัก พร้อมใช้งาน: เพียงแค่เติมสีและกลิ่นเพื่อความกระจัดกระจายที่ยอดเยี่ยมและผิวเรียบเนียน', '2026-02-11 17:32:16', '2026-02-11 17:32:16'),
(7, 'prod-bw10610-blended-wax', 'เทียนผสมพาล์ม-พาราฟินสำหรับเทียนเสา', 'เทียนเสาทรงพลังพร้อมใช้งานแบบ High MP Blends (56-58°C & 58-60°C): ปาล์ม-พาราฟิน-ไมโครคริสตัลไลน์ ผสม Polyboost™, Vybar®, ตัวทำให้คงทนต่อรังสี UV—เพียงแค่เติมสีและกลิ่น เพื่อประสิทธิภาพสูงสุดของเทียนเสา', 'Bio Green wax\'s High Melting Point Pillar Candle Blends (56-58°C & 58-60°C)—สูตรพาราฟินปาล์มไมโครคริสตัลสำหรับเทียนแท่งตั้งเองที่ออกแบบมาเป็นพิเศษสำหรับเทียนแท่งตั้งเอง พร้อมใช้งาน: เพียงเติมสีและน้ำหอม ปรับปรุงด้วย Polyboost/Vybar เพื่อการปล่อยตัวจากแม่พิมพ์และความทึบแสง, สาร stabilizer/สารต้านอนุมูลอิสระ UV เพื่อยืดอายุการเก็บรักษา, รวมถึงสารคงความหอมที่ให้การปล่อยกลิ่นร้อน/เย็นยอดเยี่ยม รูปทรงเทียนแท่งที่คงรูปทรงดีและการเผาไหม้ที่สะอาด', '2026-02-11 17:38:22', '2026-02-11 17:38:22'),
(8, 'prod-bw10655-blended-wax', 'ส่วนผสมของ Soy-Beeswax-Paraffin Wax', 'ส่วนผสมสำเร็จรูปจาก Bio Green Wax ประกอบด้วยถั่วเหลือง, ขี้ผึ้งผสมเทียนผง Paraffin—ให้กลิ่นหอมที่สุดสำหรับเทียน jar (48-52°C) และเทียน pillar (56-62°C) แค่เติมกลิ่นและสี', 'Bio Green Wax\'s Soy-Beeswax-Paraffin Blend ผสมผสานความเรียบเนียนตามธรรมชาติของถั่วเหลือง ความมั่นคงของขี้ผึ้งผึ้ง และพลังกลิ่นของพาราฟิน เพื่อประสิทธิภาพกลิ่นหอมหาที่ไม่เป็นรองใคร จุดหลอมเหลวต่ำ (48-52°C) เหมาะสำหรับภาชนะแก้ว; จุดหลอมเหลวสูง (56-62°C) เหมาะสำหรับเทียนแท่ง สูตรพร้อมใช้งาน—แค่เติมกลิ่นและสี เพื่อการปล่อยกลิ่นที่ยอดเยี่ยมทั้งร้อนและเย็น และการเสร็จสิ้นของเทียนที่ไม่มีตำหนิ', '2026-02-11 17:33:06', '2026-02-11 17:33:06'),
(9, 'prod-bw8307-blended-wax', 'การผสมเทียนจากน้ำมันมะพร้าวและน้ำมันเรพซีด', 'บลนด์มะพร้าว-คาโนลาจาก Bio Green Wax พร้อมใช้งาน—เนื้อครีมธรรมชาติเกรดสูงสำหรับเทียน Jar (48-52°C) & Pillar (56-62°C) เติมสีและกลิ่นเท่านั้น', 'Bio Green Wax\'s Coconut-Rapeseed Blend ผสมผสานเนื้อสัมผัสครีมมี่ของเทียนกะทิและการเผาไหม้เรียบง่ายของเทียนราพีส์เพื่อประสิทธิภาพของเทียนธรรมชาติที่ยอดเยี่ยม จุดหลอมเหลวต่ำ (48-52°C) เหมาะสำหรับเทียนบรรจุภัณฑ์; จุดหลอมเหลวสูง (56-62°C) สำหรับเทียนเสาสามารถนำออกไปใช้ได้เต็มที่—เพียงเพิ่มสีสันและกลิ่นหอมตามที่คุณเลือกเพื่อผลลัพธ์การเผาที่เป็นมืออาชีพและสะอาด', '2026-02-11 17:33:55', '2026-02-11 17:33:55'),
(10, 'prod-carnauba-wax', 'ขี้ผึ้งคาร์นูบา', 'ขี้ผึ้งคาร์นัวบาบารายางรถยนต์พรีเมียมจากบราซิลสำหรับเคลือบเงาและเคลือบผิว', 'ขี้ผึ้งคาร์นัวาบราซิลพรีเมียม ซึ่งรู้จักกันในชื่อ \"ราชินีแห่งขี้ผึ้ง\" เหมาะสำหรับการขัดรถ เครื่องสำอาง และเคลือบอาหาร จุดหลอมละลายตามธรรมชาติสูงที่สุด', '2026-02-11 17:30:41', '2026-02-11 17:30:41'),
(11, 'prod-castor-oil', 'น้ำมันโจโจบา', 'น้ำมันละหุ่งสกัดเย็นพรีเมียมที่ได้จากเมล็ด Ricinus communis ซึ่งใช้กันอย่างแพร่หลายในอุตสาหกรรมยา เครื่องสำอาง และการใช้งานในอุตสาหกรรม', 'Bio Green Wax จัดหา น้ำมันละหุ่งคุณภาพสูง ซึ่งเป็นน้ำมันพืชที่มีความหลากหลาย ได้จากการสกัดเมล็ดของต้นต้นละหุ่ง (Ricinus communis) ซึ่งเป็นที่รู้จักกันดีในด้านองค์ประกอบทางเคมีเฉพาะตัวที่อุดมไปด้วยกรดริซินโอลีอิค (ประมาณ 85–90%) น้ำมันละหุ่งมีความหนืด เงียบและให้ความชุ่มชื้นที่โดดเด่น ซึ่งทำให้มันเป็นวัตถุดิบที่มีคุณค่าในอุตสาหกรรมหลากหลายสาย\n\nน้ำมันละหุ่งของเราได้รับการคัดสรรและผ่านกระบวนการอย่างพิถีพิถัน เพื่อให้ได้มาตรฐานความบริสุทธิ์และความคงที่ในระดับสูง ทั้งในรุ่น Cold-Pressed (Virgin) และรุ่นฟอกขาว เหมาะสำหรับการใช้งานในด้านยา อาหาร เครื่องสำอาง และอุตสาหกรรม น้ำมันนี้มีความเสถียรและสามารถละลายในแอลกอฮอล์ได้ดี ซึ่งเป็นลักษณะที่แตกต่างจากน้ำมันพืชอื่น ๆ ทำให้เป็นส่วนประกอบที่นิยมใช้ในสูตรที่ต้องการประสิทธิภาพที่ยอดเยี่ยม\n\nน้ำมันละหุ่งเป็นสารที่สามารถย่อยสลายตามธรรมชาติได้เอง และมาจากทรัพยากรที่สามารถนำกลับมาใช้ใหม่ได้ ซึ่งสอดคล้องกับความมุ่งมั่นของ Bio Green Wax ในการคัดสรรวัตถุดิบที่ยั่งยืนและเป็นมิตรกับสิ่งแวดล้อม', '2026-02-11 17:16:34', '2026-02-11 17:16:34'),
(12, 'prod-coconut-oil', 'น้ำมันมะพร้าว', 'น้ำมันมะพร้าวบริสุทธิ์และผ่านการกลั่นสำหรับการใช้งานทางอาหารและเครื่องสำอาง', 'น้ำมันมะพร้าวบริสุทธิ์และผ่านการกลั่นคุณภาพสูง เหมาะสำหรับการทำอาหาร การอบ และการใช้งานในเครื่องสำอาง มีให้เลือกหลายเกรดเพื่อความตรงกับความต้องการของคุณ', '2026-02-09 02:59:24', '2026-02-11 17:17:13'),
(13, 'prod-coconut-wax', 'เทียนไขจากมะพร้าว', 'เทียนไขมะพร้าวเป็นเทียนไขธรรมชาติที่ได้จากน้ำมันมะพร้าว ซึ่งเป็นที่นิยมสำหรับการเผาไหม้ที่สะอาดและใช้งานที่เป็นมิตรกับสิ่งแวดล้อม', 'เทียนไขจากมะพร้าวคือเทียนไขธรรมชาติที่ได้จากน้ำมันมะพร้าว ซึ่งเป็นที่รู้จักกันในเรื่องการเผาไหม้อย่างสะอาดและช้าระหว่างการทำเทียน เทียนไขจากมะพร้าวมักถูกพิจารณาว่าเป็นทางเลือกที่ยั่งยืนสำหรับเทียนไขชนิดอื่นๆ เทียนไขจากมะพร้าวได้รับความนิยมในด้านคุณสมบัติเป็นมิตรต่อสิ่งแวดล้อมและความสามารถในการเก็บกลิ่นได้ดี เป็นทรัพยากรธรรมชาติและสามารถต่ออายุได้ ซึ่งให้การเผาไหม้อย่างสะอาดและช้ากว่าเดิม ทำให้เทียนมีอายุการใช้งานนานขึ้นและมีประสิทธิภาพมากขึ้น', '2026-02-11 17:26:06', '2026-02-11 17:26:06'),
(14, 'prod-fr5456-paraffin-wax', 'วาสลีนซึมเข้าเงานำเข้าหนักเบา (50-68°C)', 'Bio Green Wax Paraffin กึ่งบริสุทธิ์ (50-68°C)—ต้นทุนคุ้มค่า มีปริมาณน้ำมัน 1-5% สำหรับเทียนพิมพ์ ยาง สิ่งทอ และการใช้งานในอุตสาหกรรมที่มีปริมาณมาก', 'เทียนพาราฟิน Semi Refined จาก Bio Green Wax (50-68°C) ให้ประสิทธิภาพที่คุ้มค่า พร้อมควบคุมปริมาณน้ำมัน (1-5%) สำหรับความแข็งที่ยืดหยุ่น ได้มาตรฐานเกรด: 52/54°C (เทียน), 56/58°C (เสาเทียน), 60/62°C (อุตสาหกรรม) เหมาะสำหรับการผลิตเทียนที่ต้องการความคุ้มค่า การช่วยในการประมวลผลยาง การปรับแต่งสิ่งทอ และเคลือบบรรจุภัณฑ์จำนวนมาก ที่ซึ่งสมดุลระหว่างประสิทธิภาพและราคาเป็นสิ่งสำคัญที่สุด', '2026-02-11 17:23:59', '2026-02-11 17:23:59'),
(15, 'prod-glycerine', 'กลีเซอรีน', 'กลีเซอรีนเป็นของเหลวใส ไม่มีสี ไม่มีกลิ่น มีความข้นหนืด ซึ่งใช้กันอย่างแพร่หลายในอุตสาหกรรมยา เครื่องสำอาง และอาหาร', 'กลีเซอรีน หรือที่รู้จักกันในชื่อกลีเซอริล หรือกลีเซอรีน เป็นของเหลวใส ไม่มีสี ไม่มีกลิ่น และมีลักษณะข้นเหนียว รสหวาน เป็นของเหลวใสคล้ายไซรัป ซึ่งโดยทั่วไปจะไม่มีสี แต่บางครั้งอาจมีประกายเหลืองเล็กน้อย กลีเซอรีนมีความหนืดสูง ซึ่งหมายความว่ามันไหลช้าและมีความหนา ค่วามเหนียวคล้ายไซรัป ซึ่งช่วยให้มันสามารถกักเก็บความชุ่มชื้นได้อย่างดี กลีเซอรีนใช้กันอย่างแพร่หลายในวงการเภสัชกรรม เครื่องสำอาง การแปรรูปอาหาร และการใช้งานในอุตสาหกรรมต่าง ๆ', '2026-02-11 17:20:00', '2026-02-11 17:20:00'),
(16, 'prod-hydrogenated-castor-oil', 'น้ำมันละหุ่งไฮโดรจิเนต', 'น้ำมันปิโตรเคมีจากถั่วเหลืองเป็นสารสกัดแข็งที่เป็นวากซ์จากน้ำมันถั่วเหลือง ซึ่งใช้ในเครื่องสำอาง ยา และอุตสาหกรรม', 'น้ำมันละหุ่งไฮโดรเจน (Hydrogenated castor oil) ซึ่งรู้จักกันในชื่อ ขี้ผึ้งละหุ่ง หรือเกล็ดขี้ผึ้งละหุ่ง เป็นผลผลิตจากน้ำมันละหุ่งที่ผ่านกระบวนการไฮโดรเจน ซึ่งเป็นการเติมไฮโดรเจนเข้าไปในโมเลกุลของน้ำมันละหุ่ง ทำให้กลายเป็นวัตถุแข็ง เนื้อขี้ผึ้ง ใช้ในผลิตภัณฑ์เครื่องสำอางและดูแลผิวพรรณ เช่น ลิปสติก ครีม และโลชั่น เป็นสารให้ความชุ่มชื้นและความเนียนนุ่มแก่ผิว นอกจากนี้ยังทำหน้าที่เป็นสารเชื่อมในสูตรเครื่องสำอาง ช่วยให้ส่วนผสมติดกันและเกาะติดผิวได้ดีขึ้น', '2026-02-11 17:25:23', '2026-02-11 17:25:23'),
(17, 'prod-microcrystalline-wax', 'เทียนขี้ผึ้งไมโครคริสตัล', 'ขี้ผึ้งไมโครคริสตัลเหลวสำหรับเครื่องสำอางและกาว', 'เทียนไมโครครystallineแบบยืดหยุ่น เหมาะสำหรับเครื่องสำอาง กาวร้อนละลาย และเคลือบเฉพาะทาง คุณสมบัติความยืดหยุ่นและความสามารถในการเกาะติดที่ยอดเยี่ยม', '2026-02-11 17:23:14', '2026-02-11 17:23:14'),
(18, 'prod-olive-oil', 'น้ำมันมะกอก', 'น้ำมันมะกอกบริสุทธิ์คุณภาพพรีเมียม กดเย็นจากมะกอกเมดิเตอร์เรเนียนคัดสรรสำหรับงานทำอาหาร เครื่องสำอาง และอุตสาหกรรม', 'น้ำมันมะกอกบริสุทธิ์พรีเมียมของเราผ่านการสกัดเย็นจากมะกอกเมดิเตอร์เรเนียนที่คัดสรรอย่างพิถีพิถัน มอบคุณภาพที่ยอดเยี่ยมและรสชาติที่เข้มข้น ใช้กันอย่างแพร่หลายในงานปรุงอาหาร เครื่องสำอาง ยา และผลิตภัณฑ์ดูแลส่วนบุคคล น้ำมันมะกอกได้รับความนิยมเพราะประโยชน์ต่อสุขภาพ คุณสมบัติต้านอนุมูลอิสระ และการใช้งานที่หลากหลาย Bio Green Wax คัดสรรน้ำมันมะกอกที่ได้มาตรฐานคุณภาพระดับสากลอย่างเข้มงวด เพื่อความบริสุทธิ์และประสิทธิภาพที่คงเส้นคงวาทุกการใช้งาน', '2026-02-11 17:42:02', '2026-02-11 17:42:02'),
(19, 'prod-palm-kernel-oil', 'น้ำมันปาล์มเคอร์นัล', 'น้ำมันเมล็ดปาล์มสกัดจากเมล็ดของผลปาล์มน้ำมัน ใช้ในผลิตภัณฑ์อาหาร เครื่องสำอาง และอุตสาหกรรมต่าง ๆ', 'น้ำมันกะลามะพร้าวสกัดจากแกนของผลปาล์มน้ำมันและมีลักษณะทางกายภาพที่แตกต่างชัดเจน โดยทั่วไปจะเป็นของแข็งสีเหลืองอ่อนถึงขาวที่อุณหภูมิห้อง แต่เมื่อถูกให้ความร้อนจะละลายกลายเป็นของเหลวใสสีเหลือง เมื่อจุดหลอมละลายอยู่ในช่วง 23 ถึง 28 องศาเซลเซียส (73 ถึง 82 องศาฟาเรนไฮต์) น้ำมันกะลามะพร้าวเป็นแหล่งของกรดลอริกและถูกนำไปใช้ในอุตสาหกรรมอาหาร เครื่องสำอาง และการผลิตสบู่เป็นอย่างแพร่หลาย', '2026-02-11 17:21:53', '2026-02-11 17:21:53'),
(20, 'prod-palm-kernel-olein', 'น้ำมันปาล์มเคอร์นอลีน', 'โอเลอินฟื้นฟูจากเมล็ดปาล์มเกรดพรีเมียม เป็นส่วนของเหลวที่ได้จากการแยกส่วนของน้ำมันเมล็ดปาล์ม ซึ่งขึ้นชื่อในเรื่องความใสที่ยอดเยี่ยม จุดเม็ดเมฆต่ำ และความสามารถในการใช้งานที่หลากหลายในอุตสาหกรรมอาหาร ผลิตภัณฑ์ดูแลส่วนบุคคล และอุตสาหกรรมโอเลโอเคมี', 'Bio Green Wax จัดจำหน่ายน้ำมันปาล์มเคอร์เนลออยล์ (PKOo) คุณภาพสูง ซึ่งเป็นส่วนของเหลวที่ผลิตจากการแยกส่วนควบคุมของน้ำมันปาล์มดิบ เมื่อทำน้ำมันปาล์มเคอร์เนลเย็นภายใต้เงื่อนไขที่แม่นยำ มันจะแยกออกเป็นส่วนแข็ง (palm kernel stearin) และส่วนของเหลว (palm kernel olein) น้ำมันออยย์นี้มีลักษณะใส สีอ่อน มีจุดหลอมเหลวต่ำและสามารถเทเทง่ายอย่างยอดเยี่ยม\n\nน้ำมันปาล์มเคอร์เนลออยล์อุดมไปด้วยกรดลอริก (C12) และกรดไขมันสายกลางคาแคร์ริก/คาเพริก ซึ่งช่วยให้มีความใสเป็นประกาย การดูดซึมได้รวดเร็ว และให้ความรู้สึกเบา ไม่มันเยิ้ม ลักษณะเหล่านี้ทำให้เป็นที่นิยมอย่างมากในอุตสาหกรรมอาหาร เช่น น้ำมันประกอบอาหาร น้ำมันทอด และส่วนผสมในครีมเทียม ไม่มีนมหรือไอศกรีม และในสูตรนมเติมเต็ม\n\nในกลุ่มสินค้าเพื่อดูแลส่วนบุคคลและเครื่องสำอาง น้ำมันปาล์มเคอร์เนลออยล์ใช้กันอย่างแพร่หลายเป็นฐานน้ำมันในโลชั่น ครีม แชมพู และสบู่เหลว เพราะคุณสมบัติที่เป็นมอยเจอร์ไรเซอร์ดีเยี่ยมและเข้ากันได้ดีบนผิว นอกจากนี้ ยังเป็นวัตถุดิบหลักในกระบวนการผลิต oleochemical ให้กรดไขมัน เอสเทอร์มีทิล และสารทำความสะอาดซึ่งใช้ในผลิตภัณฑ์ทำความสะอาดและผลิตภัณฑ์ทำความสะอาดต่าง ๆ\n\nBio Green Wax จัดหาน้ำมันปาล์มเคอร์เนลออยล์จากซัพพลายเชนที่ได้รับการรับรอง RSPO ซึ่งรับประกันความสามารถในการติดตามและสอดคล้องกับความมุ่งมั่นด้านปาล์มออย์ที่ยั่งยืน ผลิตภัณฑ์มีให้ในรูปแบบที่ผ่านการกลั่น ขาวใส และผ่านการดีโอโดไรซ์ (RBD) ซึ่งเป็นไปตามมาตรฐานคุณภาพระดับนานาชาติอย่างเข้มงวด', '2026-02-11 17:46:41', '2026-02-11 17:46:41'),
(21, 'prod-palm-kernel-stearin', 'น้ำมันรำข้าวสกัดจากเมล็ดปาล์ม', 'สเตอรีนจากเมล็ดปาล์มคุณภาพสูง เป็นเฟรคชันแข็งที่ได้จากการแยกสกัดน้ำมันเมล็ดปาล์ม ซึ่งเป็นที่นิยมในด้านโปรไฟล์การละลายที่รวดเร็วและความแข็งแรงที่ยอดเยี่ยมในการผลิตขนมหวาน เครื่องสำอาง และอุตสาหกรรมโอเลโอเคมิคัล', 'Bio Green Wax จัดหาสุกราชะมันสำปะหลังพรีเมียม (PKS) ซึ่งเป็นส่วนแข็งของไขมันที่มีจุดหลอมเหลวสูง ซึ่งผลิตขึ้นโดยการแยกส่วนอย่างมีการควบคุมในกระบวนการ fractionation ของน้ำมันปาล์มขัดสี ให้อยู่ในรูปแบบของไขมันแข็ง ซึ่่งเกิดจากการแยกน้ำมันปาล์มออกเป็นสองส่วน คือไขมันที่เป็นของเหลว (palm kernel olein) และไขมันแข็ง (palm kernel stearin) ซึ่งไขมันแข็งที่ได้มีสีขาวถึงเกือบขาว มีลักษณะจุดหลอมเหลวที่คมชัดและเนื้อสัมผัสแน่นหนา\n\nPalm kernel stearin อุดมไปด้วยกรดลุริก (C12) และกรดมายริสติก (C14) ทำให้มีความแข็งแรงยอดเยี่ยม การเกิดผลึกอย่างรวดเร็ว และคุณสมบัติการละลายที่สะอาด คุณสมบัติเหล่านี้ทำให้มันเป็นวัตถุดิบที่เหมาะสมสำหรับการใช้แทนโกโก้บัตเตอร์ (CBS), ช็อกโกแลตคอมพาวนด์หุ้ม, ไส้ขนมหวาน, และไขมันพิเศษที่ต้องการความแข็งและความเงางามในการตกแต่ง\n\nนอกเหนือจากการใช้งานในอาหารแล้ว Palm kernel stearin ยังเป็น feeds ในอุตสาหกรรม Oleochemical สำหรับการผลิตกรดไขมัน, แอลกอฮอล์ไขมัน, เส้นใยสบู่ และสารลดแรงตึงผิว ในผลิตภัณฑ์ดูแลส่วนบุคคลและเครื่องสำอาง มันช่วยเสริมเนื้อสัมผัสและโครงสร้างให้กับครีม โลชั่น และสูตรแข็งต่าง ๆ\n\nBio Green Wax จัดหาพลอยจากสายโซ่อุปทานที่ได้รับการรับรองจาก RSPO ซึ่งเป็นการรับประกันความสามารถในการติดตามและความสอดคล้องกับความมุ่งมั่นด้านปิโตรเลียมเขียวอย่างยั่งยืน ผลิตภัณฑ์มีให้เลือกในรูปแบบรีไฟน์, ขาวและกลิ่นหอม (RBD) ซึ่งเป็นไปตามมาตรฐานคุณภาพระดับสากลสำหรับใช้ในอาหารและอุตสาหกรรมเทคนิค', '2026-02-11 17:21:03', '2026-02-11 17:21:03'),
(22, 'prod-palm-oil', 'น้ำมันปาล์ม', 'น้ำมันปาล์มและสารสกัดจากปาล์มที่ได้จากการจัดหาอย่างยั่งยืน', 'น้ำมันปาล์มและผลิตภัณฑ์จากปาล์มที่ได้มาทางความยั่งยืนสำหรับการผลิตอาหาร การทำสบู่และผงซักฟอก มีตัวเลือกที่ได้รับการรับรองจาก RSPO พร้อมให้บริการ', '2026-02-09 03:17:24', '2026-02-11 17:28:49'),
(23, 'prod-palm-shortenings', 'ไขมันพัล์มชนิดเนยเทียน (มีจุดหลอมเหลวสูง)', 'น้ำมันปาล์มสำหรับทอดและเบเกอรี่ความละลายสูง (46–52 °C) เป็นไขมันพิเศษสำหรับเบเกอรี่และการทอดทำมาจากน้ำมันปาล์มแยกชั้น ซึ่งออกแบบมาเพื่อให้โครงสร้างแข็งแรง รสชาติบริสุทธิ์ และความทนทานต่อความร้อนที่ยอดเยี่ยมในงานอุตสาหกรรมที่ต้องการความทนทานสูง', 'ฟิล์มพรีสเนียนจากปาล์มที่มีจุดหลอมละลายสูงในช่วง 46–52 °C ถูกสร้างจากปาล์มสไตร์นและเฟร็กชันกลาง เพื่อให้ความเข้มข้นของไขมันแข็งสูง เนื้อสัมผัสที่แน่นหนา และเครือข่ายผลึกที่เสถียรในอุณหภูมิปกติและอุณหภูมิสูง ช่วงการหลอมละลายที่สูงขึ้นนี้ให้ความต้านทานความร้อนที่เหนือกว่า เสถียรภาพในการออกซิเดชัน และลดการออยเอ้าท์ ทำให้เหมาะสมอย่างยิ่งสำหรับสภาพภูมิอากาศแบบเขตร้อนและสายการผลิตที่มีอุณหภูมิสูง\n\nในงานเบเกอรี่ ฟิล์มพรีสเนียนเหล่านี้ให้ความฟู คงรูป และความกรอบที่ดี สนับสนุนการทำเปลือกพายแบบกรอบ การพองตัวของแป้งพัฟ คุกกี้และบิสกิต รวมถึงครีมแคร็กเกอร์ โดยยังคงรูปร่างและความกรอบแม้ในอุณหภูมิอบอุ่น นอกจากนี้ยังใช้เป็นไขมันทอดและแป้งสำหรับทำแป้งโดว์ที่แข็งแรง รวมถึงเป็นทดแทนไขมันจากสัตว์ในผลิตภัณฑ์เนื้อสัตว์ ซึ่งโครงสร้างที่แน่นหนา เสถียรภาพของอิมัลชัน และโปรไฟล์ที่เป็นศูนย์-trans, ไม่ใช้น้ำมันไฮโดรเจน ช่วยให้ได้เนื้อสัมผัสที่คงที่ การปลดปล่อยกลิ่นรสที่สะอาด และสูตรที่เป็นมิตรกับฉลาก', '2026-02-11 17:28:09', '2026-02-11 17:28:09'),
(24, 'prod-palm-stearic-acid', 'กรดสเตียร์ริกปาล์ม', 'กรดสเตียริกปาล์มเป็นกรดไขมันอิ่มตัวที่ได้จากน้ำมันปาล์ม ใช้ในเครื่องสำอาง เทียน และการผลิตยาง', 'กรดสเตียริกจากปาล์มเป็นกรดไขมันชนิดหนึ่งที่ได้จากน้ำมันปาล์ม โดยผ่านกระบวนการแยกและทำให้เกิดผลึกของกรดไขมัน เป็นกรดไขมันอิ่มตัวที่มีความเสถียรและอยู่ในรูปของแข็งที่อุณหภูมิห้อง กรดสเตียริกจากปาล์มมีลักษณะเป็นวาววับ เกิดตั้งแต่สีขาวจนถึงสีเหลืองอ่อน จุดหลอมเหลวโดยทั่วไปอยู่ในช่วงประมาณ 55-70 องศาเซลเซียส (131-158 องศาฟาเรนไฮต์) ซึ่งช่วยให้สามารถนำไปใช้ผสมในสูตรต่าง ๆ สำหรับเครื่องสำอาง เทียน และผลิตภัณฑ์ยางพาราได้อย่างง่ายดาย', '2026-02-11 17:39:49', '2026-02-11 17:39:49'),
(25, 'prod-palm-stearin', 'น้ำมันปาล์มสเตียริน', 'Palm stearin คือส่วนของไขมันปาล์มในรูปแบบของแข็ง ซึ่งมักใช้ในอุตสาหกรรมอาหาร การผลิตเทียน และการทำสบู่', 'Palm stearin เป็นส่วนแข็งของน้ำมันปาล์มที่ได้จากกระบวนการแบ่งเฟส ซึ่งมีชื่อเสียงในด้านปริมาณกรดไขมันอิ่มตัวสูง เป็นไขมันแข็งในอุณหภูมิห้อง มีสีขาวครีมถึงเหลืองอ่อน และเนื้อเนียนนุ่มคล้ายแว็กซ์ Palm stearin มีจุดหลอมเหลวสูงกว่าน้ำมันปาล์ม โดยทั่วไปใช้ในอุตสาหกรรมอาหารเพื่อเสถียรภาพของไขมัน การผลิตมาการีน และในการผลิตเทียนและสบู่', '2026-02-11 17:39:06', '2026-02-11 17:39:06'),
(26, 'prod-paraffin-wax', 'เทียนพาราฟินที่ผ่านการกลั่นอย่างสมบูรณ์ (50-68°C)', 'Bio Green Wax พาราฟินผ่านการกลั่นอย่างเต็มที่ (50-68°C)—เกรดอาหาร/ยา, น้ำมัน <0.5%, แข็งแรงเหนือกว่า. เหมาะสำหรับเทียน, เครื่องสำอาง, บรรจุภัณฑ์, และงานอุตสาหกรรมที่ต้องความแม่นยำ', 'เทียนขี้ผึ้ง Bio Green Wax ที่ผ่านการกลั่นอย่างเต็มที่ (จุดหลอมเหลว 50-68°C) มีปริมาณน้ำมันต่ำมาก (<0.5%) ความแข็งแรงยอดเยี่ยม และกลิ่น/สีที่เป็นกลาง มีให้เลือกในเกรดเทียน (52/54°C, 56/58°C), เกรดบรรจุภัณฑ์ (50/52°C), และเกรดเสาเทียนที่ละลายสูง (64/66°C) เหมาะสำหรับเทียนระดับพรีเมียม เครื่องสำอาง เคลือบบรรจุภัณฑ์อาหาร และแม่พิมพ์ที่ต้องการความบริสุทธิ์สูงสุดและความคงที่ในประสิทธิภาพ', '2026-02-11 17:43:46', '2026-02-11 17:43:46'),
(27, 'prod-pf56-synthetic-wax', 'ขี้ผึ้ง Fischer-Tropsch (FT)', 'เทียน Fischer‑Tropsch (FT) เป็นเทียนพาราฟินสังเคราะห์ความบริสุทธิ์สูงที่ผลิตจาก syngas ซึ่งมีจุดหลอมเหลวสูง ความหนืดต่ำ และความแข็งแรงยอดเยี่ยมสำหรับการใช้งานที่ต้องการความทนทานในพลาสติก เคลือบ เลือดหมึก กาว และการปรับแต่งบิทูเมน', 'FT wax ถูกผลิตขึ้นผ่านกระบวนการสังเคราะห์ Fischer‑Tropsch ให้เป็นเทียนขาวใสสะอาดมาก มีการกระจายพันธะคาร์บอนในช่วงแคบมาก มีปริมาณน้ำมันต่ำมาก และมีความเสถียรทางความร้อนที่ยอดเยี่ยม มีจุดหลอมเหลวสูง ค่าความหนืดของของเหลวต่ำ และความแข็งแรงสูง ซึ่งให้ความทนต่อรอยขีดข่วน การควบคุมความเงา เอฟเฟกต์ด้านด้าน และการหล่อลื่นที่ดีเยี่ยมในสูตรผลิตภัณฑ์หลายชนิด\n\nในงานพลาสติกและการประมวลผล PVC/CPVC FT wax ทำหน้าที่เป็นจาระบีภายในและภายนอกที่มีประสิทธิภาพ รวมทั้งเป็นตัวช่วยในการประมวลผล ช่วยลดความหนืดของการหลอม เพิ่มการไหลของเนื้อพลาสติก และปรับปรุงการหล่อขึ้นรูปและเสถียรภาพของขนาด ชิ้นงานใช้กันอย่างแพร่หลายในกาวร้อนละลายและกาวแบบแรงกด อิงค์เจ็ทพิมพ์ และเคลือบอุตสาหกรรม เพื่อเพิ่มความแข็ง ทนต่อการสึกหรอ รอยขีดข่วน การกันการแตกตัว และลดการตกตะกอน ในขณะเดียวกันก็ช่วยให้วาร์ปทิแคะ ความหนืดคงที่ การประยุกต์ใช้เพิ่มเติม ได้แก่ การปรับปรุงบิทูเมนและค้าสบาป การผสมมาสเทอร์แบตช์และพอลิเมอร์ การประมวลผลยาง การทำความเงา ผลิตภัณฑ์สิ่งทอ และแม้แต่สูตรเครื่องสำอาง ซึ่ง FT wax ช่วยให้ควบคุมคริสตัลไลน์ได้ดีขึ้น ปรับปรุงความทนต่อการสึกหรอและรอยยับ รวมถึงให้ความรู้สึกเรียบเนียนและนุ่มนวล', '2026-02-11 17:44:48', '2026-02-11 17:44:48'),
(28, 'prod-pfad', 'PFAD (Palm Fatty Acid Distillate)', 'PFAD เป็นผลพลอยได้ของการกลั่นน้ำมันปาล์ม ซึ่งใช้ในอุตสาหกรรมการผลิตสบู่ อาหารสัตว์ และการผลิตเชื้อเพลิงชีวภาพ', 'Palm Fatty Acid Distillate (PFAD) คือของเหลือจากกระบวนการกลั่นน้ำมันปาล์ม ซึ่งได้จากการกลั่นน้ำมันปาล์มดิบเพื่อกำจัดสิ่งสกปรกและให้ได้ระดับความบริสุทธิ์ที่สูงขึ้น PFAD เป็นของเหลวสีน้ำตาลเหลืองมีกลิ่นเฉพาะตัว ประกอบด้วยส่วนผสมของกรดไขมันอิ่มตัวและไม่อิ่มตัว โดยกรดไขมันหลัก ได้แก่ กรดลอริก กรดมิตริก และกรดปาล์มิติก PFAD ใช้ในอุตสาหกรรมการผลิตสบู่ อาหารสัตว์ และพลังงานชีวภาพ', '2026-02-11 17:26:51', '2026-02-11 17:26:51'),
(29, 'prod-pkfad', 'น้ำมันกรดไขมันจากเนื้อในของเมล็ดปาล์ม (PKFAD)', 'PKFAD เป็นผลพลอยได้จากการกลั่นน้ำมันเมล็ดปาล์ม ซึ่งอุดมไปด้วยกรดลารูริค ใช้ในอุตสาหกรรมสบู่และอุตสาหกรรมน้ำมันเคมี', 'Palm Kernel Fatty Acid Distillate (PKFAD) คือของเสียที่ได้จากขั้นตอนการกลั่นน้ำมันเมล็ดปาล์ม ซึ่งอุดมไปด้วยกรดไขมัน รวมถึงกรดลอริก จึงมีคุณค่าสำหรับการใช้งานในอุตสาหกรรมบางประเภท PKFAD ถูกนำไปใช้ในงานอุตสาหกรรมต่าง ๆ รวมถึงการผลิตสบู่ การผลิตเชื้อเพลิงชีวภาพ และเป็นวัตถุดิบในอุตสาหกรรมโอเลอเคมี', '2026-02-11 17:40:31', '2026-02-11 17:40:31'),
(30, 'prod-polyethylene-wax', 'ขี้ผึ้งโพลีเอทิลีน (PE wax)', 'เป็นโพลีเอทิลีนที่มีโมเลกุลต่ำ ซึ่งใช้เป็นจาระบีประเภทคุณภาพสูงและช่วยในการประมวลผลในพลาสติก เคลือบผิว สีน้ำหมึก และกาว เพื่อปรับปรุงการไหล ลื่นบนพื้นผิว และความต้านทานรอยขีดข่วน', 'ขี้ผึ้ง polyethylene เป็นขี้ผึ้งสังเคราะห์ชนิดละเอียดที่มีจุดหลอมเหลวสูง มีความหนืดต่ำ ทนความร้อนได้ดีเยี่ยม และสามารถเข้ากันได้อย่างแข็งแรงกับโพลิเมอร์ทั่วไป เช่น PVC, PE, PP และ EVA ซึ่งให้การหล่อลื่นภายในและภายนอก ลดความหนืดของเนื้อพลาสติกและแรงเสียดทาน ช่วยให้การปล่อยแม่พิมพ์เป็นไปอย่างราบรื่นและให้พื้นผิวที่เรียบเนียน เป็นประกายเงา และทนขีดข่วน\n\nแอปพลิเคชันหลักได้แก่การแปรรูปพลาสติกและการทำ masterbatch ซึ่งขี้ผึ้ง PE ช่วยเพิ่มประสิทธิภาพในการฉีดและขึ้นรูปพลาสติก ลดการสะสมของแม่พิมพ์ และปรับปรุงการกระจายสีและสารเติมแต่ง นอกจากนี้ยังใช้ในกาวร้อนและกาวแบบ Pressure-sensitive หมึกพิมพ์ และการเคลือบผง เพื่อควบคุมความหนืดในการละลาย เสริมความเหนียวและความทนทาน และปรับเวลาเปิดและเวลาตั้งตัว งานเพิ่มเติมครอบคลุมไปถึงการใช้งานในยางมะตอย สีทาถนน คอนเสิร์ตไม้พลาสติก คอมโพสิตยาง เคเบิล คอมโพสิต และผลิตภัณฑ์ขี้ผึ้งที่ผสมสำเร็จ เช่น น้ำยาเคลือบเงาและสีเทียน ซึ่งช่วยเพิ่มจุดอ่อนตัว ความแข็งแรง และความต้านน้ำ.', '2026-02-11 17:42:58', '2026-02-11 17:42:58'),
(31, 'prod-rapeseed-oil', 'น้ำมันเรพซีด', 'น้ำมันเรพซีดสกัดเย็นและผ่านการกลั่นจากฟาร์มในสหราชอาณาจักร', 'น้ำมันเรปเซียสบริสุทธิ์และผ่านการกดเย็นจากฟาร์มในสหราชอาณาจักร เหมาะสำหรับการทำอาหาร การอบ และน้ำสลัด ต่ำในไขมันอิ่มตัวและสูงในโอเมก้า-3', '2026-02-11 17:34:31', '2026-02-11 17:34:31'),
(32, 'prod-rapeseed-wax', 'ขี้ผึ้งเรปซีด', 'เทียนเรพซีดเป็นเทียนพืชธรรมชาติที่ใช้เป็นทางเลือกที่เป็นมิตรกับสิ่งแวดล้อมในการทำเทียนและเครื่องสำอาง', 'ขี้ผึ้งคาเปซู (Rapeseed wax) เป็นขี้ผึ้งพืชธรรมชาติที่ได้จากน้ำมันของพืชคาเปซู ซึ่งมักนำมาใช้เป็นทางเลือกที่เป็นมิตรต่อสิ่งแวดล้อมแทนขี้ผึ้งพาราฟินแบบดั้งเดิมในการทำเทียนและการใช้งานอื่น ๆ ให้ความร้อนที่สะอาดและช้า รวมถึงสามารถเก็บกลิ่นได้ดี เป็นที่นิยมในการผลิตเทียนและในการผสมในเครื่องสำอางธรรมชาติ เช่น ลิปบาล์ม โลชั่น และครีม ซึ่งมีคุณสมบัติให้ความชุ่มชื้น', '2026-02-11 17:24:40', '2026-02-11 17:24:40'),
(33, 'prod-soap-noodles', 'เส้นสบู่', 'เส้นบะหมี่สบู่เป็นวัตถุดิบหลักสำหรับการผลิตสบู่ ซึ่งเกิดจากกระบวนการทำให้เป็นสบู่ของน้ำมันและไขมันจากพืช', 'เส้นใยสบู่ หรือที่รู้จักกันในชื่อเกรนูลสบู่ คือหนึ่งในวัตถุดิบหลักที่ใช้ในการผลิตสบู่ พวกมันถูกผลิตขึ้นจากการแปรรูปน้ำมันและไขมันพืชด้วยโซเดียมไฮดรอกไซด์ (โซดาไฟ) ผ่านกระบวนการสบู่ การแปรรูปเส้นใยสบู่โดยทั่วไปเป็นชิ้นหรือเม็ดสีขาวหรือสีเนื้ออ่อน มีกลิ่นหอมอ่อนโยนและเป็นกลาง พวกมันปราศจากสิ่งเจือปนและมีความเข้มข้นของกรดไขมันสูง ซึ่งมีส่วนช่วยในคุณสมบัติทำความสะอาดและทำให้เป็นอิมัลชัน', '2026-02-11 17:41:17', '2026-02-11 17:41:17'),
(34, 'prod-soy-wax', 'เทียนไขถั่วเหลือง', 'เทียนขี้ผึ้งถั่วเหลืองเป็นเทียนจากพืชที่สามารถนำกลับมาใช้ใหม่ได้ ผลิตจากน้ำมันถั่วเหลือง ซึ่งเป็นที่นิยมในการทำเทียนที่เป็นมิตรกับสิ่งแวดล้อม', 'เทียนจากถั่วเหลืองเป็นชนิดของเทียนจากพืชที่ได้มาจากน้ำมันถั่วเหลือง เป็นทางเลือกยอดนิยมแทนเทียนพาราฟินแบบดั้งเดิม ซึ่งได้จากปิโตรเลียม เทียนจากถั่วเหลืองถือว่าเป็นทางเลือกที่สามารถต่อยอดได้เอง จะย่อยสลายได้ตามธรรมชาติ และเป็นมิตรกับสิ่งแวดล้อมในการทำเทียน ผลิตโดยการทำให้ไฮโดรเจนกับน้ำมันถั่วเหลือง เพื่อเปลี่ยนเป็นของแข็งที่เหมาะสมสำหรับเทียน ซึ่งมักมาในรูปแบบเกล็ดซึ่งง่ายต่อการวัดและละลาย', '2026-02-11 17:17:55', '2026-02-11 17:17:55'),
(35, 'prod-soybean-oil', 'น้ำมันถั่วเหลือง', 'น้ำมันถั่วเหลืองคุณภาพสูงสำหรับใช้ในอุตสาหกรรมและครัวเรือน', 'น้ำมันถั่วเหลืองเป็นน้ำมันพืชที่หลากหลาย สกัดจากถั่วเหลือง ซึ่งใช้กันอย่างแพร่หลายในการทอด อบ และปรุงน้ำสลัด เนื่องจากมีรสชาติเบาและจุดไหม้สูง\nเป็นแหล่งของไขมันไม่อิ่มตัวเชิงซ้อน รวมถึงกรดไขมันโอเมก้า-3 และโอเมก้า-6 และให้วิตามินเคและวิตามินอี\nเหมาะสำหรับการทอดลึก การผลิตมาการีน และการใช้งานในอุตสาหกรรมอาหาร ผ่านการกลั่นและขจัดกลิ่นเพื่อมาตรฐานระดับพรีเมียม', '2026-02-11 17:29:29', '2026-02-11 17:29:29'),
(36, 'prod-sunflower-oil', 'น้ำมันดอกทานตะวัน', 'น้ำมันฟักทองกลั่นระดับพรีเมียมสำหรับการปรุงอาหารและการแปรรูปอาหาร', 'น้ำมันดอกทานตะวันบริสุทธิ์เกรดพรีเมียมของเราเหมาะอย่างยิ่งสำหรับการประกอบอาหาร ทอด และการแปรรูปอาหาร สกัดจากเมล็ดทานตะวันที่มีคุณภาพ และผ่านการกลั่นกรองตามมาตรฐานสูงสุด', '2026-02-09 03:22:28', '2026-02-11 17:22:35');

--
-- Dumping data for table `products_tr`
--

INSERT INTO `products_tr` (`id`, `master_id`, `name`, `description`, `full_description`, `created_at`, `updated_at`) VALUES
(1, 'bdf424df-f9b0-4a79-84d6-f6ed1eb1e84f', 'Palm Olein', 'Palmi yağı oleini, rafine edilmiş palm yağının sıvı fraksiyonudur ve nötr tat, uzun kızartma ömrü ve çıtır çıtır doku sağlayan istikrarlı bir kızartma ve pişirme yağı olarak değer görür; atıştırmalıklar, fast-food ve ev kullanımı için idealdir.', 'Palm olein, rafine edilmiş, beyazlatılmış ve deodorize edilmiş (RBD) palm yağının fraksiyonlanmasıyla üretilir ve oleik ve palmitik asit açısından zengin, şeffaf bir sıvı elde edilir. Bu, doğal olarak iyi oksidatif stabiliteye sahip dengeli bir yağ asidi profili sağlar. Yüksek duman noktası, oksidasyona ve polimer oluşumuna direnç göstermesi ve kötü tatlar oluşturma eğiliminin düşük olması sayesinde, tekrar tekrar kızartma işlemleri gerçekleştirilebilir; bu da yağın bozulmasını azaltır, köpürmeyi engeller ve ürünlerin raf ömrünü uzatır.\n​\nGıda uygulamalarında, palm olein, atıştırmalıklar, patates cipsleri, kızarmış tavuk, hazır erişte ve ön kızartılmış dondurulmuş gıdalar için derin kızartma ortamı olarak yaygın şekilde kullanılır; ayrıca birçok tropikal pazarda genel amaçlı ev tipi pişirme yağı olarak da tercih edilir. Aynı zamanda, soya fasulyesi, ayçiçeği veya diğer bitkisel yağlarla karışımlarında temel yağ olarak hizmet eder ve özelleştirilmiş beslenme ve fonksiyonel profiller elde edilmesine olanak tanır. Margarinse, fırınlama yağlarında ve gıda servis fırın sistemlerinde, stabil performans ve temiz tat kritik öneme sahip olduğu durumlarda kullanılır.', '2026-02-11 17:15:25', '2026-02-11 17:15:25'),
(2, 'prod-beeswax', 'Arı yağı', 'Doğal saf balmumu, kozmetik ve mum yapımı için', 'Etik arıcılar tarafından sağlanan saf ve doğal balmumu. Kozmetik, mum yapımı ve gıda uygulamaları için mükemmel. Farklı kalite seçenekleri mevcuttur.', '2026-02-11 17:29:55', '2026-02-11 17:29:55'),
(3, 'prod-bw101-palm-wax', 'Palmiye Yağı', 'Kremamsı sarı renkte Premium %100 palmiye wax, mum yapımı için idealdir. RSPO SG (Segregated) / MB (Mass balance) sertifikalı.', 'Kadife ve kremsi sarı rengine sahip %100 premium palm wax. Sürdürülebilirlik için RSPO MB sertifikalıdır. Mum yapımı, kalıplama ve kap kısı mumlar için idealdir.', '2026-02-11 17:45:34', '2026-02-11 17:45:34'),
(4, 'prod-bw105-palm-wax', 'Palm Shortenings (Düşük erime noktası)', 'Palm Shortening, fraksiyone palm yağından elde edilen, yarı katı, hidrojene olmayan bir yağıdır ve üstün stabilite ile nötr tat sağlar.', 'Palm Shortening, fraksiyonize palm yağından elde edilen yarı katı, hidrojenlenmemiş bir yağdır ve üstün stabilite ile nötr lezzet sunar.\nFırıncılık uygulamaları için mükemmeldir—kabarık hamur işleri, yumuşak kekler ve yüksek dumana dayanıklı kızartmalar yapar.\nEndüstriyel fırıncılıkta tereyağı veya domuz yağına ekonomik ve oksidasyona dirençli bir alternatif sağlar.', '2026-02-11 17:31:18', '2026-02-11 17:31:18'),
(5, 'prod-bw10510-blended-wax', 'Kavanoz mumları için Palm-Parafin karışımlı balmumu', 'Kullanıma hazır Düşük MP Jel Mum Karışımı: Palm-Parafin-Mikrokristal with Polyboost™, Vybar®, UV stabilize ediciler—sadece renk ve aroma ekleyin, üstün cam yapışması ve maksimum aydınlatma için.', 'Bio Green Wax\'ın Düşük Erime Noktası Cam Kavanoz Mum Karışımı (48-50°C) ve (50-52°C)—Palm-Paraffin-Mikrokristalin formülasyon, cam kaplar için optimize edilmiştir. Kullanıma hazır: sadece renk ve koku ekleyin. Opaklık/adhesiyon için Polyboost/Vybar, raf ömrü için UV stabilizatörleri/antioxidanlar, ayrıca olağanüstü sıcak/soğuk yayılım, kırışıklık yapmayan yanma ve üstün kavanoz tutuşu sağlayan koku tutucu ajanlar içerir; bu, üstün kapsül mumları için ideal bir seçenektir.', '2026-02-11 17:37:24', '2026-02-11 17:37:24'),
(6, 'prod-bw10555-blended-wax', 'Bitkisel Soya Bazlı Vegan Mum Karışımı', 'Bio Green Wax\'tan hazır kullanıma uygun %95 Soja Vegan Karışımı — cam (48-52°C) ve sütun (56-62°C) mumlar için saf bitki bazlı. Sadece renk ve koku ekleyin.', 'Bio Green Wax\'ın %95 Soya Yağı Vegan Karışımı (5% bitki katkısı), cam kavanozlar ve bağımsız sütunlar için temiz yanma ve doğal performans sağlar. Kaplar için düşük erime noktası (48-52°C) ve sütunlar için yüksek erime noktası (56-62°C) olarak mevcuttur. Kullanıma hazırdır: sadece renginizi ve kokunuzu ekleyin, mükemmel yayılım ve düzgün bir yüzey sağlayın.', '2026-02-11 17:32:04', '2026-02-11 17:32:04'),
(7, 'prod-bw10610-blended-wax', 'Göbek Mumları için Palm-Parafin karışımlı mum', 'Kullanıma Hazır Yüksek MP Direk Mum Karışımları (56-58°C & 58-60°C): Palm-Paraffin-Microcrystalline ve Polyboost™, Vybar®, UV stabilizörleri—sadece renk ve koku ekleyin, üstün direk performansı için.', 'Bio Green wax\'s High Melting Point Pillar Candle Blends (56-58°C & 58-60°C)—Palm-Paraffin-Microcrystalline formülasyonları, bağımsız ayakta duran sütun mumları için geliştirilmiştir. Kullanıma hazır: sadece renk ve koku ekleyin. Kalıp çıkarmayı ve opaklığı artırmak için Polyboost/Vybar ile optimize edilmiştir, UV stabilizatörleri/antioksidanlar ile raf ömrünü uzatır, ayrıca koku tutucu ajanlar sayesinde mükemmel sıcak/soğuk itme, mükemmel sütun şekil koruması ve temiz yanma performansı sağlar.', '2026-02-11 17:38:11', '2026-02-11 17:38:11'),
(8, 'prod-bw10655-blended-wax', 'Kuş-Kevküri-Parafinli Mum Karışımı', 'Bio Green Wax\'tan hazır kullanıma hazır Soya-Benzoz-Parafin Karışımı—Jar (48-52°C) ve Pillar (56-62°C) mumlar için en üst düzey koku yayılımı. Sadece koku ve renk ekleyin.', 'Bio Green Wax\'ın Soy-Bal Arısı-Parafin Karışımı, doğal soya pürüzsüzlüğü, balmumu stabilitesi ve parfüm gücü ile eşsiz koku performansı sağlar. Düşük erime noktası (48-52°C) cam kaplarda mükemmel; yüksek erime noktası (56-62°C) ise sütunlar için idealdir. Kullanıma hazır formülasyon—sadece parfüm ve renk ekleyin, üstün sıcak/soğuk yayılım ve kusursuz mum bitişi elde edin.', '2026-02-11 17:32:56', '2026-02-11 17:32:56'),
(9, 'prod-bw8307-blended-wax', 'Hindistan Cevizi- Kanola Mumu Karışımı', 'Bio Green Wax\'tan Hazır Kullanıma Hazır Hindistan Cevizi- Kanola Karışımı—Kavanoz (48-52°C) ve Sütun (56-62°C) mumlar için kremsi doğal performans. Sadece renk ve koku ekleyin.', 'Bio Green Wax\'in Coconut-Rapeseed Karışımı, hindistancevizi mumu\'nun kremamsı dokusu ile kanola yağı mumunun pürüzsüz yanışını bir araya getirerek olağanüstü doğal mum performansı sağlar. Düşük erime noktası (48-52°C) kaplanmış mumlar için optimize edilmiştir; yüksek erime noktası (56-62°C) sütun mumları için uygundur. Tamamen kullanıma hazırdır — sadece istediğiniz renk ve koku ekleyerek profesyonel, temiz yanışlı sonuçlar elde edin.', '2026-02-11 17:33:45', '2026-02-11 17:33:45'),
(10, 'prod-carnauba-wax', 'Carnauba Mumu', 'Parlaklıklar ve kaplamalar için premium Brezilya karnauba cila', '\"Kraliçe mum\" olarak bilinen premium Brezilya carnauba wax. Araba cilası, kozmetik ve gıda kaplamaları için idealdir. En yüksek doğal erime noktası.', '2026-02-11 17:30:32', '2026-02-11 17:30:32'),
(11, 'prod-castor-oil', 'Hint: Castor Oil', 'Ricinius communis tohumlarından elde edilen premium soğuk preslenmiş hint yağı, farmasötik ürünlerde, kozmetikte ve endüstriyel uygulamalarda yaygın olarak kullanılmaktadır.', 'Bio Green Wax, yüksek kaliteli hint yağı tedarik eder; bu çok yönlü bitkisel yağ, Hint yağı bitkisi (Ricinus communis) tohumlarının preslenmesiyle elde edilir. Ricinoleik asit (yaklaşık %85–90) açısından zengin benzersiz kimyasal bileşimiyle tanınan hint yağı, olağanüstü viskozite, kayganlık ve nemlendirme özellikleri sergiler; bu özellikleriyle birçok endüstride vazgeçilmezdir.\n\nHint yağımız özenle temin edilip işlenmiş olup, en yüksek saflık ve tutarlılık standartlarına uygundur. Hem soğuk pres (virgin) hem de rafine gruplarda satışa sunulmakta olup, farmasötik, kozmetik ve endüstriyel uygulamalara uygundur. Yağın dikkate değer stabilitesi ve alkolde çözünürlüğü, onu diğer bitkisel yağlardan ayırır ve üstün performans gerektiren formülasyonlarda tercih edilen bir bileşen haline getirir.\n\nHint yağı doğal olarak biyolojik olarak parçalanabilir olup, yenilenebilir kaynaklardan elde edilir; bu da Bio Green Wax\'in sürdürülebilir ve çevreye duyarlı tedarik taahhüdüyle uyumludur.', '2026-02-11 17:16:23', '2026-02-11 17:16:23'),
(12, 'prod-coconut-oil', 'Hindistan Cevizi Yağı', 'Yemek ve kozmetik uygulamaları için saf ve rafine hindistan cevizi yağı', 'Yüksek kaliteli ham ve rafine vazgeçilmez hindistan cevizi yağı, pişirme, pişirim ve kozmetik uygulamalarına uygun. Özel ihtiyaçlarınıza göre çeşitli derecelerde mevcuttur.', '2026-02-09 02:58:47', '2026-02-11 17:17:06'),
(13, 'prod-coconut-wax', 'Hindistancevizi Mumu', 'Hindistancevizi yağıyla elde edilen doğal bir mum olan hindistancevizi mumları, temiz yanma özelliği ve çevre dostu uygulamalarıyla takdir edilir.', 'Hindistan cevizi yağı, Hindistan cevizi yağından elde edilen doğal bir mumdur ve mum yapımında temiz ve yavaş yanmasıyla bilinir. Genellikle diğer mumlara sürdürülebilir bir alternatif olarak kabul edilir. Hindistan cevizi mumu, çevre dostu özellikleri ve kokuyu iyi tutma yeteneğiyle öne çıkar. Doğal ve yenilenebilir bir kaynaktan elde edilen bu mum, uzun süreli ve daha verimli performans sağlayan temiz ve yavaş yanma özelliğine sahiptir.', '2026-02-11 17:25:56', '2026-02-11 17:25:56'),
(14, 'prod-fr5456-paraffin-wax', 'Yarı Rafine Paraffin Balmumu (50-68°C)', 'Bio Green Wax Yarı Rafine Parafin (50-68°C)—mumlar, kauçuk, tekstil ve yüksek hacimli endüstriyel uygulamalar için uygun, %1-5 oranında ekonomik yağ içeriği.', 'Bio Green Wax\'ın Semi Refined Paraffin Wax\'ları (50-68°C), kontrollü yağ içeriği (1-5%) ile ekonomik performans sağlar ve esnek sertlik sunar. Standart dereceler: 52/54°C (mumlar), 56/58°C (sütunlar), 60/62°C (endüstriyel). Dengeli performans ve fiyatın önemli olduğu, maliyete duyarlı mum üretimi, kauçuk işleme katkıları, tekstil bitirme ve toptan paketleme kaplamalarında mükemmeldir.', '2026-02-11 17:23:49', '2026-02-11 17:23:49'),
(15, 'prod-glycerine', 'Gülsüvat', 'Güçlendirici, renklessiz, kokuşuz ve yapışkan bir sıvıdır; farmasötik, kozmetik ve gıda sektörlerinde yaygın olarak kullanılır.', 'Gliserin, başka bir deyişle gliserol veya gliserin, renkli, kokusuz ve yapışkan bir sıvıdır ve tatlı bir tada sahiptir. Genellikle renksiz olan, ancak hafif sarımsı bir tona sahip olabilen şurup kıvamında, berrak bir sıvıdır. Gliserinin yüksek bir viskozitesi vardır, yani yavaş akar ve nispeten kalın bir yapıya sahiptir. Şurup benzeri bir kıvama sahip olması, nem tutma özelliğine katkıda bulunur. Gliserin, farmasötik, kozmetik, gıda işleme ve çeşitli endüstriyel uygulamalarda yaygın olarak kullanılır.', '2026-02-11 17:19:51', '2026-02-11 17:19:51'),
(16, 'prod-hydrogenated-castor-oil', 'Hidrojenlenmiş Hint Yağı', 'Hidrojenlenmiş hint yağı, hint yağının katı, mumumsu bir türevi olup, kozmetik, ilaç ve endüstriyel uygulamalarda kullanılır.', 'Hidrojene hintyağı, aynı zamanda hintyağı veya hintyağı pulü olarak da bilinir, hintyağı türevidir ve hidrojenleme işlemi görür. Bu işlem, hintyağı moleküllerine hidrojen eklenmesini içerir ve bu da katı, mumsu bir madde ile sonuçlanır. Kozmetik ve kişisel bakım ürünlerinde, rujlar, kremler ve losyonlar gibi, cildi pürüzsüzleştirmek ve nemlendirmek amacıyla emoliyan olarak kullanılır. Ayrıca, kozmetik formüllerde bağlayıcı bir ajan olarak işlev görerek, içeriklerin birbirine yapışmasına ve cilde tutunmasına yardımcı olur.', '2026-02-11 17:25:14', '2026-02-11 17:25:14'),
(17, 'prod-microcrystalline-wax', 'Mikrokristal Mum', 'Kozmetik ve yapıştırıcılar için esnek mikro kristal wax', 'Kıvama uygun mikrokristal wax, kozmetik ürünler, sıcak eritici yapıştırıcılar ve özel kaplamalar için idealdir. Üstün esneklik ve yapışma özellikleri sağlar.', '2026-02-11 17:23:06', '2026-02-11 17:23:06'),
(18, 'prod-olive-oil', 'Zeytinyağı', 'İleri kalite saf zeytinyağı, seçkin Akdeniz zeytinlerinden soğuk presleme yöntemiyle elde edilmiştir ve mutfak, kozmetik ve endüstriyel uygulamalar için uygundur.', 'Premium saf zeytinyağımız, özenle seçilmiş Akdeniz zeytinlerinden soğuk sıkım yöntemiyle elde edilir, üstün kalite ve zengin lezzet sunar. Gıda hazırlığında, kozmetik, ilaç ve kişisel bakım ürünlerinde yaygın olarak kullanılan zeytinyağı, sağlık yararları, antioksidan özellikleri ve çok yönlü kullanımlarıyla değer görmektedir. Bio Green Wax, uluslararası katı kalite standartlarına uygun zeytinyağı tedarik eder, tüm uygulamalarda tutarlı saflık ve performans sağlar.', '2026-02-11 17:41:52', '2026-02-11 17:41:52'),
(19, 'prod-palm-kernel-oil', 'Palmiye Çekirdeği Yağı', 'Palmiye çekirdeği yağı, palm yağı meyvesinin çekirdeğinden elde edilir ve gıda ürünleri, kozmetik ve endüstriyel uygulamalarda kullanılır.', 'Palmiye çekirdeği yağı, palmiye meyvesinin çekirdeğinden elde edilir ve ayırt edici fiziksel özelliklere sahiptir. Genellikle oda sıcaklığında açık sarıdan beyaza kadar katı halde bulunur, ancak ısıtıldığında berrak, sarımsı bir sıvıya dönüşür. Erime noktası 23 ila 28 derece Celsius (73 ila 82 derece Fahrenheit) arasında değişir. Palm kernel yağı, laurik asit açısından zengindir ve gıda üretimi, kozmetik ve sabun yapımında yaygın şekilde kullanılır.', '2026-02-11 17:21:43', '2026-02-11 17:21:43'),
(20, 'prod-palm-kernel-olein', 'Palmiye Çekirdeği Oleini', 'Premium rafine edilmiş palmiye çekirdeği olein, palmiye çekirdeği yağı fraksiyonlaşmasından elde edilen sıvı fraksiyon olup, mükemmel berraklığı, düşük bulanıklık noktası ve gıda, kişisel bakım ve oleokimya endüstrilerinde çok yönlü kullanımıyla değerlidir.', 'Bio Green Wax, rafine edilmiş palm çekirdeği yağının kontrollü fraksiyonizasyonu sonucu üretilen sıvı fraksiyon olan yüksek kaliteli palm çekirdeği olein (PKOo) tedarik etmektedir. Palm çekirdeği yağı doğru koşullar altında soğutulduğunda, katı fraksiyon (palm çekirdeği stearin) ve sıvı fraksiyon (palm çekirdeği olein) olarak ayrılır. Ortaya çıkan olein, düşük erime noktası ve mükemmel dökülebilirliği ile şeffaf, hafif renkli bir yağdır.\n\nPalm çekirdeği olein, laurik asit (C12) ve kaprik/kaprilik orta zincir yağ asitleri bakımından zengindir ve bu da ona üstün parlaklık, hızla emilim ve hafif, yağı hissettirmeyen bir dokunuş sağlar. Bu özellikler, onu yemeklik yağ, kızartma ortamı ve non-dairy kremalar, dondurma ve dolgu sütü formüllerinde bileşen olarak gıda endüstrisinde oldukça aranan hale getirir.\n\nKişisel bakım ve kozmetik sektöründe, palm çekirdeği olein, mükemmel nemlendirici özellikleri ve cilt uyumu sayesinde losyonlar, kremler, şampuanlar ve sıvı sabunlarda yaygın şekilde temel yağ olarak kullanılır. Ayrıca, oleokimya üretiminde ana hammadde olarak hizmet ederek, deterjanlar ve temizlik ürünlerinde kullanılan yağ asitleri, metil esterler ve yüzeyaktif maddelerin üretimini sağlar.\n\nBio Green Wax, palm çekirdeği oleinini RSPO sertifikalı tedarik zincirlerinden temin etmektedir; bu da tam izlenebilirlik ve sürdürülebilir palm yağı taahhütleriyle uyum anlamına gelir. Ürün, rafine, ağartılmış ve deodorize (RBD) formda bulunmakta olup, katı uluslararası kalite standartlarını karşılamaktadır.', '2026-02-11 17:46:28', '2026-02-11 17:46:28'),
(21, 'prod-palm-kernel-stearin', 'Palmiye Çekirdeği Stearin', 'Yüksek kaliteli palm çekirdeği stearin, palm çekirdeği yağı fraksiyonasyonundan elde edilen katı fraksiyon olup, sert erime profili ve mükemmel sertliğiyle şekerleme, kozmetik ve oleokimya uygulamalarında tercih edilir.', 'Bio Green Wax, rafine palm çekirdeği yağı tarafından kontrollü fraksiyonizasyon yoluyla üretilen daha yüksek erime noktasına sahip katı fraksiyon olan premium kalite palm çekirdeği stearin (PKS) tedarik eder. Fraksiyonizasyon sırasında, palm çekirdeği yağı iki bileşene ayrılır: palm çekirdeği oleini (sıvı fraksiyon) ve palm çekirdeği stearini (katı fraksiyon). Elde edilen stearin, karakteristik olarak keskin bir erime noktasına ve sert dokuya sahip, beyazdan kirli beyaza kadar değişen bir yağa dönüşür.\n\nPalm çekirdeği stearini, laurik asit (C12) ve miristik asit (C14) açısından zengindir; bu da ona mükemmel sertlik, hızlı kristalleşme ve temiz bir erime profili sağlar. Bu özellikler, kakao yağı yerine kullanılabilen katkı maddeleri (CBS), bileşik çikolata kaplamaları, şekerleme dolgu maddeleri ve sert ve parlak bir görünüm istenen özel yağlar için ideal bir bileşen olmasını sağlar.\n\nGıda uygulamalarının ötesinde, palm çekirdeği stearini, yağlı asitler, yağlı alkoller, sabun hamurları ve yüzey aktif maddeleri üretimi için oleokimya endüstrisinde değerli bir hammadde olarak hizmet eder. Kişisel bakım ve kozmetikte ise, kremlere, losyonlara ve katı formülasyonlara gövde ve yapı kazandırır.\n\nBio Green Wax, palm çekirdeği stearinini RSPO sertifikalı tedarik zincirlerinden temin eder; böylece tam izlenebilirlik ve sürdürülebilir palm yağı taahhütlerine uyum sağlanır. Ürün, rafine, ağartılmış ve deodorize (RBD) formda mevcuttur ve hem gıda sınıfı hem de teknik sınıf kullanımı için uluslararası kalite standartlarını karşılar.', '2026-02-11 17:20:50', '2026-02-11 17:20:50'),
(22, 'prod-palm-oil', 'Palmiye Yağı', 'Sürdürülebilir şekilde temin edilen palm yağı ve palm türevleri', 'Gıda üretimi, sabun ve deterjan üretimi için sürdürülebilir şekilde temin edilen palmiye yağı ve palm türevleri. RSPO sertifikalı seçenekler mevcuttur.', '2026-02-09 03:02:12', '2026-02-11 17:28:41'),
(23, 'prod-palm-shortenings', 'Palm Kısa Yağları (yüksek erime noktası)', 'Yüksek erime noktası olan palm yağı kuşmanları (46–52 °C), ayrıştırılmış palm yağı kullanılarak yapılan özel fırıncılık ve kızartma yağlarıdır. Güçlü yapı, temiz lezzet ve zorlu endüstriyel uygulamalarda mükemmel ısı stabilitesi sağlamak üzere tasarlanmıştır.', '46–52 °C aralığında yüksek erime noktasına sahip palm kısaltmaları, palm stearin ve orta fraksiyonlardan formüle edilerek yüksek katı yağ içeriği, sert doku ve stabil kristal ağı oluşturmayı sağlar. Bu daha yüksek erime aralığı, üstün ısı direnci, oksidatif stabilite ve azalmış yağ çıkması sağlar; bu özellikler onları tropikal iklimler ve yüksek sıcaklıkta işleme hatları için ideal kılar. \n\nFırıncılık uygulamalarında, bu kısaltmalar iyi havalandırma, lamine ve çıtırlık sağlar; katmanlı tart hamurları, kabarık hamur işleri, krema bisküvileri, kurabiyeler ve bisküvilerin şeklini ve çiğneme keyfini sıcak ortamda bile korumasına destek olur. Ayrıca, dayanıklı kızartma ve hamur yağı olarak kullanılırlar ve et ürünlerinde hayvansal yağ yerine geçici olarak kullanılabilirler. Sert yapıları, emülsiyon stabiliteleri ve sıfır trans, katı olmayan profil özellikleri sayesinde tutarlı doku, temiz tat salınımı ve etiket dostu formülasyonlar elde edilmesine yardımcı olur.', '2026-02-11 17:27:58', '2026-02-11 17:27:58'),
(24, 'prod-palm-stearic-acid', 'Palm Stearik Asit', 'Palm stearik asit, palm yağından elde edilen doygun yağ asididir ve kozmetik, mum ve kauçuk üretiminde kullanılır.', 'Palm stearik asit, palm yağından türetilmiş bir yağ asidi türüdür ve yağ asitlerinin ayrıştırılması ve kristalleştirilmesi yoluyla elde edilir. Oda sıcaklığında stabilitesi ve katı hali ile bilinen doymuş bir yağ asididir. Palm stearik asidin balmumu benzeri bir görünümü olup, beyazdan hafif sarıya kadar değişebilir. Erime noktası genellikle 55-70 derece Celsius (131-158 derece Fahrenheit) arasında olan bu madde, kozmetik ürünler, mumlar ve kauçuk ürünleri gibi çeşitli formülasyonlara kolayca entegre edilmesine olanak tanır.', '2026-02-11 17:39:39', '2026-02-11 17:39:39'),
(25, 'prod-palm-stearin', 'Palm Stearin', 'Palm stearin, palmiye yağının katı fraksiyonudur ve genellikle gıda üretimi, mum yapımı ve sabun üretiminde kullanılır.', 'Palm stearin, fraksiyonlaşma süreciyle elde edilen palm yağının katı fraksiyonudur ve yüksek doymuş yağ asidi içeriğiyle bilinir. Oda sıcaklığında katı bir yağdır ve kremamsı beyazdan soluk sarıya kadar renk tonlarına ve pürüzsüz, mumsu bir dokuya sahiptir. Palm stearin, palm yağına göre daha yüksek erime noktasına sahiptir. Gıda endüstrisinde yağların stabilize edilmesi, margarin üretimi ve mum ve sabun yapımında yaygın olarak kullanılır.', '2026-02-11 17:38:57', '2026-02-11 17:38:57'),
(26, 'prod-paraffin-wax', 'Tamamen Rafine Edilmiş Paraffin Mum (50-68°C)', 'Bio Green Wax Tam Rafine Parafin (50-68°C)—gıda/ilaç kalitesi, <0.5% yağ, üstün sertlik. Mumlar, kozmetik, ambalaj ve hassas endüstriyel uygulamalar için mükemmel.', 'Bio Green Wax\'ın Tamamen Rafine Parafin Mumları (50-68°C eritme noktaları) ultra-düşük yağ içeriği (<%0.5), mükemmel sertlik ve nötr koku/renk özellikleri ile öne çıkar. Mum kalitelerinde (52/54°C, 56/58°C), kaplar kalitelerinde (50/52°C) ve yüksek erime noktalı sütun kalitelerinde (64/66°C) mevcuttur. Üst düzey mumlar, kozmetikler, gıda ambalaj kaplamaları ve maksimum saflık ve tutarlı performans gerektiren hassas kalıplama için idealdir.', '2026-02-11 17:43:34', '2026-02-11 17:43:34'),
(27, 'prod-pf56-synthetic-wax', 'Fischer-Tropsch (FT) mum', 'Fischer‑Tropsch (FT) mumları, сингазdan üretilen yüksek saflıkta sentetik paraffin mumudur ve yüksek erime noktası, düşük viskozite ve mükemmel sertlik sağlar. Bu özellikler, plastikler, kaplamalar, mürekkepler, yapıştırıcılar ve asfalt modifikasyonu gibi zorlu uygulamalarda tercih edilir.', 'FT wax, Fischer‑Tropsch sentezi ile üretilir ve su beyazı, ultra temiz bir wax sağlar. Dar karbon zinciri dağılımı, çok düşük yağ içeriği ve üstün termal stabiliteye sahiptir. Yüksek yumuşama noktasıyla düşük erime viskozitesi ve güçlü sertliği birleştirerek birçok formülde üstün çizik direnci, parlaklık kontrolü, mat etkiler ve yağlama sağlar.  \n\nPlastik ve PVC/CPVC işleme süreçlerinde, FT wax etkin bir iç ve dış lubrican ve işleme yardımcıdır; erime viskozitesini azaltır, akışkanlığı artırır ve kalıp çıkarma ile boyutsal stabiliteyi iyileştirir. Sıcak eritmeli ve basınç duyarlı yapıştırıcılar, baskı mürekkepleri ve endüstriyel kaplamalarda sıkça kullanılır; sertliği, aşınma ve çizilme direncini, yapışma engelleyiciliği ve çökelmeyi önlerken viskoziteyi stabilize eder. Ek temel uygulamalar arasında bitüm ve asfalt modifikasyonu, masterbatch ve polimer karıştırma, kauçuk işleme, cilalar, tekstil ve hatta kozmetik formülasyonları bulunur; buradaki FT wax, kontrollü kristallendirme sağlar, aşınma ve kırışıklık direncini artırır ve pürüzsüz bir dokunuş sunar.', '2026-02-11 17:44:33', '2026-02-11 17:44:33'),
(28, 'prod-pfad', 'PFAD (Palm Yağı Asid Distilası)', 'PFAD, palm yağı rafine edilmesinin bir yan ürünüdür; sabun üretimi, hayvan yemi ve biyoyakıt üretiminde kullanılır.', 'Palm Yağı Yağı Distilatı (PFAD), palm yağı rafineleme sürecinin bir yan ürünü olup, ham palm yağı’nın damıtılmasıyla safsızlıkların giderilmesi ve daha yüksek saflık seviyesine ulaşılmasıyla elde edilir. PFAD, karakteristik bir kokuya sahip kahverengimsi sarı bir sıvıdır. Doymuş ve doymamış yağ asitlerinin karışımını içerir; baskın yağ asitleri laurik asit, miristik asit ve palmitik asittir. PFAD, sabun imalatı, hayvan yemi ve biyodizel üretiminde kullanılmaktadır.', '2026-02-11 17:26:43', '2026-02-11 17:26:43'),
(29, 'prod-pkfad', 'Palm Kernel Yağ Asidi Distilat (PKFAD)', 'PKFAD, palm çekirdeği yağı rafine edilmesi sırasında ortaya çıkan bir yan ürün olup, laurik asit açısından zengindir ve sabun ile oleokimya endüstrilerinde kullanılır.', 'Palmiye Çekirdeği Yağı Asit Distilat (PKFAD), palmiye çekirdeği yağı rafine edilirken elde edilen bir yan ürünüdür. Laurik asit de dahil olmak üzere çeşitli yağ asitleri açısından zengindir ve bu nedenle belirli endüstriyel uygulamalarda değerlidir. PKFAD, sabun üretimi, biyoyakıt üretimi ve oleokimya endüstrisinde ana hammadde olarak kullanılır.', '2026-02-11 17:40:23', '2026-02-11 17:40:23'),
(30, 'prod-polyethylene-wax', 'Polietilen Mum (PE mum)', 'Düşük moleküler ağırlıklı polietilen, plastikler, kaplamalar, mürekkepler ve yapıştırıcılar gibi alanlarda yüksek performanslı bir yağlayıcı ve işleme yardımcı maddesi olarak kullanılır; akışkanlığı, yüzey kayganlığını ve çizilme direncini artırır.', 'Polyethylene wax, ince taneli, yüksek erime noktası olan sentetik bir wax olup, düşük viskozite, mükemmel termal stabilite ve PVC, PE, PP ve EVA gibi yaygın polimerlerle güçlü uyumluluk sağlar. İç ve dış yağlama sağlar, eriyik viskozitesini ve sürtünmeyi azaltır, kalıp çıkarmayı kolaylaştırır ve pürüzsüz, parlak ve çizilmeye dayanıklı yüzeyler oluşturur.\n​\n\nAna uygulamaları arasında plastikler ve masterbatch işlemesi bulunur; burada PE wax ekstrüzyon ve enjeksiyon kalıplama verimliliğini artırır, makara birikimini önler ve pigmentler ile dolgu maddelerinin dağılımını iyileştirir. Ayrıca, sıcak eriyik ve basınç duyarlı yapıştırıcılarda, mürekkep ve toz kaplamalarda eriyik viskozitesini kontrol etmek, kohezyonu ve dayanıklılığı artırmak ve açık ve sertleşme sürelerini optimize etmek amacıyla kullanılır. Ek olarak, asfalt ve yol çizgi boyaları, ahşap-plastik kompozitler, kauçuk katkıları, kablo bileşikleri ve poliş ve pastil gibi formüle edilmiş wax ürünlerinde kullanılır; bu ürünlerde yumuşama noktası, sertlik ve suya dayanıklılığı artırır.', '2026-02-11 17:42:46', '2026-02-11 17:42:46'),
(31, 'prod-rapeseed-oil', 'Kanzola Yağı', 'İngiltere çiftliklerinden soğuk sıkım ve rafine kanola yağı', 'İngiltere çiftliklerinden elde edilen soğuk sıkım ve rafine kanola yağı. Pişirme, fırınlama ve salata sosları için ideal. Doymuş yağ oranı düşük ve omega-3 açısından zengindir.', '2026-02-11 17:34:23', '2026-02-11 17:34:23'),
(32, 'prod-rapeseed-wax', 'Kanola Balmumu', 'Karanfildiği yağı doğal bitkisel bir balmumu olup, mum yapımı ve kozmetikte çevre dostu bir alternatif olarak kullanılır.', 'Kanola yağı madesinden elde edilen doğal bitkisel bir mum olan rapeseed (kanola) mumu, genellikle geleneksel paraffin mumu yerine çevre dostu bir alternatif olarak kullanılır. Temiz ve yavaş yanma sağlar ve iyi koku tutuşu sunar. Rapeseed mumu sıkça mum üretiminde ve lip balm, losyon ve kremler gibi doğal kozmetiklerin formülasyonunda kullanılır ve nemlendirici özellikler sağlar.', '2026-02-11 17:24:30', '2026-02-11 17:24:30'),
(33, 'prod-soap-noodles', 'Sabun Noodles', 'Sabun eriştesi, sabun üretimi için temel hammadde olup, bitkisel yağların ve yağların saponifikasyonu yoluyla üretilir.', 'Sabun eriştesi, diğer adıyla sabun granülleri, sabun üretiminde kullanılan temel ham maddelerden biridir. Bitkisel yağlar ve yağların sodyum hidroksit (kostik soda) ile saponifikasyonu yoluyla üretilirler. Sabun eriştesi genellikle hafif ve nötr bir aromaya sahip, katı beyaz veya krem rengi parçalar veya taneler şeklindedir. Saf ve kirpusuz olup, temizleme ve emülsifleştirme özelliklerine katkıda bulunan yüksek miktarda yağ asidi içerirler.', '2026-02-11 17:41:09', '2026-02-11 17:41:09'),
(34, 'prod-soy-wax', 'Pişmiş Balmumu', 'Soja mumu, soya fasulyesi yağından yapılan yenilenebilir bir bitkisel mumdur ve çevre dostu mum yapımında popülerdir.', 'Soya mumu, soya fasulyesi yağından elde edilen bir bitkisel mum türüdür. Geleneksel petrol bazlı paraffin mumunun popüler bir alternatifi olarak tercih edilir. Soya mumu, yenilenebilir, biyobozunur ve çevre dostu bir seçenek olarak kabul edilir. Soya fasulyesi yağı hidrojenleşerek katı hale getirilir ve bu form, mum yapımına uygun hale gelir. Genellikle ölçülebilir ve kolayca eritilebilen pul şeklinde gelir.', '2026-02-11 17:17:46', '2026-02-11 17:17:46'),
(35, 'prod-soybean-oil', 'Soya Fasulyesi Yağı', 'Endüstriyel ve mutfak amaçlı yüksek kaliteli soya fasulyesi yağı', 'Köri yağı, soya fasulyelerinden elde edilen çok yönlü bir bitkisel yağdır ve nötr aroması ile yüksek duman noktası sayesinde kızartma, fırınlama ve salata sosları için yaygın olarak kullanılır.  \nOmega‑3 ve omega‑6 yağ asitleri de dahil olmak üzere çoklu doymamış yağlar bakımından zengindir ve K vitamini ile E vitamini sağlar.  \nDerin kızartma, margarin üretimi ve endüstriyel gıda uygulamaları için mükemmeldir. Premium standartlara göre rafine edilmiş ve deodorize edilmiştir.', '2026-02-11 17:29:21', '2026-02-11 17:29:21'),
(36, 'prod-sunflower-oil', 'Ayçiçek Yağı', 'Yemek pişirme ve gıda işleme için premium rafine ayçiçek yağı', 'Premium rafine edilmiş ayçiçek yağımız, pişirme, kızartma ve gıda işleme uygulamaları için mükemmeldir. Kaliteli ayçiçeği tohumlarından temin edilmiş ve en yüksek standartlara göre rafine edilmiştir.', '2026-02-09 03:21:58', '2026-02-11 17:22:29');

--
-- Dumping data for table `products_vi`
--

INSERT INTO `products_vi` (`id`, `master_id`, `name`, `description`, `full_description`, `created_at`, `updated_at`) VALUES
(1, 'bdf424df-f9b0-4a79-84d6-f6ed1eb1e84f', 'Dầu cọ Palm Olein', 'Dầu cọ olein là phần lỏng của dầu cọ tinh chế, được coi là dầu chiên và nấu ăn ổn định, mang lại vị trung tính, tuổi thọ chiên lâu và kết cấu giòn cho các loại snack, đồ ăn nhanh và ứng dụng trong gia đình.', 'Palm olein được sản xuất bằng quá trình phân đoạn dầu cọ đã qua tinh chế, tẩy trắng và deodorized (RBD), để thu được một dạng lỏng trong suốt giàu axit oleic và palmitic, mang lại hồ sơ axit béo cân đối cùng khả năng chống ô-xi hóa tự nhiên tốt. Điểm cháy cao, khả năng chống ô-xi hóa và hình thành phân tử polyme, cũng như xu hướng thấp gây mùi lạ, cho phép lặp lại các chu trình chiên với giảm sự phân hủy dầu, ít bọt hơn và kéo dài hạn sử dụng của thành phẩm.\n​\nTrong ứng dụng thực phẩm, palm olein được sử dụng rộng rãi như một dầu chiên sâu cho các món ăn nhẹ, khoai tây chiên, gà chiên, mì ăn liền, thực phẩm đông lạnh đã qua chiên sơ và dầu nấu ăn gia dụng đa năng trong nhiều thị trường nhiệt đới. Nó cũng là dầu nền trong các hỗn hợp với đậu nành, hướng dương hoặc các loại dầu thực vật khác để đạt được hồ sơ dinh dưỡng và chức năng tùy chỉnh, và được sử dụng trong margarine, chất béo bánh mì, và các hệ thống chiên trong dịch vụ ẩm thực, nơi hiệu suất ổn định và hương vị sạch là điều kiện tiên quyết.', '2026-02-11 17:15:29', '2026-02-11 17:15:29'),
(2, 'prod-beeswax', 'Sáp ong', 'Sáp ong tinh khiết tự nhiên dùng để làm mỹ phẩm và nến', 'Sáp ong tự nhiên thuần khiết được lấy từ những người nuôi ong đạo đức. Hoàn hảo cho mỹ phẩm, làm nến và ứng dụng trong thực phẩm. Có sẵn nhiều loại cấp độ khác nhau.', '2026-02-11 17:29:58', '2026-02-11 17:29:58'),
(3, 'prod-bw101-palm-wax', 'Dầu cọ', 'đáo 100% sáp palm cao cấp có màu vàng kem, lý tưởng cho làm nến. Được chứng nhận RSPO SG (Phân loại riêng) / MB (Cân bằng khối lượng).', 'Sáp đu đủ 100% cao cấp với màu vàng kem đẹp mắt. Được chứng nhận RSPO MB về tính bền vững. Thích hợp để làm nến, đổ khuôn và nến đựng trong hộp.', '2026-02-11 17:45:36', '2026-02-11 17:45:36'),
(4, 'prod-bw105-palm-wax', 'Dầu Shortening lòng bàn tay (Điểm nóng chảy thấp)', 'Dầu cọ rút ngắn là một loại mỡ bán rắn, không hydro hóa, được chiết xuất từ dầu cọ đã phân đoạn, mang lại độ ổn định vượt trội và hương vị trung tính.', 'Dầu mỡ cọ Palm là một loại mỡ bán rắn, không hydrogen hóa, được chiết xuất từ dầu cọ tách thành phần, mang lại độ ổn định vượt trội và vị trung tính.\nHoàn hảo cho các ứng dụng làm bánh — tạo ra bánh pastry xốp layers, bánh mềm mại, và các món chiên giòn với điểm bắt lửa cao.\nLựa chọn kinh tế, chống oxy hóa thay thế bơ hoặc mỡ heo trong ngành làm bánh công nghiệp.', '2026-02-11 17:31:21', '2026-02-11 17:31:21'),
(5, 'prod-bw10510-blended-wax', 'Sáp nến pha trộn giữa dầu cọ và paraffin cho nến lọ', 'Hỗn hợp Nến Jar Low MP đã sẵn sàng sử dụng: Palm-Paraffin-Microcrystalline với Polyboost™, Vybar®, chất ổn định UV—Chỉ cần thêm màu sắc và hương liệu để độ gắn bó và phát tỏa tối ưu trên thủy tinh.', 'Hỗn hợp nến lọ Bio Green Wax có điểm tan thấp (48-50°C) và (50-52°C)—hàm lượng Palm-Paraffin-Microcrystalline tối ưu hóa cho các loại chai lọ thủy tinh. Sẵn sàng sử dụng: chỉ cần thêm màu sắc và hương thơm. Công thức chứa Polyboost/Vybar để tạo độ đục/đăng kết dính, các chất ổn định tia UV/chống oxi hóa để kéo dài tuổi thọ, cùng các chất giữ hương mang lại khả năng phát tỏa tuyệt vời khi nóng/lạnh, cháy không bị nhăn, và giữ tốt trong lọ cho nến container cao cấp.', '2026-02-11 17:37:27', '2026-02-11 17:37:27'),
(6, 'prod-bw10555-blended-wax', 'Hợp chất sáp chay dựa trên đậu nành', 'Hỗn hợp đậu nành thuần chay Ready-to-use 95% từ Bio Green Wax—hoàn toàn từ thực vật cho nến Jar (48-52°C) & Pillar (56-62°C). Chỉ cần thêm màu sắc và hương liệu.', 'Hợp chất sáp đậu nành thuần chay Bio Green Wax 95% (5% phụ gia thực vật) mang lại đốt sạch, hiệu suất tự nhiên cho lọ thủy tinh và cột đứng tự do. Có sẵn với điểm nung chảy thấp (48-52°C) dành cho lọ đựng và điểm nung chảy cao (56-62°C) dành cho cột. Sẵn sàng sử dụng: chỉ cần thêm màu sắc và hương liệu của bạn để đạt hiệu quả lan tỏa tốt và bề mặt mịn màng.', '2026-02-11 17:32:07', '2026-02-11 17:32:07'),
(7, 'prod-bw10610-blended-wax', 'dầu paraffin pha trộn với dầu cọ cho nến cột', 'Hỗn hợp Nến Trụ Cao Cấp Sẵn (56-58°C & 58-60°C): Palm-Paraffin-Microcrystalline với Polyboost™, Vybar®, chất ổn định UV—chỉ cần thêm màu sắc & mùi hương để đạt hiệu suất nến trụ vượt trội.', 'Hợp chất nến cột Bio Green wax có điểm chảy cao (56-58°C & 58-60°C)—các công thức Palm-Paraffin-Microcrystalline được thiết kế dành cho nến cột tự đứng. Sẵn sàng sử dụng: chỉ cần thêm màu sắc và hương thơm. Được tối ưu hóa với Polyboost/Vybar để dễ tháo khuôn và độ đục, chất ổn định tia UV/chống oxy hóa để kéo dài hạn sử dụng, cùng với các chất giữ hương giúp mang lại khả năng phát sáng vượt trội khi nóng/lạnh, giữ hình dạng nến cột lý tưởng và đốt sạch.', '2026-02-11 17:38:15', '2026-02-11 17:38:15'),
(8, 'prod-bw10655-blended-wax', 'Hỗn hợp sáp ong, sáp parafin và sáp paraffin', 'Hỗn hợp Dầu đậu nành - Sáp ong - Paraffin sẵn sàng sử dụng từ Bio Green Wax—hương thơm mạnh mẽ tối đa cho nến Jar (48-52°C) & nến Pillar (56-62°C). Chỉ cần thêm hương và màu.', 'Hỗn hợp sáp đậu nành, sáp ong và paraffin của Bio Green Wax kết hợp sự mịn màng tự nhiên của đậu nành, độ ổn định của sáp ong và khả năng tạo mùi thơm mạnh mẽ của paraffin để mang lại hiệu suất hương thơm vô song. Điểm melting thấp (48-52°C) phù hợp dùng trong các lọ thủy tinh; điểm melting cao (56-62°C) lý tưởng cho cột nến. Công thức đã chuẩn bị sẵn—chỉ cần thêm hương và màu để đạt hiệu quả tỏa hương nóng/lạnh vượt trội và hoàn thiện nến hoàn mỹ.', '2026-02-11 17:33:00', '2026-02-11 17:33:00'),
(9, 'prod-bw8307-blended-wax', 'Hợp chất sáp Dừa-Hạnh nhân', 'Hỗn hợp Dừa-Hạt cải Ready-to-use từ Bio Green Wax—hiệu suất tự nhiên kem mịn cho nến Jar (48-52°C) và nến Pillar (56-62°C). Chỉ cần thêm màu sắc và hương thơm.', 'Hợp chất dầu dừa và hạt cải của Bio Green Wax kết hợp kết cấu mượt mà của sáp dừa và khả năng cháy êm dịu của sáp hạt cải để tạo ra hiệu suất đèn nến tự nhiên xuất sắc. điểm nung chảy thấp (48-52°C) tối ưu cho nến đựng; điểm nung chảy cao (56-62°C) dành cho nến cột. Hoàn toàn sẵn sàng sử dụng — chỉ cần thêm màu sắc và hương thơm yêu thích của bạn để đạt được kết quả chuyên nghiệp, cháy sạch.', '2026-02-11 17:33:49', '2026-02-11 17:33:49'),
(10, 'prod-carnauba-wax', 'Sáp Carnauba', 'Sáp carnauba Brazil cao cấp cho lớp đánh bóng và lớp phủ', 'Sáp carnauba Brazil cao cấp, được gọi là \"Nữ hoàng của các loại sáp\". Lý tưởng cho việc đánh bóng xe hơi, mỹ phẩm và lớp phủ thực phẩm. Nhiệt độ nóng chảy tự nhiên cao nhất.', '2026-02-11 17:30:35', '2026-02-11 17:30:35'),
(11, 'prod-castor-oil', 'Dầu thầu dầu', 'Dầu thầu dầu ép lạnh cao cấp chiết xuất từ hạt Ricinus communis, được sử dụng rộng rãi trong lĩnh vực dược phẩm, mỹ phẩm và các ứng dụng công nghiệp.', 'Bio Green Wax cung cấp dầu thầu dầu chất lượng cao, một loại dầu thực vật đa dụng được chiết xuất bằng cách ép hạt của cây thầu dầu (Ricinus communis). Được biết đến với thành phần hóa học độc đáo giàu axit ricinoleic (khoảng 85–90%), dầu thầu dầu thể hiện khả năng đặc biệt về độ nhớt, độ bôi trơn và khả năng giữ ẩm, khiến nó trở nên vô giá trong nhiều ngành công nghiệp khác nhau.\n\nDầu thầu dầu của chúng tôi được cung cấp và chế biến cẩn thận để đáp ứng tiêu chuẩn cao về độ tinh khiết và tính nhất quán. Nó có sẵn ở dạng ép lạnh (nguyên chất) và tinh chế, phù hợp cho các ứng dụng trong dược phẩm, mỹ phẩm và công nghiệp. Sự ổn định đáng kinh ngạc và khả năng hòa tan trong cồn của dầu làm nó nổi bật so với các loại dầu thực vật khác, biến nó thành thành phần ưa thích trong các công thức yêu cầu hiệu suất vượt trội.\n\nDầu thầu dầu tự nhiên phân hủy sinh học và được chiết xuất từ các nguyên liệu tái tạo, phù hợp với cam kết của Bio Green Wax về nguồn cung bền vững và có trách nhiệm với môi trường.', '2026-02-11 17:16:27', '2026-02-11 17:16:27'),
(12, 'prod-coconut-oil', 'Dầu Dừa', 'Dầu dừa tinh khiết và đã qua tinh chế dùng cho thực phẩm và mỹ phẩm', 'Dầu dừa nguyên chất cao cấp và tinh chế phù hợp cho nấu ăn, làm bánh và các công dụng làm đẹp. Có sẵn nhiều cấp độ khác nhau để đáp ứng yêu cầu cụ thể của bạn.', '2026-02-09 02:59:00', '2026-02-11 17:17:08'),
(13, 'prod-coconut-wax', 'Sáp dừa', 'Nến sáp dừa là loại sáp tự nhiên được chiết xuất từ dầu dừa, nổi bật với khả năng cháy sạch và ứng dụng thân thiện với môi trường.', 'Sáp dừa là một loại sáp tự nhiên được chiết xuất từ dầu dừa, nổi bật với khả năng cháy sạch và cháy chậm trong tạo hình nến. Nó thường được xem là một lựa chọn bền vững thay thế cho các loại sáp khác. Sáp dừa được đánh giá cao nhờ đặc tính thân thiện với môi trường và khả năng giữ hương tốt. Được chiết xuất từ nguồn nguyên liệu tự nhiên và tái tạo được, sáp dừa mang lại hiệu quả cháy sạch, chậm, giúp nến bền lâu và hoạt động hiệu quả hơn.', '2026-02-11 17:25:59', '2026-02-11 17:25:59'),
(14, 'prod-fr5456-paraffin-wax', 'Sáp parafin bán tinh chế (50-68°C)', 'Dầu Paraffin Bio Green Wax Semi Refined (50-68°C)—chi phí hiệu quả với hàm lượng dầu từ 1-5% cho nến, cao su, dệt may và các ứng dụng công nghiệp quy mô lớn.', 'Parafin bán tinh chế của Bio Green Wax (50-68°C) mang lại hiệu suất kinh tế với hàm lượng dầu kiểm soát (1-5%) để điều chỉnh độ cứng linh hoạt. Các loại tiêu chuẩn: 52/54°C (tự nến), 56/58°C (tường), 60/62°C (công nghiệp). Hoàn hảo cho sản xuất nến tiết kiệm chi phí, phụ gia xử lý cao su, hoàn thiện dệt may và lớp phủ đóng gói số lượng lớn, nơi hiệu suất cân bằng và giá cả là yếu tố hàng đầu.', '2026-02-11 17:23:52', '2026-02-11 17:23:52'),
(15, 'prod-glycerine', 'Glycerine', 'Glycerine là một chất lỏng không màu, không mùi, có độ nhớt cao, được sử dụng rộng rãi trong ngành dược phẩm, mỹ phẩm và thực phẩm.', 'Glycerine, còn được gọi là glycerol hoặc glycerin, là một chất lỏng trong suốt, không màu, không mùi và có độ nhớt cao với vị ngọt. Đây là một chất lỏng rõ, giống như si-rúp, thường trong suốt, mặc dù có thể có chút tinge vàng nhạt. Glycerine có độ nhớt cao, nghĩa là nó chảy chậm và khá dày. Nó có kết cấu giống như si-rúp, góp phần vào khả năng giữ ẩm của nó. Glycerine được sử dụng phổ biến trong ngành dược phẩm, mỹ phẩm, chế biến thực phẩm và nhiều ứng dụng công nghiệp khác.', '2026-02-11 17:19:55', '2026-02-11 17:19:55'),
(16, 'prod-hydrogenated-castor-oil', 'Dầu Cọ Hydrogen hóa', 'Dầu thầu dầu hydrogen hóa là một dạng rắn sáp của dầu thầu dầu, được sử dụng trong mỹ phẩm, dược phẩm và các ứng dụng công nghiệp.', 'Dầu thầu dầu hydro hóa, còn gọi là sáp thầu dầu hoặc lát sáp thầu dầu, là một dẫn xuất của dầu thầu dầu trải qua quá trình hydrogen hóa. Quá trình này bao gồm việc thêm hydro vào các phân tử dầu thầu dầu, tạo thành một chất rắn, có dạng sáp. Nó được sử dụng trong các sản phẩm mỹ phẩm và chăm sóc cá nhân như son môi, kem và lotion như một chất làm mềm để cung cấp độ mịn màng và độ ẩm cho da. Nó cũng đóng vai trò như một chất kết dính trong các công thức mỹ phẩm, giúp các thành phần bám dính và dính chặt vào da.', '2026-02-11 17:25:17', '2026-02-11 17:25:17'),
(17, 'prod-microcrystalline-wax', 'Sáp vi tinh thể', 'Sáp vi tinh thể linh hoạt cho mỹ phẩm và chất kết dính', 'Sáp microcrystalline linh hoạt lý tưởng cho mỹ phẩm, keo nóng chảy và lớp phủ đặc biệt. Đặc tính linh hoạt và khả năng kết dính vượt trội.', '2026-02-11 17:23:08', '2026-02-11 17:23:08'),
(18, 'prod-olive-oil', 'Dầu ô liu', 'Dầu ô liu nguyên chất cao cấp, ép lạnh từ những quả ô liu chọn lọc từ Địa Trung Hải, dùng trong ẩm thực, làm đẹp và công nghiệp.', 'Dầu ô liu nguyên chất cao cấp của chúng tôi được ép lạnh từ những quả ô liu Địa Trung Hải được chọn lọc kỹ lưỡng, mang lại chất lượng xuất sắc và hương vị đậm đà. Được sử dụng rộng rãi trong chế biến thực phẩm, mỹ phẩm, dược phẩm và các sản phẩm chăm sóc cá nhân, dầu ô liu được đánh giá cao về lợi ích sức khỏe, đặc tính chống oxy hóa và ứng dụng đa dạng. Bio Green Wax cung cấp dầu ô liu đáp ứng các tiêu chuẩn chất lượng quốc tế nghiêm ngặt, đảm bảo độ tinh khiết và hiệu suất ổn định trong mọi ứng dụng.', '2026-02-11 17:41:55', '2026-02-11 17:41:55'),
(19, 'prod-palm-kernel-oil', 'Dầu Cọ Nhân', 'Dầu cọ thấm xuất từ hạt của quả cây cọ dầu, được sử dụng trong các sản phẩm thực phẩm, mỹ phẩm và ứng dụng công nghiệp.', 'Dầu cọ thô được chiết xuất từ lõi của quả cọ dầu và có đặc tính vật lý riêng biệt. Thường có màu vàng nhạt đến trắng khi ở nhiệt độ phòng, nhưng sẽ chảy thành dạng lỏng trong suốt, có màu vàng nhạt khi được nung nóng. Nhiệt độ melting của nó dao động từ 23 đến 28 độ Celsius (73 đến 82 độ Fahrenheit). Dầu cọ thô giàu axit Lauric và được sử dụng rộng rãi trong sản xuất thực phẩm, mỹ phẩm và sản xuất xà phòng.', '2026-02-11 17:21:46', '2026-02-11 17:21:46'),
(20, 'prod-palm-kernel-olein', 'Dầu cọ dầu hạt', 'Dầu cọ dầu thô tinh luyện cao cấp, phần lỏng thu được từ quá trình phân đoạn dầu cọ, được đánh giá cao về độ trong suốt tuyệt vời, điểm mù thấp và đa dụng trong ngành thực phẩm, chăm sóc cá nhân và ngành công nghiệp oleochemical.', 'Bio Green Wax cung cấp palm kernel olein (PKOo) chất lượng cao, phần lỏng được sản xuất thông qua quá trình phân đoạn kiểm soát của dầu cám lồng đã tinh chế. Khi dầu cám lồng được làm nguội dưới điều kiện chính xác, nó tách thành phần rắn (palm kernel stearin) và phần lỏng (palm kernel olein). Olein thu được là một loại dầu trong suốt, có màu sáng, điểm melting thấp và khả năng chảy tốt.\n\nPalm kernel olein giàu axit lauric (C12) và axit béo trung (capric/caprylic), mang lại độ trong suốt xuất sắc, khả năng hấp thụ nhanh và cảm giác nhẹ, không nhờn rít. Những đặc tính này làm cho nó trở thành một nguyên liệu rất được ưa chuộng trong ngành thực phẩm như dầu nấu ăn, chất trung gian chiên, và thành phần trong kem không sữa, kem (ice cream), và các loại sữa chứa nhân.\n\nTrong lĩnh vực chăm sóc cá nhân và mỹ phẩm, palm kernel olein được sử dụng rộng rãi như một loại dầu nền trong các loại lotion, kem dưỡng, dầu gội và xà phòng lỏng nhờ đặc tính dưỡng ẩm tuyệt vời và khả năng tương thích tốt với da. Nó cũng là nguyên liệu chính trong sản xuất oleochemical, tạo ra axit béo, methyl esters, và surfactant dùng trong chất tẩy rửa và các sản phẩm làm sạch.\n\nBio Green Wax lấy nguồn palm kernel olein từ các chuỗi cung ứng đã được chứng nhận RSPO, đảm bảo đầy đủ khả năng truy xuất nguồn gốc và phù hợp với cam kết phát triển bền vững của ngành dầu cọ. Sản phẩm có dạng tinh chế, tẩy trắng và khử mùi (RBD), đáp ứng tiêu chuẩn chất lượng quốc tế nghiêm ngặt.', '2026-02-11 17:46:32', '2026-02-11 17:46:32'),
(21, 'prod-palm-kernel-stearin', 'Chất béo Stearin hạt thâm nhiên', 'Chất béo palm kernel stearin chất lượng cao, phần rắn thu được từ quá trình phân đoạn của dầu cọ, được ưa chuộng nhờ đặc tính tan chảy nhanh và độ cứng vượt trội trong các ngành công nghiệp kẹo ngọt, mỹ phẩm và oleochemical.', 'Bio Green Wax cung cấp cao cấp palm kernel stearin (PKS), phần rắn có điểm melting cao hơn được sản xuất thông qua quá trình phân đoạn kiểm soát của dầu cọ đã qua tinh chế. Trong quá trình phân đoạn, dầu cọ được tách thành hai thành phần: palm kernel olein (phần lỏng) và palm kernel stearin (phần rắn). Stearin thu được là mỡ màu trắng đến trắng nhạt với điểm melting đặc trưng cao và kết cấu cứng chắc.\n\nPalm kernel stearin chứa nhiều axit lauric (C12) và axit myristic (C14), mang đến độ cứng tuyệt vời, khả năng kết tinh nhanh và hồ sơ tan chảy sạch sẽ. Những đặc tính này khiến nó trở thành thành phần lý tưởng cho các chất thay thế bơ ca cao (CBS), lớp phủ sô cô la hợp chất, nhân kẹo, và các chất béo đặc biệt yêu cầu độ giòn và độ bóng cao.\n\nNgoài ứng dụng trong thực phẩm, palm kernel stearin còn là nguyên liệu quý trong ngành oleochemical để sản xuất axit béo, cồn béo, noodle xà phòng, và surfactant. Trong lĩnh vực chăm sóc cá nhân và mỹ phẩm, nó góp phần cung cấp thể tích và cấu trúc cho kem, lotion và các dạng đặc rắn.\n\nBio Green Wax lấy nguồn palm kernel stearin từ các chuỗi cung ứng đạt chứng nhận RSPO, đảm bảo truy xuất nguồn gốc rõ ràng và tuân thủ cam kết phát triển bền vững của ngành dầu cọ. Sản phẩm có sẵn ở dạng tinh chế, tẩy trắng và khử mùi (RBD), đáp ứng các tiêu chuẩn chất lượng quốc tế cho mục đích thực phẩm và kỹ thuật.', '2026-02-11 17:20:54', '2026-02-11 17:20:54'),
(22, 'prod-palm-oil', 'Dầu cọ', 'Dầu cọ và các dẫn xuất của dầu cọ được lấy nguồn bền vững', 'Dầu cọ và các dẫn xuất từ cọ được khai thác bền vững cho sản xuất thực phẩm, sản xuất xà phòng và chất tẩy rửa. Các tùy chọn đạt chứng nhận RSPO có sẵn.', '2026-02-09 03:17:00', '2026-02-11 17:28:44'),
(23, 'prod-palm-shortenings', 'Dầu cọ chiên rán (điểm nhiệt cao)', 'Chất béo shortening từ mỡ cọ có điểm nóng chảy cao (46–52 °C) là loại mỡ đặc biệt dùng trong làm bánh và chiên, được làm từ dầu cọ tinh chế phân đoạn, nhằm mang lại cấu trúc vững chắc, hương vị tinh khiết và khả năng chịu nhiệt xuất sắc trong các ứng dụng công nghiệp đòi hỏi cao.', 'Các chất béo shortening từ dầu cọ có điểm nóng chảy cao trong khoảng 46–52 °C được pha chế từ phần dầu cọ stearin và các trung phân đoạn để cung cấp hàm lượng chất rắn cao, kết cấu chắc chắn và mạng tinh thể ổn định ở nhiệt độ môi trường và nhiệt độ cao hơn. Khoảng điểm nóng chảy cao hơn này mang lại khả năng chịu nhiệt tốt hơn, độ ổn định oxy hóa cao và giảm hiện tượng chảy dầu, khiến chúng phù hợp cho khí hậu nhiệt đới và các dây chuyền chế biến ở nhiệt độ cao.\n\nTrong các ứng dụng làm bánh, các shortening này tạo độ xốp tốt, khả năng cuốn bánh và độ giòn, hỗ trợ vỏ bánh tart xốp, bánh puff, bánh quy kem, bánh cookies và biscuits giữ hình dáng và độ giòn ngay cả trong điều kiện ấm. Chúng cũng được sử dụng như các chất béo dùng để chiên và làm bánh dẹt mạnh mẽ, cũng như thay thế mỡ động vật trong các sản phẩm thịt, nơi cấu trúc chắc chắn, độ ổn định của emulsions và đặc tính không trans, không hydro hóa giúp đạt được kết cấu đồng nhất, hương vị rõ ràng, và các công thức thân thiện với nhãn mác.', '2026-02-11 17:28:01', '2026-02-11 17:28:01'),
(24, 'prod-palm-stearic-acid', 'Axit stearic cầu chì', 'Axit stearic palm là một axit béo no xuất phát từ dầu cọ, được sử dụng trong mỹ phẩm, nến và sản xuất cao su.', 'Axit stearic palm là một loại axit béo xuất phát từ dầu cọ, được thu được qua quá trình tách biệt và kết tinh các axit béo. Đây là loại axit béo no, nổi bật với độ ổn định và dạng rắn ở nhiệt độ phòng. Axit stearic palm có ngoại hình dạng sáp, từ màu trắng đến hơi vàng. Nhiệt độ melting point của nó thường nằm trong khoảng 55-70 độ Celsius (131-158 độ Fahrenheit), giúp dễ dàng tích hợp vào nhiều công thức khác nhau cho mỹ phẩm, nến và sản phẩm cao su.', '2026-02-11 17:39:42', '2026-02-11 17:39:42'),
(25, 'prod-palm-stearin', 'Dầu béo Palm Stearin', 'Palm stearin là phần rắn của dầu cọ, thường được sử dụng trong sản xuất thực phẩm, sản xuất nến và làm xà phòng.', 'Palm stearin là một phân đoạn rắn của dầu cọ thu được qua quá trình phân đoạn, nổi tiếng với hàm lượng axit béo bão hòa cao. Nó là một chất béo rắn ở nhiệt độ phòng, có màu kem trắng đến vàng nhạt và kết cấu mịn, sáp. Palm stearin có điểm melting cao hơn so với dầu cọ. Nó thường được sử dụng trong ngành công nghiệp thực phẩm để ổn định chất béo, sản xuất margarine, cũng như trong sản xuất nến và xà phòng.', '2026-02-11 17:39:00', '2026-02-11 17:39:00'),
(26, 'prod-paraffin-wax', 'Khuôn Nến Paraffin Tinh Chế Hoàn Toàn (50-68°C)', 'Dầu Paraffin Tinh Khiết Hoàn Toàn Bio Green Wax (50-68°C)—chất lượng thực phẩm/ dược phẩm, dầu <0.5%, độ cứng vượt trội. Hoàn hảo cho nến, mỹ phẩm, đóng gói và các ứng dụng công nghiệp chính xác.', 'Hợp chất sáp paraffin tinh chế hoàn toàn của Bio Green Wax (điểm melt từ 50-68°C) có hàm lượng dầu siêu thấp (<0.5%), độ cứng vượt trội, mùi vị và màu sắc trung tính. Có sẵn các loại phù hợp làm nến (52/54°C, 56/58°C), các loại phù hợp lọ đóng hộp (50/52°C), và các loại sáp tạo hình cột nhiệt độ cao (64/66°C). Lý tưởng cho nến cao cấp, mỹ phẩm, lớp phủ đóng gói thực phẩm và đúc chính xác yêu cầu độ tinh khiết tối đa và độ ổn định hiệu suất.', '2026-02-11 17:43:39', '2026-02-11 17:43:39'),
(27, 'prod-pf56-synthetic-wax', 'Sáp Fischer-Tropsch (FT)', 'Sáp Fischer‑Tropsch (FT) là loại sáp paraffin tổng hợp chất lượng cao, được sản xuất từ syngas, mang đặc điểm nhiệt độ nung chảy cao, độ nhớt thấp và độ cứng tuyệt vời phù hợp cho các ứng dụng đòi hỏi khắt khe trong lĩnh vực nhựa, sơn phủ, mực in, keo và xử lý bitumen', 'FT wax được tạo ra qua quá trình tổng hợp Fischer‑Tropsch, mang lại một loại sáp trong, cực kỳ tinh khiết, có phân bố chuỗi carbon hẹp, hàm lượng dầu rất thấp và độ ổn định nhiệt vượt trội. Nó kết hợp điểm mềm cao với độ nhớt chảy thấp và độ cứng mạnh mẽ, mang lại khả năng chống trầy xước vượt trội, kiểm soát độ bóng, hiệu ứng mờ, đồng thời cung cấp khả năng bôi trơn trong nhiều công thức.\n\nTrong quá trình xử lý nhựa và PVC/CPVC, FT wax hoạt động như một chất bôi trơn nội và ngoại hiệu quả cùng với chất trợ xử lý, giảm độ nhớt chảy của màng chảy, cải thiện lưu thông, nâng cao khả năng tháo khuôn và ổn định kích thước. Nó được sử dụng rộng rãi trong keo nóng chảy và keo nhạy áp lực, mực in, sơn công nghiệp để tăng độ cứng, khả năng chống mài mòn và trầy xước, chống dính, và chống lắng tầng trong khi vẫn duy trì ổn định độ nhớt. Các ứng dụng chính khác gồm có sửa đổi bitumen và nhựa asphalt, masterbatch và phối trộn polymer, xử lý cao su, sơn đánh bóng, dệt may, thậm chí cả các công thức mỹ phẩm, nơi FT wax mang lại khả năng kết tinh kiểm soát, tăng khả năng chống mòn và nhăn, cùng cảm giác mượt mà khi chạm.', '2026-02-11 17:44:38', '2026-02-11 17:44:38'),
(28, 'prod-pfad', 'PFAD (Palm Fatty Acid Distillate)', 'PFAD là phụ phẩm của quá trình tinh chế dầu cọ, được sử dụng trong sản xuất xà phòng, thức ăn gia súc và sản xuất nhiên liệu sinh học.', 'Dịch rỉ dầu mỡ cọ (PFAD) là sản phẩm phụ của quá trình tinh chế dầu cọ. Nó được thu được qua quá trình chưng cất dầu cọ thô để loại bỏ tạp chất và đạt được độ tinh khiết cao hơn. PFAD là một chất lỏng màu nâu vàng có mùi đặc trưng. Nó chứa hỗn hợp các loại axit béo no và không no, với các axit béo chủ đạo là axit lauric, axit myristic và axit palmitic. PFAD được sử dụng trong sản xuất xà phòng, thức ăn chăn nuôi và nhiên liệu sinh học.', '2026-02-11 17:26:46', '2026-02-11 17:26:46'),
(29, 'prod-pkfad', 'Chất tóm tắt Axit béo từ hạt cọ (PKFAD)', 'PKFAD là sản phẩm phụ của quá trình tinh chế dầu cám dừa, giàu axit lauric, được sử dụng trong ngành công nghiệp xà phòng và oleochemical.', 'Tinh dầu axit béo vỏ cọ (PKFAD) là sản phẩm phụ thu được trong quá trình tinh luyện dầu cọ. Nó chứa nhiều axit béo, trong đó có axit lauric, làm cho nó có giá trị trong một số ứng dụng công nghiệp nhất định. PKFAD được sử dụng trong nhiều lĩnh vực công nghiệp, bao gồm sản xuất xà phòng, sản xuất nhiên liệu sinh học và làm nguyên liệu thô trong ngành công nghiệp oleochemical.', '2026-02-11 17:40:26', '2026-02-11 17:40:26'),
(30, 'prod-polyethylene-wax', 'Sáp Polyethylene (sáp PE)', 'là một loại polyethylene có trọng lượng phân tử thấp được sử dụng như một chất bôi trơn hiệu suất cao và phụ gia xử lý trong nhựa, lớp phủ, mực in và keo dán, giúp cải thiện dòng chảy, trượt bề mặt và khả năng chống trầy xước.', 'Sáp polyethylene là một loại sáp tổng hợp mịn, có điểm chảy cao, độ nhớt thấp, ổn định nhiệt tuyệt vời và khả năng tương thích mạnh mẽ với các loại polymer phổ biến như PVC, PE, PP, và EVA. Nó cung cấp khả năng bôi trơn bên trong và bên ngoài, giảm độ nhớt của nhựa nóng chảy và ma sát, tăng khả năng dễ tách khuôn, đồng thời mang lại một bề mặt mịn, bóng và chống trầy xước.\n​\n\nCác ứng dụng chính bao gồm xử lý nhựa và masterbatch, nơi sáp PE cải thiện hiệu quả quá trình đùn và ép phun, ngăn chặn tích tụ trong khuôn và cải thiện phân tán pigment và chất độn. Nó cũng được sử dụng trong keo nóng chảy và keo nhạy cảm với áp lực, mực in và phủ bột để kiểm soát độ nhớt chảy, tăng tính kết dính và độ bền, tối ưu thời gian mở và đóng cứng. Các ứng dụng khác gồm có nhựa bitum và sơn vạch đường, composite gỗ- nhựa, pha trộn cao su, hợp chất cáp, và các sản phẩm sáp dạng pha chế như sơn bóng và sáp chì, trong đó nó nâng cao điểm mềm, độ cứng và khả năng chống nước.', '2026-02-11 17:42:49', '2026-02-11 17:42:49'),
(31, 'prod-rapeseed-oil', 'Dầu cật hạch', 'Dầu hạt cải ép lạnh và dầu cải tinh luyện từ các trang trại Vương quốc Anh', 'Dầu đậu cải ép lạnh và tinh chế từ các trang trại ở Vương quốc Anh. Lý tưởng để nấu ăn, quay và trộn salad. Ít chất béo bão hòa và giàu omega-3.', '2026-02-11 17:34:26', '2026-02-11 17:34:26'),
(32, 'prod-rapeseed-wax', 'Sáp Hạt Cải', 'Sáp hoa cải là loại sáp thực vật tự nhiên được sử dụng như một lựa chọn thân thiện với môi trường trong sản xuất nến và mỹ phẩm.', 'Sáp dầu cải là một loại sáp thực vật tự nhiên chiết xuất từ dầu của cây cải dầu, thường được sử dụng như một giải pháp thân thiện với môi trường thay thế cho sáp paraffin truyền thống trong việc làm nến và các ứng dụng khác. Nó cháy sạch và chậm, đồng thời giữ mùi hương tốt. Sáp dầu cải thường được sử dụng trong sản xuất nến và trong công thức của các loại mỹ phẩm tự nhiên như son dưỡng môi, kem dưỡng, và lotion, mang lại khả năng giữ ẩm.', '2026-02-11 17:24:33', '2026-02-11 17:24:33'),
(33, 'prod-soap-noodles', 'Sữa tắm dạng bánh xà phòng', 'Khuôn xà phòng là nguyên liệu chính để sản xuất xà phòng, được tạo ra bằng quá trình xà phòng hóa các loại dầu và mỡ thực vật.', 'Bột xà phòng, còn gọi là hạt xà phòng, là một trong những nguyên liệu chính used trong sản xuất xà phòng. Chúng được sản xuất bằng cách xử lý dầu và mỡ thực vật với sodium hydroxide (nước lau chùi) qua quá trình xà phòng hóa. Bột xà phòng thường là những khối hoặc hạt màu trắng hoặc ngà, có mùi nhẹ và trung tính. Chúng không chứa tạp chất và có hàm lượng axit béo cao, góp phần vào khả năng làm sạch và nhũ hóa của chúng.', '2026-02-11 17:41:11', '2026-02-11 17:41:11'),
(34, 'prod-soy-wax', 'Sáp đậu nành', 'Dầu đậu nành là một loại sáp thực vật tái tạo được làm từ dầu đậu nành, phổ biến trong việc làm nến thân thiện với môi trường.', 'Sáp đậu nành là một loại sáp thực vật được chiết xuất từ dầu đậu nành. Nó là một sự lựa chọn phổ biến thay thế cho sáp paraffin truyền thống, vốn được chiết từ dầu mỏ. Sáp đậu nành được coi là một lựa chọn có thể tái tạo, phân hủy sinh học và thân thiện với môi trường để làm nến. Nó được tạo ra bằng cách hydrogen hóa dầu đậu nành, biến nó thành dạng rắn phù hợp cho việc làm nến. Thường thì nó có dạng dẻo, dễ đo và melting.', '2026-02-11 17:17:49', '2026-02-11 17:17:49'),
(35, 'prod-soybean-oil', 'Dầu đậu nành', 'Dầu đậu nành chất lượng cao cho mục đích công nghiệp và ẩm thực', 'Dầu đậu nành là một loại dầu thực vật đa dụng được chiết xuất từ đậu nành, được sử dụng rộng rãi để chiên, nướng và làm sốt salad nhờ vào vị trung tính và điểm bốc khói cao.\nNó giàu chất béo không bão hòa đa, bao gồm axit béo omega‑3 và omega‑6, và cung cấp vitamin K cùng vitamin E.\nThích hợp để chiên sâu, sản xuất bơ thực vật, và ứng dụng trong công nghiệp thực phẩm. Được tinh chế và khử mùi theo tiêu chuẩn cao cấp.', '2026-02-11 17:29:24', '2026-02-11 17:29:24'),
(36, 'prod-sunflower-oil', 'Dầu Hướng Dương', 'Dầu hướng dương tinh luyện cao cấp dùng để nấu ăn và chế biến thực phẩm', 'Dầu hướng dương tinh luyện cao cấp của chúng tôi hoàn hảo để nấu nướng, chiên và các ứng dụng chế biến thực phẩm. Được lấy từ hạt hướng dương chất lượng cao và tinh chế theo tiêu chuẩn cao nhất.', '2026-02-09 03:22:05', '2026-02-11 17:22:31');

--
-- Dumping data for table `products_zh`
--

INSERT INTO `products_zh` (`id`, `master_id`, `name`, `description`, `full_description`, `created_at`, `updated_at`) VALUES
(1, 'bdf424df-f9b0-4a79-84d6-f6ed1eb1e84f', '棕榈油酸 کوچک', '棕榈油月桂酸是精炼棕榈油的液态部分，因其作为一种稳定的炸油和烹饪油而备受青睐，具有中性口感、长时间炸制的耐用性以及酥脆的口感，适用于零食、快餐和家庭使用。', '棕榈油酯通过对精炼、漂白和脱臭（RBD）棕榈油进行分馏制成，获得清澈的液体，富含油酸和棕榈酸，具有平衡的脂肪酸组成，自然具有良好的氧化稳定性。其高烟点、抗氧化和抗聚合能力，以及低的异味形成倾向，使其可以多次重复使用进行油炸，减少油脂分解，减少起泡，提高成品的保质期。\n\n在食品应用方面，棕榈油酯被广泛用作油炸脂，用于零食、薯片、炸鸡、方便面和预炸冷冻食品的油炸，也作为许多热带市场中的通用家用烹饪油。它还可作为基础油，与大豆油、向日葵油或其他植物油混合，用于定制营养和功能特性的油脂配方，并在人造黄油、烘焙脂和餐饮油炸系统中使用，确保稳定的性能和纯净的口感。', '2026-02-11 17:14:50', '2026-02-11 17:14:50'),
(2, 'prod-beeswax', '蜂蜡', '纯天然蜂蜡，用于化妆品和蜡烛制作', '纯天然蜂蜡，来自道德养蜂人的优质蜂蜜。非常适合化妆品、蜡烛制造和食品应用。提供多种等级选择。', '2026-02-05 21:56:28', '2026-02-11 17:29:36'),
(3, 'prod-bw101-palm-wax', '掌蜡', '优质100%棕榈蜡，奶油黄色，适用于制作蜡烛。获得RSPO SG（隔离）/MB（质量平衡）认证。', '优质100%棕榈蜡，呈现美丽的奶油黄色。获得RSPO MB认证，彰显可持续性。非常适合制蜡烛、模具工艺和容器蜡烛。', '2026-02-05 22:03:21', '2026-02-11 17:45:10'),
(4, 'prod-bw105-palm-wax', '棕榈起酯（低熔点）', '棕榈起酥是一种半固态、非氢化脂肪，源自分馏棕榈油，具有优越的稳定性和中性风味。', 'Palm Shortening是一种半固态、非氢化脂肪，来自分馏棕榈油，具有优异的稳定性和中性口感。\n非常适合烘焙应用——能制作层层酥脆的糕点、柔软的蛋糕以及高烟点的酥脆炸物。\n在工业烘焙中，既经济实惠又抗氧化的替代黄油或猪油的理想选择。', '2026-02-05 22:07:41', '2026-02-11 17:30:48'),
(5, 'prod-bw10510-blended-wax', '罐装蜡烛用棕榈-石蜡混合蜡', '即用型低微粒度蜡瓶蜡混合物：棕榈蜡-石蜡-微晶蜡，加入Polyboost™、Vybar®、紫外线稳定剂——只需添加颜色和香气，即可实现优异的玻璃附着力和最大扩散效果。', 'Bio Green Wax的低熔点罐装蜡混合物（48-50°C）及（50-52°C）——棕榈-石蜡-微晶配方，专为玻璃容器优化。免调配：只需添加颜色和香味。具备Polyboost/Vybar，用于不透明度和粘附性，UV稳定剂/抗氧化剂延长保质期，以及香味保持剂，提供卓越的热冷燃烧效果，无裂痕燃烧，以及优异的罐体保持性，适用于高端容器蜡烛。', '2026-02-06 03:34:56', '2026-02-11 17:36:55'),
(6, 'prod-bw10555-blended-wax', '大豆基素食蜡混合物', '来自 Bio Green Wax 的即用型 95% 大豆素食混合料——纯植物基，适用于罐装（48-52°C）和柱状（56-62°C）蜡烛。只需添加颜色和香味即可。', 'Bio Green Wax的95%大豆蜡纯素混合物（含5%植物添加剂）为玻璃罐和独立柱提供干净燃烧的天然性能。适用于低熔点（48-52°C）容器蜡和高熔点（56-62°C）柱蜡。即用型：只需添加你的颜色和香料，即可获得出色的香气扩散和光滑的表面。', '2026-02-06 03:42:23', '2026-02-11 17:31:37'),
(7, 'prod-bw10610-blended-wax', '柱式蜡烛用棕榈-石蜡混合蜡', '即用型高熔点柱状蜡混合料（56-58°C 及 58-60°C）：棕榈-石蜡-微晶蜡结合Polyboost™、Vybar®、UV稳定剂——只需添加颜色和香精，即可实现卓越的柱状蜡性能。', 'Bio Green蜡的高熔点柱状蜡烛混合物（56-58°C & 58-60°C）——棕榈-Paraffin-微晶配方，专为自立式柱状蜡烛设计。免调配：仅需添加色料和香料。采用Polyboost/Vybar优化，便于模具脱模和提升不透明度，加入紫外线稳定剂/抗氧化剂以延长保质期，以及香味保持剂，提供卓越的热冷燃烧效果、完美的柱状形状保持和清洁燃烧性能。', '2026-02-06 03:38:42', '2026-02-11 17:37:44'),
(8, 'prod-bw10655-blended-wax', '大豆蜡-蜂蜡-石蜡混合物', '来自Bio Green Wax的即用型豆油-蜂蜡-石蜡混合料——适用于瓶装（48-52°C）和柱状（56-62°C）蜡烛的终极香气散发。只需添加香精和色素。', 'Bio Green Wax 的大豆-蜂蜡-石蜡混合物结合了天然大豆的顺滑、蜂蜡的稳定性以及石蜡的香气激发力，带来无与伦比的香味表现。低熔点（48-52°C）适用于玻璃容器；高熔点（56-62°C）则非常适合制作蜡柱。现成的配方——只需加入香精和色素，即可实现优异的热/冷释香效果与完美的蜡烛表面。', '2026-02-06 03:46:10', '2026-02-11 17:32:26'),
(9, 'prod-bw8307-blended-wax', '椰子-油菜籽蜡混合物', '来自Bio Green Wax的即用型椰子-油菜籽混合蜡——为罐装（48-52°C）和柱状（56-62°C）蜡烛提供丰富自然的表现。只需添加颜色和香味即可。', 'Bio Green Wax的椰子-菜籽混合蜡结合了椰子蜡的奶油质地和菜籽蜡的平滑燃烧，为您带来卓越的天然蜡烛性能。低熔点（48-52°C）经过优化，适用于容器蜡烛；高熔点（56-62°C）适用于柱状蜡烛。完全即用型，只需添加您选择的颜色和香料，即可获得专业、清洁燃烧的效果。', '2026-02-06 03:49:41', '2026-02-11 17:33:16'),
(10, 'prod-carnauba-wax', '巴西棕榈蜡', '高档巴西巴西坚果蜡，用于抛光和涂层', '优质巴西亚蜡，素有“蜡之女王”之称。非常适合汽车抛光、化妆品和食品涂层。自然融点最高。', '2026-02-05 21:59:17', '2026-02-11 17:30:10'),
(11, 'prod-castor-oil', '蓖麻油', '优质冷压蓖麻油，源自Ricnus communis种子，广泛用于医药、化妆品和工业领域。', 'Bio Green Wax 提供高品质的蓖麻油，这是一种多功能的植物油，通过压榨蓖麻植物（Ricinus communis）的种子获得。蓖麻油以其独特的化学成分——富含蓖麻油酸（约85-90%）而闻名，展现出卓越的粘度、润滑性和保湿性能，使其在各行业中都具有重要价值。\n\n我们的蓖麻油经过精心采购和加工，以符合最高的纯度和一致性标准。它有冷榨（原生）和精炼两种等级，适用于制药、化妆品和工业应用。该油的出色稳定性和在酒精中的溶解性使其区别于其他植物油，成为需要优异性能配方中的理想成分。\n\n蓖麻油具有自然生物降解能力，源自可再生资源，符合Bio Green Wax对可持续发展和环境责任的承诺。', '2026-02-11 17:15:49', '2026-02-11 17:15:49'),
(12, 'prod-coconut-oil', '椰子油', '食品和化妆品用的处女椰子油和精炼椰子油', '优质的处女和精炼椰子油，适用于烹饪、烘焙和美容用途。提供多种等级以满足您的特定需求。', '2026-02-05 21:49:22', '2026-02-11 17:16:44'),
(13, 'prod-coconut-wax', '椰子蜡', '椰子蜡是一种来源于椰子油的天然蜡，以其燃烧清洁的蜡烛和环保应用而闻名。', '椰子蜡是一种天然蜡，来自椰子油，以其在制蜡烛时的清洁和缓慢燃烧而闻名。它常被认为是其他蜡的可持续替代品。椰子蜡因其环保特性和良好的香味 hold 能力而备受青睐。它取自自然且可再生的资源，能在蜡烛中实现清洁、缓慢的燃烧，延长使用寿命并提高效率。', '2026-02-11 17:25:31', '2026-02-11 17:25:31'),
(14, 'prod-fr5456-paraffin-wax', '半精炼石蜡（50-68°C）', 'Bio Green Wax 半精炼石蜡（50-68°C）—具有1-5%的油脂含量，经济实惠，适用于蜡烛、橡胶、纺织品及高产量工业应用。', 'Bio Green Wax的半精炼石蜡蜡（50-68°C）以经济实惠的性能著称，油分控制在1-5%，实现柔韧的硬度。标准等级：52/54°C（蜡烛用）、56/58°C（柱状）、60/62°C（工业用）。非常适合成本敏感的蜡烛生产、橡胶加工助剂、纺织整理以及散装包装涂层，在这些应用中，性能与价格的平衡最为关键。', '2026-02-06 04:03:55', '2026-02-11 17:23:22'),
(15, 'prod-glycerine', '甘油', '甘油是一种无色、无味、粘稠的液体，广泛Used in pharmaceutical、cosmetic和食品工业。', '甘油，也称为丙三醇或甘油，是一种无色、无味、粘稠的液体，具有甜味。它是一种清澈、类似糖浆的液体，通常是无色的，尽管有时会带有轻微的黄色色调。甘油具有高粘度，意味着它流动缓慢且相对厚重。它具有糖浆般的稠度，这有助于其保持水分的能力。甘油在药品、化妆品、食品加工以及各种工业应用中得到了广泛的使用。', '2026-02-11 17:19:23', '2026-02-11 17:19:23'),
(16, 'prod-hydrogenated-castor-oil', '氢化蓖麻油', '氢化蓖麻油是一种由蓖麻油衍生的固态蜡状物，广泛用于化妆品、药品和工业应用领域。', '氢化蓖麻油，又称为蓖麻蜡或蓖麻蜡片，是蓖麻油经过氢化工艺处理而得到的衍生物。这一过程涉及将氢气加入到蓖麻油分子中，形成一种固态、蜡状的物质。它广泛应用于化妆品和个人护理产品中，如口红、面霜和乳液，作为一种润肤剂，为肌肤提供柔滑感和水分。它还在化妆品配方中充当黏合剂，帮助成分粘合在一起，并附着于皮肤。', '2026-02-11 17:24:47', '2026-02-11 17:24:47'),
(17, 'prod-microcrystalline-wax', '微晶蜡', '用于化妆品和粘合剂的柔性微晶蜡', '灵活的微晶蜡，适用于化妆品、热熔胶和特殊涂料。具有优异的柔韧性和粘合性能。', '2026-02-06 03:56:43', '2026-02-11 17:22:44'),
(18, 'prod-olive-oil', '橄榄油', '优质纯橄榄油，冷压自精选地中海橄榄，适用于烹饪、化妆品和工业用途。', '我们的优质纯橄榄油采用冷榨方式，从精心挑选的地中海橄榄中提取，品质卓越，风味浓郁。橄榄油广泛用于食品烹饪、化妆品、医药以及个人护理产品中，因其健康益处、抗氧化特性和多用途应用而备受推崇。Bio Green Wax采购的橄榄油符合严格的国际质量标准，确保在所有应用中始终保持纯净与优异的性能。', '2026-02-11 17:41:26', '2026-02-11 17:41:26'),
(19, 'prod-palm-kernel-oil', '棕榈核油', '棕榈仁油源自油棕果实的种仁，广泛用于食品、化妆品和工业应用。', '棕榈仁油由油棕果实的核仁提取，具有独特的物理特性。它在室温下通常呈浅黄色到白色的固体，但加热后会融化成清澈、偏黄色的液体。其熔点范围为23至28摄氏度（73至82华氏度）。棕榈仁油富含月桂酸，广泛用于食品制造、化妆品和肥皂生产中。', '2026-02-11 17:21:16', '2026-02-11 17:21:16'),
(20, 'prod-palm-kernel-olein', '棕榈仁油', '优质精炼棕榈仁油酯，从棕榈仁油分馏获得的液态部分，以其出色的澄清度、低浑浊点以及在食品、个人护理和油脂化工行业中的广泛应用而闻名。', 'Bio Green Wax供应高品质的棕榈仁油甘油（二甘油酯，PKOo），这是通过对精炼棕榈仁油进行受控分馏而产生的液态成分。当在精确条件下冷却棕榈仁油时，会分离出固体成分（棕榈仁硬脂）和液态成分（棕榈仁油甘油）。最终得到的油甘油是一种清澈、浅色的油，具有较低的熔点和优异的流动性。\n\n棕榈仁油甘油富含月桂酸（C12）以及癸酸/辛酸等中链脂肪酸，因而具有出众的透明度、快速吸收性以及轻盈、不油腻的手感。这些特性使其在食品工业中作为食用油、炸制介质以及非乳制奶精、冰淇淋和充填奶制品的原料而备受青睐。\n\n在个人护理与化妆品领域，棕榈仁油甘油被广泛用作乳液、面霜、洗发水和液体皂中的基础油，因其出色的润肤性能和皮肤兼容性。它还作为油脂化工原料的关键原料，生产脂肪酸、甲酯和用于洗涤剂及清洁产品的表面活性剂。\n\nBio Green Wax的棕榈仁油甘油来源于RSPO认证的供应链，确保全程可追溯性，并符合可持续棕榈油承诺。该产品提供精炼、漂白和除臭（RBD）等不同形式，符合严格的国际质量标准。', '2026-02-11 17:45:50', '2026-02-11 17:45:50'),
(21, 'prod-palm-kernel-stearin', '棕櫚仁硬脂', '高品质的棕榈核脂硬脂酸，源自棕榈核油的分馏固体部分，因其迅速融化的特性和优异的硬度而受到赏识，广泛应用于糖果、化妆品和油脂化工行业。', 'Bio Green Wax提供优质的棕榈仁硬脂（PKS），这是通过受控分馏精炼棕榈仁油而产生的高熔点固体分馏物。在分馏过程中，棕榈仁油被分离成两个组分：棕榈仁油酯（液态组分）和棕榈仁硬脂（固态组分）。最终的硬脂呈白色至微白色油脂，具有明显的锐角熔点和坚硬的质感。\n\n棕榈仁硬脂富含月桂酸（C12）和肉豆蔻酸（C14），赋予其优异的硬度、快速结晶能力以及纯净的融化特性。这些特性使其成为可可脂代用品（CBS）、复合巧克力涂层、糖果填充物以及需要脆性和光泽效果的特种脂肪的理想配料。\n\n除了食品应用外，棕榈仁硬脂在油化工业中也是宝贵的原料，用于生产脂肪酸、脂肪醇、肥皂丝和表面活性剂。在个人护理和化妆品领域，它为面霜、乳液和固体制剂提供体感和结构支持。\n\nBio Green Wax的棕榈仁硬脂来自RSPO（可持续棕榈油圆桌会议）认证的供应链，确保完全可追溯性并符合可持续棕榈油承诺。该产品提供精炼、漂白和脱臭（RBD）形式，符合国际食品级和技术级的质量标准。', '2026-02-11 17:20:11', '2026-02-11 17:20:11'),
(22, 'prod-palm-oil', '棕榈油', '可持续采购的棕榈油及其衍生物', '可持续采购的棕榈油及其衍生品，用于食品制造、肥皂和洗涤剂生产。提供RSPO认证的选择。', '2026-02-05 21:50:40', '2026-02-11 17:28:19'),
(23, 'prod-palm-shortenings', '棕榈起酥（高熔点）', '高熔点棕榈起酥（46–52°C）是一种特殊的烘焙和油炸脂肪，由分级棕榈油制成，旨在提供强烈的结构、纯净的风味以及在苛刻工业应用中的优异热稳定性。', '高熔点棕榈起酥油，熔点在46–52°C范围内，由棕榈油脂和中间馏分调配而成，能够提供高固体脂肪含量、坚实的质地以及在常温和高温下稳定的晶体网络。这一较高的熔点范围具有优异的耐热性、抗氧化稳定性，并减少油析出，非常适合热带气候和高温加工线使用。\n\n在烘焙应用中，这些起酥油能够提供良好的充气性、层次感和酥脆感，支撑酥皮派、泡芙、奶油饼干、曲奇和饼干的酥脆结构，即使在温暖条件下也能保持形状和口感。它们还被用作坚固的炸制和面团脂肪，以及在肉制品中替代动物脂肪，其坚实的结构、乳化稳定性以及零反式、非氢化的特性，有助于实现一致的质地、清爽的风味释放以及标签友好的配方。', '2026-02-11 17:27:25', '2026-02-11 17:27:25'),
(24, 'prod-palm-stearic-acid', '棕榈硬脂酸', '棕榈硬脂酸是一种源自棕榈油的饱和脂肪酸，广泛用于化妆品、蜡烛和橡胶制造。', '棕榈硬脂酸是一种由棕榈油提取的脂肪酸，通过分离和结晶脂肪酸的工艺获得。它是一种饱和脂肪酸，因其稳定性和在室温下呈固态而闻名。棕榈硬脂酸具有蜡状外观，颜色从白色到微黄色不等。它的熔点通常在55至70摄氏度（131至158华氏度）之间，使其能够轻松融入各种化妆品、蜡烛和橡胶制品的配方中。', '2026-02-11 17:39:14', '2026-02-11 17:39:14'),
(25, 'prod-palm-stearin', '棕榈硬脂', '棕榈硬脂是棕榈油的固体部分，常用于食品制造、蜡烛生产和肥皂制作。', '棕榈硬脂是通过分馏工艺从棕榈油中提取的固体部分，以其高饱和脂肪酸含量而著称。在室温下为固体，呈奶油白色至淡黄色，质地光滑、蜡质。棕榈硬脂的熔点高于棕榈油。它在食品工业中广泛用于稳定脂肪、生产人造黄油，以及制造蜡烛和肥皂。', '2026-02-11 17:38:31', '2026-02-11 17:38:31'),
(26, 'prod-paraffin-wax', '完全精制石蜡（50-68°C）', 'Bio Green Wax全精炼石蜡（50-68°C）—食品/药品级，油含量<0.5%，硬度优越。非常适合用于蜡烛、化妆品、包装及精密工业应用。', 'Bio Green Wax的全精炼石蜡蜡（熔点为50-68°C）具有超低油含量（<0.5%）、卓越的硬度以及中性的气味和颜色。提供蜡烛级（52/54°C，56/58°C）、容器级（50/52°C）以及高熔点柱形级（64/66°C）。非常适合高端蜡烛、化妆品、食品包装涂层以及需要最大纯度和性能一致性的精密模具制造。', '2026-02-06 03:53:45', '2026-02-11 17:43:07'),
(27, 'prod-pf56-synthetic-wax', '费舍-特罗普什（FT）蜡', '费舍-特罗普斯（FT）蜡是一种高纯度的合成石蜡蜡，从合成气中生产而成，具有较高的熔点、低粘度和优异的硬度，适用于塑料、涂料、油墨、胶粘剂和沥青改性等高要求应用。', 'FT蜡通过费-托反应合成，生成水白色、超净的蜡，具有狭窄的碳链分布、极低的油分含量以及出色的热稳定性。它结合了高软化点、低熔融粘度和强硬度，为多种配方提供优异的抗划痕性、光泽控制、哑光效果和润滑性能。\n\n在塑料和PVC/CPVC加工中，FT蜡充当高效的内外润滑剂和加工助剂，降低熔融粘度，改善流动性，增强模具释出性和尺寸稳定性。它广泛应用于热熔胶和压敏胶、油墨以及工业涂料中，以提高硬度、耐磨耐刮擦性、阻隔性和抗沉淀能力，同时稳定粘度。其他关键应用还包括沥青和防水沥青改性、母料和聚合物复合、橡胶加工、抛光剂、纺织品，甚至化妆品配方中，FT蜡能实现可控的结晶性、改善耐磨和抗皱性能，以及提供细腻顺滑的感觉。', '2026-02-06 04:15:15', '2026-02-11 17:43:56'),
(28, 'prod-pfad', 'PFAD（棕榈油酸缩馏物）', 'PFAD 是棕榈油精炼的副产品，广泛用于肥皂制造、动物饲料和生物燃料生产。', '棕榈脂肪酸馏分（PFAD）是棕榈油精炼过程中的副产品。通过对原棕榈油进行蒸馏去除杂质，以达到更高的纯度。PFAD呈棕黄色液体，具有特定的气味。它含有饱和脂肪酸和不饱和脂肪酸的混合物，主要的脂肪酸为月桂酸、肉豆蔻酸和棕榈酸。PFAD用于肥皂制造、动物饲料和生物燃料生产。', '2026-02-11 17:26:14', '2026-02-11 17:26:14'),
(29, 'prod-pkfad', '棕榈仁脂肪酸精馏物（PKFAD）', 'PKFAD 是棕榈仁油精炼的副产品，富含月桂酸，广泛应用于皂类和油脂化工行业。', '棕榈核脂肪酸馏分（PKFAD）是榨取棕榈核油过程中获得的副产品。它富含脂肪酸，包括月桂酸，因而在某些工业应用中具有价值。PKFAD被广泛用于各种工业领域，包括肥皂制造、生物燃料生产，以及作为油脂化工行业的原材料。', '2026-02-11 17:39:57', '2026-02-11 17:39:57'),
(30, 'prod-polyethylene-wax', '聚乙烯蜡（PE蜡）', '是一种低分子量聚乙烯，作为塑料、涂料、油墨和胶粘剂中的高性能润滑剂和加工助剂，改善流动性、表面滑移性和抗刮擦性能。', '聚乙烯蜡是一种细微分布、高熔点的合成蜡，具有低粘度、优异的热稳定性和与PVC、PE、PP及EVA等常见聚合物的良好相容性。它提供内部和外部润滑，降低熔体粘度和摩擦，增强模具释放效果，并呈现光滑、光亮且抗划伤的表面。  \n\n主要应用包括塑料和母料加工，其中PE蜡提升挤出和注塑效率，防止模具粘结，并改善颜料和填料的分散性。它还用于热熔胶和压力敏感胶黏剂、油墨及粉末涂层，以控制熔融粘度、增强内聚力和韧性，以及优化开口和固化时间。其他用途涉及沥青和道路标线漆、木塑复合材料、橡胶混合物、电缆料和成品蜡制品，如抛光剂和蜡笔，提升软化点、硬度和防水性能。', '2026-02-06 04:00:25', '2026-02-11 17:42:12'),
(31, 'prod-rapeseed-oil', '菜籽油', '来自英国农场的冷榨和精炼菜籽油', '来自英国农场的冷榨和精炼油菜籽油。非常适合烹饪、烘焙和沙拉调料。饱和脂肪含量低，富含欧米伽-3。', '2026-02-05 21:50:40', '2026-02-11 17:34:02'),
(32, 'prod-rapeseed-wax', '油菜籽蜡', '菜籽蜡是一种天然植物蜡，作为一种环保的替代品，广泛用于蜡烛制作和化妆品。', '菜籽蜡是一种天然植物蜡，来源于油菜植物的油脂，常被用作传统石蜡蜡的环保替代品，广泛应用于蜡烛制作和其他领域。它燃烧干净且缓慢，具有良好的香味保持性。菜籽蜡常用于蜡烛生产，以及天然化妆品的配方中，如润唇膏、乳液和面霜，具有保湿作用。', '2026-02-11 17:24:06', '2026-02-11 17:24:06'),
(33, 'prod-soap-noodles', '皂基面条', '皂条是制造肥皂的主要原料，通过植物油和脂肪的皂化反应生成。', '皂粉，也称为皂粒，是制造肥皂的主要原料之一。它们通过用氢氧化钠（苛性苏打）对植物油脂进行皂化处理生产而成。皂粉通常是固体的白色或象牙色块状或珠状物，具有淡雅中性的香气。它们纯净无杂质，含有高浓度的脂肪酸，有助于其清洁和乳化性能。', '2026-02-11 17:40:40', '2026-02-11 17:40:40'),
(34, 'prod-soy-wax', '大豆蜡', '大豆蜡是一种由大豆油制成的可再生植物蜡，因其环保特性而在蜡烛制作中颇受欢迎。', '大豆蜡是一种由大豆油提取的植物蜡。它是传统石蜡的常用替代品，石蜡来自石油。大豆蜡被认为是一种可再生、可生物降解且环保的蜡烛制作材料。它通过加氢处理大豆油，将其转化为适合制作蜡烛的固体形态。大豆蜡通常呈片状，易于测量和融化。', '2026-02-11 17:17:21', '2026-02-11 17:17:21'),
(35, 'prod-soybean-oil', '大豆油', '高质量工业用和烹饪用大豆油', '大豆油是一种多用途的植物油，取自大豆，由于其中性味道和高烟点，广泛用于煎炸、烘焙和沙拉调料。它富含多不饱和脂肪，包括Omega-3和Omega-6脂肪酸，并提供维生素K和维生素E。它非常适合深炸、马铃薯人造黄油生产以及工业食品应用。经过精炼和除臭，达到优质标准。', '2026-02-05 21:50:40', '2026-02-11 17:28:56'),
(36, 'prod-sunflower-oil', '葵花籽油', '优质精炼向日葵籽油，用于烹饪和食品加工', '我们的优质精炼葵花籽油适用于烹饪、油炸和食品加工。采用优质葵花籽原料，经过最高标准的精炼工艺。', '2026-02-05 21:42:06', '2026-02-11 17:22:03');

--
-- Dumping data for table `product_categories`
--

INSERT INTO `product_categories` (`id`, `slug`, `name`, `description`, `display_order`, `is_active`, `synchronized_data`, `created_at`) VALUES
('cat-edible-oils', 'edible-oils', 'Edible Oils', 'Premium refined edible oils for cooking and food processing', 1, 1, 1, '2026-02-05 21:03:49'),
('cat-industrial-waxes', 'industrial-waxes', 'Industrial Waxes', 'Industrial-grade paraffin and specialty waxes', 3, 1, 1, '2026-02-05 21:03:49'),
('cat-oleochemicals', 'oleochemicals', 'Oleochemicals', 'Plant based oils and fats/waxes and animal based oils and fats derived products through processes like hydrolysis and transesterification. These versatile chemicals find applications in various industries, including soap and detergent manufacturing, cosmetics, pharmaceuticals, and biofuels.', 5, 1, 1, '2026-02-09 04:38:30'),
('cat-plant-waxes', 'plant-based-waxes', 'Plant-Based Waxes', 'Natural plant-based waxes for candles, cosmetics and more', 2, 1, 1, '2026-02-05 21:03:49'),
('cat-wax-blends', 'wax-blends', 'Wax Blends', 'Custom wax blends for specialized applications', 4, 1, 1, '2026-02-05 21:03:49');

--
-- Dumping data for table `product_categories_ar`
--

INSERT INTO `product_categories_ar` (`id`, `master_id`, `name`, `description`, `created_at`, `updated_at`) VALUES
(1, 'cat-edible-oils', 'زيوت صالحة للأكل', 'زيوت طهي وتكرير عالية الجودة للاستخدام في الطهي والمعالجة الغذائية', '2026-02-06 04:35:17', '2026-02-09 03:29:53'),
(2, 'cat-industrial-waxes', 'شمعات صناعية', 'شمع البارافين الصناعي الدرجة والتخصص', '2026-02-06 04:38:54', '2026-02-09 03:30:33'),
(3, 'cat-oleochemicals', 'الوليوكيميائيات', 'الزيوت والدهون/الشمع المستندة إلى النبات والمنتجات المستخرجة من الزيوت والدهون المستندة إلى الحيوانات من خلال عمليات مثل التحلل المائي والتحويل الاستيريفي. وتستخدم هذه المواد الكيميائية المتعددة الاستخدامات في صناعات مختلفة، بما في ذلك صناعة الصابون والمنظفات، ومستحضرات التجميل، والأدوية، والوقود الحيوي.', '2026-02-09 17:03:31', '2026-02-09 17:03:31'),
(4, 'cat-plant-waxes', 'شموع نباتية', 'شموع طبيعية نباتية، وشموع ومواد تجميل والمزيد', '2026-02-06 04:37:03', '2026-02-09 03:30:13'),
(5, 'cat-wax-blends', 'خلطات الشمع', 'مزيجات الشموع المخصصة للتطبيقات المتخصصة', '2026-02-06 04:40:45', '2026-02-09 03:30:54');

--
-- Dumping data for table `product_categories_de`
--

INSERT INTO `product_categories_de` (`id`, `master_id`, `name`, `description`, `created_at`, `updated_at`) VALUES
(1, 'cat-edible-oils', 'Essigbare Speiseöle', 'Premium raffinierte Speiseöle für Kochen und Lebensmittelverarbeitung', '2026-02-06 04:35:36', '2026-02-09 03:29:57'),
(2, 'cat-industrial-waxes', 'Industrielle Wachse', 'Industrielle Paraffine und Spezialwachse', '2026-02-06 04:39:10', '2026-02-09 03:30:38'),
(3, 'cat-oleochemicals', 'Oleochemikalien', 'Pflanzenbasierte Öle und Fette/Wachs sowie tierische Öle und Fette abgeleitete Produkte durch Prozesse wie Hydrolyse und Transesterifizierung. Diese vielseitigen Chemikalien finden Anwendung in verschiedenen Branchen, einschließlich der Herstellung von Seifen und Reinigungsmitteln, Kosmetika, Pharmazeutika und Biokraftstoffen.', '2026-02-09 17:03:37', '2026-02-09 17:03:37'),
(4, 'cat-plant-waxes', 'Pflanzenbasierte Wachse', 'Natürliche pflanzliche Wachse für Kerzen, Kosmetika und mehr', '2026-02-06 04:37:21', '2026-02-09 03:30:18'),
(5, 'cat-wax-blends', 'Wachsmischungen', 'Maßgeschneiderte Wachsformulierungen für spezielle Anwendungen', '2026-02-06 04:41:01', '2026-02-09 03:30:58');

--
-- Dumping data for table `product_categories_es`
--

INSERT INTO `product_categories_es` (`id`, `master_id`, `name`, `description`, `created_at`, `updated_at`) VALUES
(1, 'cat-edible-oils', 'Aceites comestibles', 'Aceites comestibles refinados premium para cocinar y procesamiento de alimentos', '2026-02-06 04:35:02', '2026-02-09 03:29:50'),
(2, 'cat-industrial-waxes', 'Ceras industriales', 'Parafinas de grado industrial y ceras especiales', '2026-02-06 04:38:37', '2026-02-09 03:30:31'),
(3, 'cat-oleochemicals', 'Oleochemicals', 'Aceites y grasas / pastas de origen vegetal y productos derivados de grasas y aceites de origen animal a través de procesos como la hidrólisis y la transesterificación. Estos químicos versátiles encuentran aplicaciones en diversas industrias, incluyendo la fabricación de jabón y detergentes, cosméticos, productos farmacéuticos y biocombustibles.', '2026-02-09 17:03:27', '2026-02-09 17:03:27'),
(4, 'cat-plant-waxes', 'Ceras de origen vegetal', 'Ceras naturales a base de plantas para velas, cosméticos y más', '2026-02-06 04:36:45', '2026-02-09 03:30:10'),
(5, 'cat-wax-blends', 'Mezclas de Cera', 'Mezclas personalizadas de cera para aplicaciones especializadas', '2026-02-06 04:40:33', '2026-02-09 03:30:52');

--
-- Dumping data for table `product_categories_fr`
--

INSERT INTO `product_categories_fr` (`id`, `master_id`, `name`, `description`, `created_at`, `updated_at`) VALUES
(1, 'cat-edible-oils', 'Huiles comestibles', 'Huiles comestibles raffinées de qualité supérieure pour la cuisson et la transformation alimentaire', '2026-02-06 04:35:09', '2026-02-09 03:29:52'),
(2, 'cat-industrial-waxes', 'Cires industrielles', 'Paraﬁns de qualité industrielle et cires spécialisées', '2026-02-06 04:38:43', '2026-02-09 03:30:32'),
(3, 'cat-oleochemicals', 'Oleo-chimiques', 'Huiles et graisses/végétales et animales dérivées de produits par des procédés tels que l\'hydrolyse et la transestérification. Ces composés chimiques polyvalents trouvent des applications dans diverses industries, notamment la fabrication de savons et de détergents, la cosmétique, la pharmacie et les biocarburants.', '2026-02-09 17:03:29', '2026-02-09 17:03:29'),
(4, 'cat-plant-waxes', 'Cires à base de plantes', 'Cires naturelles végétales pour bougies, cosmétiques et plus', '2026-02-06 04:36:53', '2026-02-09 03:30:11'),
(5, 'cat-wax-blends', 'Mélanges de Cire', 'Mélanges de cire personnalisés pour des applications spécialisées', '2026-02-06 04:40:40', '2026-02-09 03:30:53');

--
-- Dumping data for table `product_categories_it`
--

INSERT INTO `product_categories_it` (`id`, `master_id`, `name`, `description`, `created_at`, `updated_at`) VALUES
(1, 'cat-edible-oils', 'Oli commestibili', 'Oli vegetali raffinati di alta qualità per cucina e trasformazione alimentare', '2026-02-06 04:36:26', '2026-02-09 03:30:06'),
(2, 'cat-industrial-waxes', 'Cere industriali', 'ParaFill industriale e cere specializzate', '2026-02-06 04:40:12', '2026-02-09 03:30:47'),
(3, 'cat-oleochemicals', 'Oleochimici', 'Oli e grassi a base vegetale e animale, derivati tramite processi come idrolisi e transesterificazione. Questi chimici versatili trovano applicazione in diversi settori, tra cui la produzione di saponi e detergenti, cosmetici, farmaceutici e biocarburanti.', '2026-02-09 17:03:49', '2026-02-09 17:03:49'),
(4, 'cat-plant-waxes', 'Cere colorate a base vegetale', 'Cera naturale a base di piante per candele, cosmetici e altro ancora', '2026-02-06 04:38:21', '2026-02-09 03:30:28'),
(5, 'cat-wax-blends', 'Miscele di cera', 'Miscele di cera personalizzate per applicazioni specializzate', '2026-02-06 04:42:06', '2026-02-09 03:31:11');

--
-- Dumping data for table `product_categories_ja`
--

INSERT INTO `product_categories_ja` (`id`, `master_id`, `name`, `description`, `created_at`, `updated_at`) VALUES
(1, 'cat-edible-oils', '食用油', '調理・食品加工用高級精製食用油', '2026-02-06 04:35:41', '2026-02-09 03:29:58'),
(2, 'cat-industrial-waxes', '工業用ワックス', '産業グレードのパラフィンおよび特殊ワックス', '2026-02-06 04:39:17', '2026-02-09 03:30:39'),
(3, 'cat-oleochemicals', 'オレオケミカル', '植物性油脂や脂肪／ワックスおよび動物性油脂由来の製品は、加水分解やトランスエステル化などのプロセスを経て作られます。これらの多用途な化学物質は、石鹸や洗剤の製造、化粧品、医薬品、バイオ燃料など、さまざまな産業で用途があります。', '2026-02-09 17:03:39', '2026-02-09 17:03:39'),
(4, 'cat-plant-waxes', '植物由来のワックス', 'キャンドルや化粧品などに使用される天然植物由来のワックス', '2026-02-06 04:37:28', '2026-02-09 03:30:19'),
(5, 'cat-wax-blends', 'ワックスブレンド', '特殊用途のためのカスタムワックスブレンド', '2026-02-06 04:41:06', '2026-02-09 03:31:00');

--
-- Dumping data for table `product_categories_ko`
--

INSERT INTO `product_categories_ko` (`id`, `master_id`, `name`, `description`, `created_at`, `updated_at`) VALUES
(1, 'cat-edible-oils', '식용유', '요리 및 식품 가공을 위한 프리미엄 정제 식용유', '2026-02-06 04:36:09', '2026-02-09 03:30:04'),
(2, 'cat-industrial-waxes', '산업용 왁스', '산업용 등급 파라핀 및 특수 왁스', '2026-02-06 04:39:57', '2026-02-09 03:30:44'),
(3, 'cat-oleochemicals', '올레오화학제품', '식물성 오일, 지방/왁스 및 수소화 및 트랜스에스터화와 같은 과정을 거쳐 얻은 동물성 오일, 지방 또는 왁스 유래 제품. 이 다목적 화학물질들은 비누 및 세제 제조, 화장품, 의약품, 바이오연료를 비롯한 다양한 산업에서 활용됩니다.', '2026-02-09 17:03:46', '2026-02-09 17:03:46'),
(4, 'cat-plant-waxes', '식물 기반 왁스', '양초, 화장품 및 기타 용도의 천연 식물성 왁스', '2026-02-06 04:38:08', '2026-02-09 03:30:26'),
(5, 'cat-wax-blends', '왁스 블렌드', '전문화된 용도를 위한 맞춤 왁스 블렌드', '2026-02-06 04:41:50', '2026-02-09 03:31:07');

--
-- Dumping data for table `product_categories_pl`
--

INSERT INTO `product_categories_pl` (`id`, `master_id`, `name`, `description`, `created_at`, `updated_at`) VALUES
(1, 'cat-edible-oils', 'Oleje spożywcze', 'Premiumowe rafinowane oleje jadalne do gotowania i przetwórstwa spożywczego', '2026-02-06 04:36:34', '2026-02-09 03:30:07'),
(2, 'cat-industrial-waxes', 'Woski przemysłowe', 'Parafina przemysłowa i specjalistyczne woski', '2026-02-06 04:40:19', '2026-02-09 03:30:49'),
(3, 'cat-oleochemicals', 'Oleochemikalia', 'Oleje i tłuszcze / woski pochodzenia roślinnego oraz produkty pochodzenia zwierzęcego, uzyskiwane m.in. poprzez hydrolizę i transestryfikację. Te wszechstronne związki chemiczne znajdują zastosowanie w różnych branżach, w tym w produkcji mydeł i detergentów, kosmetyków, farmaceutyków oraz biopaliw.', '2026-02-09 17:03:51', '2026-02-09 17:03:51'),
(4, 'cat-plant-waxes', 'Woski roślinne', 'Naturalne woski roślinne do świec, kosmetyków i nie tylko', '2026-02-06 04:38:26', '2026-02-09 03:30:29'),
(5, 'cat-wax-blends', 'Mieszanki wosków', 'Specjalne mieszanki wosków do zastosowań specjalistycznych', '2026-02-06 04:42:14', '2026-02-09 03:31:12');

--
-- Dumping data for table `product_categories_pt`
--

INSERT INTO `product_categories_pt` (`id`, `master_id`, `name`, `description`, `created_at`, `updated_at`) VALUES
(1, 'cat-edible-oils', 'Óleos comestíveis', 'Óleos comestíveis refinados premium para cozinha e processamento de alimentos', '2026-02-06 04:35:23', '2026-02-09 03:29:54'),
(2, 'cat-industrial-waxes', 'Ceras Industriais', 'Parafinas de grau industrial e ceras especiais', '2026-02-06 04:39:00', '2026-02-09 03:30:35'),
(3, 'cat-oleochemicals', 'Oleocompostos', 'Óleos e gorduras/waxes à base de plantas e produtos derivados de óleos e gorduras de origem animal, obtidos através de processos como hidrólise e transesterificação. Esses produtos químicos versáteis encontram aplicações em diversos setores, incluindo a fabricação de sabões e detergentes, cosméticos, medicamentos e biocombustíveis.', '2026-02-09 17:03:33', '2026-02-09 17:03:33'),
(4, 'cat-plant-waxes', 'Ceras à Base de Plantas', 'Ceras naturais à base de plantas para velas, cosméticos e muito mais', '2026-02-06 04:37:09', '2026-02-09 03:30:15'),
(5, 'cat-wax-blends', 'Misturas de Cera', 'Misturas de cera personalizadas para aplicações especializadas', '2026-02-06 04:40:50', '2026-02-09 03:30:55');

--
-- Dumping data for table `product_categories_ru`
--

INSERT INTO `product_categories_ru` (`id`, `master_id`, `name`, `description`, `created_at`, `updated_at`) VALUES
(1, 'cat-edible-oils', 'Пищевые масла', 'Премиальные рафинированные пищевые масла для приготовления и обработки продуктов', '2026-02-06 04:35:29', '2026-02-09 03:29:55'),
(2, 'cat-industrial-waxes', 'Промышленные воски', 'Промышленный парафин и специальные воски', '2026-02-06 04:39:05', '2026-02-09 03:30:36'),
(3, 'cat-oleochemicals', 'Олеохимикаты', 'Растительные масла и жиры/воск и продукты, полученные из животных масел и жиров, в том числе путём гидролиза и трансэтерификации. Эти универсальные химические вещества находят применение в различных отраслях, включая производство мыла и моющих средств, косметику, фармацевтику и биотопливо.', '2026-02-09 17:03:34', '2026-02-09 17:03:34'),
(4, 'cat-plant-waxes', 'Растительные воски', 'Натуральные растительные воски для свечей, косметики и не только', '2026-02-06 04:37:15', '2026-02-09 03:30:17'),
(5, 'cat-wax-blends', 'Смеси восков', 'Пользовательские смеси воска для специализированных применений', '2026-02-06 04:40:56', '2026-02-09 03:30:56');

--
-- Dumping data for table `product_categories_sw`
--

INSERT INTO `product_categories_sw` (`id`, `master_id`, `name`, `description`, `created_at`, `updated_at`) VALUES
(1, 'cat-edible-oils', 'Mafuta ya Kula', 'Mafuta ya kupikia ya viwandani yaliyochakatwa kwa kiwango cha juu na matumizi ya chakula', '2026-02-06 04:35:47', '2026-02-09 03:30:00'),
(2, 'cat-industrial-waxes', 'Viniki vya Viwanda', 'Paraffin ya viwandani na wax maalum', '2026-02-06 04:39:38', '2026-02-09 03:30:40'),
(3, 'cat-oleochemicals', 'Oleochemicals', 'Mafuta na wakhawali za mimea na wanyama /waxes na bidhaa zinazotokana na mafuta ya wanyama kupitia mchakato wa hydrolysis na transesterification. Kemikali hizi zinazoweza kubadilika zinapata matumizi katika sekta mbalimbali, ikiwa ni pamoja na utengenezaji wa sabuni na vijiko vijiko, vipodozi, dawa, na viazi vitokanavyo na nishati ya bio.', '2026-02-09 17:03:41', '2026-02-09 17:03:41'),
(4, 'cat-plant-waxes', 'Lafyya Zenye Asili ya Mitende', 'Vigae vya asili vya mimea kwa mishumaa, vipodozi na zaidi', '2026-02-06 04:37:42', '2026-02-09 03:30:21'),
(5, 'cat-wax-blends', 'Mchanganyiko wa Wax', 'Mchanganyiko wa njuzi za kawaida wa kalanuni kwa matumizi maalum', '2026-02-06 04:41:26', '2026-02-09 03:31:02');

--
-- Dumping data for table `product_categories_th`
--

INSERT INTO `product_categories_th` (`id`, `master_id`, `name`, `description`, `created_at`, `updated_at`) VALUES
(1, 'cat-edible-oils', 'น้ำมันพืช', 'น้ำมันพืชบริสุทธิ์คุณภาพสูงสำหรับการปรุงอาหารและการแปรรูปอาหาร', '2026-02-06 04:36:18', '2026-02-09 03:30:05'),
(2, 'cat-industrial-waxes', 'แว็กซ์อุตสาหกรรม', 'พาราฟินเกรดอุตสาหกรรมและเทียนชนิดพิเศษ', '2026-02-06 04:40:05', '2026-02-09 03:30:45'),
(3, 'cat-oleochemicals', 'โอเลโอเคมีคอลส์', 'น้ำมันและไขมัน/ข wax จากพืชและสัตว์ที่ได้จากกระบวนการเช่น ไฮโดรไลซิสและทรานส์เอสเทอริฟิเคชัน สารเคมีอเนกประสงค์เหล่านี้ถูกนำไปใช้งานในหลากหลายอุตสาหกรรม รวมถึงการผลิตสบู่และผงซักฟอก เครื่องสำอาง ยา และเชื้อเพลิงชีวภาพ', '2026-02-09 17:03:48', '2026-02-09 17:03:48'),
(4, 'cat-plant-waxes', 'เทียนจากพืช', 'แว็กซ์จากพืชธรรมชาติสำหรับเทียน เครื่องสำอาง และอื่น ๆ', '2026-02-06 04:38:14', '2026-02-09 03:30:27'),
(5, 'cat-wax-blends', 'การผสมเทียน', 'ส่วนผสมเทียนแบบกำหนดเองสำหรับการใช้งานเฉพาะทาง', '2026-02-06 04:41:59', '2026-02-09 03:31:09');

--
-- Dumping data for table `product_categories_tr`
--

INSERT INTO `product_categories_tr` (`id`, `master_id`, `name`, `description`, `created_at`, `updated_at`) VALUES
(1, 'cat-edible-oils', 'Yenilebilir Yağlar', 'Yemek pişirme ve gıda işleme için premium kaliteli rafine edilebilir yağlar', '2026-02-06 04:35:58', '2026-02-09 03:30:02'),
(2, 'cat-industrial-waxes', 'Endüstriyel Mumlar', 'Endüstriyel kalite paraffin ve özel الواکسlar', '2026-02-06 04:39:46', '2026-02-09 03:30:41'),
(3, 'cat-oleochemicals', 'Oleokimyasallar', 'Bitkisel bazlı yağlar ve lipitler/ketenler ile hayvansal bazlı yağlar ve lipitler, hidrojenizasyon ve transesterifikasyon gibi süreçler aracılığıyla elde edilir. Bu çok yönlü kimyasallar, sabun ve deterjan üretimi, kozmetik, ilaç ve biyoyakıtlar gibi çeşitli endüstrilerde kullanılmaktadır.', '2026-02-09 17:03:42', '2026-02-09 17:03:42'),
(4, 'cat-plant-waxes', 'Bitkisel Bazlı Mumlar', 'Otantik bitki bazlı mumlar, kozmetikler ve daha fazlası için doğal bitki bazlı mumlar', '2026-02-06 04:37:56', '2026-02-09 03:30:23'),
(5, 'cat-wax-blends', 'Wax Karışımları', 'Özel uygulamalar için özel balmumu karışımları', '2026-02-06 04:41:36', '2026-02-09 03:31:03');

--
-- Dumping data for table `product_categories_vi`
--

INSERT INTO `product_categories_vi` (`id`, `master_id`, `name`, `description`, `created_at`, `updated_at`) VALUES
(1, 'cat-edible-oils', 'Dầu ăn', 'Dầu ăn tinh luyện cao cấp cho nấu ăn và chế biến thực phẩm', '2026-02-06 04:36:03', '2026-02-09 03:30:03'),
(2, 'cat-industrial-waxes', 'Sáp Công Nghiệp', 'Nhiệt dịch công nghiệp và sáp đặc biệt', '2026-02-06 04:39:51', '2026-02-09 03:30:42'),
(3, 'cat-oleochemicals', 'Hóa chất oleochemical', 'Các loại dầu và mỡ/chất béo dựa trên thực vật cũng như các sản phẩm từ dầu và mỡ dựa trên động vật được tổng hợp thông qua các quá trình như thủy phân và transesterification. Những hợp chất đa năng này được ứng dụng trong nhiều ngành công nghiệp khác nhau, bao gồm sản xuất xà phòng và chất tẩy rửa, mỹ phẩm, dược phẩm và nhiên liệu sinh học.', '2026-02-09 17:03:44', '2026-02-09 17:03:44'),
(4, 'cat-plant-waxes', 'Sáp thực vật', 'Sáp tự nhiên từ thực vật cho nến, mỹ phẩm và nhiều hơn nữa', '2026-02-06 04:38:02', '2026-02-09 03:30:24'),
(5, 'cat-wax-blends', 'Hỗn hợp Sáp', 'Hỗn hợp sáp tùy chỉnh cho các ứng dụng chuyên dụng', '2026-02-06 04:41:42', '2026-02-09 03:31:05');

--
-- Dumping data for table `product_categories_zh`
--

INSERT INTO `product_categories_zh` (`id`, `master_id`, `name`, `description`, `created_at`, `updated_at`) VALUES
(1, 'cat-edible-oils', '食用油', '优质精炼食用油，用于烹饪和食品加工', '2026-02-06 04:34:54', '2026-02-09 03:29:49'),
(2, 'cat-industrial-waxes', '工业蜡', '工业级石蜡和特殊蜡', '2026-02-06 04:38:32', '2026-02-09 03:30:30'),
(3, 'cat-oleochemicals', '脂肪化学品', '植物性油脂和蜡以及动物性油脂衍生产品通过水解和酯交换等工艺制成。这些多功能化学品在多个行业中广泛应用，包括肥皂和洗涤剂制造、化妆品、制药以及生物燃料。', '2026-02-09 17:03:26', '2026-02-09 17:03:26'),
(4, 'cat-plant-waxes', '植物基蜡', '天然植物蜡，用于蜡烛、化妆品及其他产品', '2026-02-06 04:36:39', '2026-02-09 03:30:09'),
(5, 'cat-wax-blends', '蜡混合物', '为特殊应用定制的蜡混合物', '2026-02-06 04:40:26', '2026-02-09 03:30:50');

--
-- Dumping data for table `sectors`
--

INSERT INTO `sectors` (`id`, `name`, `slug`, `description`, `icon`, `color`, `image_url`, `display_order`, `is_active`, `synchronized_data`, `created_at`) VALUES
('sec-001', 'Candle Making', 'candle-making', 'Complete Wax Solutions for Candle Manufacturing\nPremium Natural/Plant-Based Waxes (Soy, Palm, Rapeseed, coconut, Beeswax) and Petroleum Waxes (fully/semi-refined paraffin 52-68°C, microcrystalline) for all candle types.\n\nReady-to-Use Wax Blends: Melt directly—no additives needed—for perfect pillar, votive, or container candles with superior scent throw and burn.', 'Flame', NULL, '/uploads/sectors/sec-001.jpg', 0, 1, 1, '2026-02-05 21:03:49'),
('sec-002', 'Cosmetics', 'cosmetics', 'Premium Vegetable Waxes for Cosmetics Manufacturing\n\nHigh-quality natural vegetable waxes including Sunflower wax, Rapeseed wax, Palm wax, Beeswax, Carnauba wax, Candelilla wax, Rice bran wax, Soy wax, Castor wax, Olive wax, Avocado wax, Hemp wax, Berry wax (Rhus verniciflua), and Myrica fruit wax for creams, lipsticks, and skincare.\n\nPerfect emollients, thickeners, and stabilizers delivering smooth texture and superior performance.', 'Sparkles', NULL, '/uploads/sectors/sec-002.jpg', 0, 1, 1, '2026-02-05 21:03:49'),
('sec-003', 'Food & Beverage', 'food', 'Premium Edible Oils & Fats for Food Manufacturing\n\nFully refined edible oils (palm, soy, sunflower, rapeseed, olive, coconut), stearins (palm, soy), and shortenings for bakery, confectionery, and frying applications.\n\nHigh-stability, neutral flavor solutions ensuring consistent texture, extended shelf life, and superior performance across food processing needs.', 'Utensils', NULL, '/uploads/sectors/sec-003.jpg', 0, 1, 1, '2026-02-05 21:03:49'),
('sec-004', 'Pharmaceuticals', 'pharmaceuticals', 'Premium Ingredients for Pharmaceutical Manufacturing\n\nPharma-grade vegetable waxes including Beeswax (BP/Ph.Eur), Carnauba wax, Candelilla wax, Rice bran wax, Sunflower wax, Rapeseed wax, Palm wax, Castor wax, Soy wax, Olive wax, and Hydrogenated vegetable oils for ointments, creams, and suppositories.\n\nHigh-purity, pharmacopoeia-compliant solutions ensuring stability, smooth texture, and consistent drug release in topical and oral formulations.', 'Pill', NULL, '/images/sectors/pharmaceuticals.webp', 0, 1, 1, '2026-02-05 21:03:49'),
('sec-005', 'Textiles & Leather', 'textiles', 'High-performance vegetable waxes including Carnauba wax, Candelilla wax, Rice bran wax, Sunflower wax, Rapeseed wax, Palm wax, Beeswax, Soy wax, plus paraffin waxes and emulsions for fabric finishing, leather treatment, and waterproofing.\n\nSuperior lubrication, water repellency, and abrasion resistance for improved sewability, tear strength, and processing efficiency in textile manufacturing and leather processing.', 'Shirt', NULL, '/images/sectors/textiles-leather.webp', 0, 1, 1, '2026-02-05 21:03:49'),
('sec-006', 'Rubber & Plastics', 'rubber-plastics', 'Fully refined paraffin waxes, microcrystalline waxes, slack wax, and PE waxes optimized for tire production, plastic processing, and rubber compounding.\n\nSuperior lubricants, release agents, and dispersion aids ensuring smooth extrusion, injection molding, calendering, and demolding with excellent surface finish and processing efficiency.', 'Factory', NULL, '/images/sectors/rubber-plastics.webp', 0, 1, 1, '2026-02-05 21:03:49'),
('sec-007', 'Packaging', 'packaging', 'Fully refined paraffin waxes, microcrystalline waxes, slack wax, PE waxes, plus natural carnauba wax and beeswax for paper coating, boxboard lamination, and flexible packaging production.\n\nSuperior waterproofing, grease resistance, and release properties ensuring durable moisture barriers, food-safe coatings, and efficient heat-seal performance across corrugated, folding cartons, and flexible films.', 'Package', NULL, '/images/sectors/packaging.webp', 0, 1, 1, '2026-02-05 21:03:49'),
('sec-008', 'Adhesives', 'adhesives', 'Fully refined paraffin waxes, microcrystalline waxes, slack wax, PE waxes, carnauba wax, and beeswax as high-performance additives for coatings, inks, laminates, and emulsions.\n\nEnhance scratch resistance, moisture barrier, anti-block, COF reduction, and release properties for superior corrugated board, paperboard, and flexible packaging performance.', 'Layers', NULL, '/images/sectors/adhesives.webp', 0, 1, 1, '2026-02-05 21:03:49'),
('sec-009', 'Polishes & Coatings', 'polishes-coatings', 'Fully refined paraffin waxes, microcrystalline waxes, carnauba wax, and beeswax for high-gloss floor polishes, furniture care, automotive coatings, and industrial surface protection.\n\nExceptional abrasion resistance, buffability, and shine delivering long-lasting protection and professional finish across wood, metal, leather, and composite surfaces.', 'Sparkle', NULL, '/images/sectors/polishes-coatings.webp', 0, 1, 1, '2026-02-05 21:03:49'),
('sec-010', 'Paper & Printing', 'paper-printing', 'Fully refined paraffin waxes, microcrystalline waxes, carnauba wax, beeswax, and synthetic waxes for paper coating, ink rubbing resistance, and release applications.\n\nSuperior moisture barrier, anti-stick properties, and print enhancement ensuring high-quality surface protection, excellent ink adhesion, and efficient processing for packaging papers and specialty printing.', 'FileText', NULL, '/images/sectors/paper-printing.webp', 0, 1, 1, '2026-02-05 21:03:49');

--
-- Dumping data for table `sectors_ar`
--

INSERT INTO `sectors_ar` (`id`, `master_id`, `name`, `description`, `created_at`, `updated_at`) VALUES
(1, 'sec-001', 'صناعة الشموع', 'حلول الشمع الكاملة لتصنيع الشموع  \nشموع طبيعية/نباتية ممتازة (فsoy، نخيل، دوار الشمس، جوز الهند، شمع العسل) وشموع البترول (بارافين مكرر/نصف مكرر 52-68 درجة مئوية، ميكروكريستالين) لجميع أنواع الشمع.\n\nخليط شمع جاهز للاستخدام: يذوب مباشرة—بدون الحاجة إلى إضافات—لشاوي عمودية، فويفوية، أو حاوية مع انبعاث رائحة ممتاز واحتراق مثالي.', '2026-02-06 04:42:48', '2026-02-11 17:06:06'),
(2, 'sec-002', 'مستحضرات التجميل', 'شموع نباتية فاخرة لصناعة المستحضرات التجميلية\n\nشموع نباتية طبيعية عالية الجودة تشمل شمعة عباد الشمس، شمعة البازلاء، شمعة النخيل، شمع العسل، شمعة الكربونة، شمعة الكندليا، شمعة نخالة الأرز، شمعة فول الصويا، شمعة الخروع، شمعة الزيتون، شمعة الأفوكادو، شمعة القنب، شمعة التوت (Rhus verniciflua)، وشمع فاكهة ميركا لمستحضرات الكريمات وأحمر الشفاه والعناية بالبشرة.\n\nمرطبات، مثخنات، ومثبتات مثالية توفر قوامًا ناعمًا وأداءً فائقًا.', '2026-02-06 04:44:29', '2026-02-11 17:06:36'),
(3, 'sec-003', 'الأطعمة والمشروبات', 'زيوت ودهون صالحة للأكل عالية الجودة لصناعة الأغذية\n\nزيوت صالحة للأكل مكررة بالكامل (النخيل، الصويا، عباد الشمس، اللفت، الزيتون، جوز الهند)، وسيريتينات (النخيل، الصويا)، ودهون مخبوزة للاستخدام في المخبوزات، والحلويات، والقلي.\n\nحلول ذات استقرار عالي ونكهة محايدة تضمن قوامًا متسقًا، عمر افتراضي ممتد، وأداء متفوق في جميع احتياجات معالجة الأغذية.', '2026-02-06 04:46:03', '2026-02-11 17:07:06'),
(4, 'sec-004', 'الأدوية', 'مكونات فاخرة لصناعة الأدوية\n\nشمعات نباتية بدرجة فارما بما في ذلك شمع العسل (BP/Ph.Eur)، شمع الكارنوبا، شمع الكندليلا، شمع نخالة الأرز، شمع عباد الشمس، شمع اللفت، شمع النخيل، شمع الخروع، شمع الصويا، شمع الزيتون والزيوت النباتية المهدرجة للمراهم والكريمات والتحاميل.\n\nحلول ذات نقاء عالٍ ومتوافقة مع الهيئة الدوائية، تضمن الثبات، الملمس الناعم، وإطلاق الدواء بشكل منتظم في التركيبات الموضعية والفموية.', '2026-02-06 04:47:39', '2026-02-11 17:07:37'),
(5, 'sec-005', 'المنسوجات والجلود', 'شمعات الخضروات عالية الأداء بما في ذلك شمع كارnauba، شمع كانديليا، شمع نخالة الأرز، شمع عباد الشمس، شمع بذور اللفت، شمع النخيل، شمع العسل، شمع الصويا، بالإضافة إلى شمعات البارافين والاستحلابات المستخدمة في تشطيب الأقمشة، ومعالجة الجلود، ومانعة التسرب للماء.\n\nتوفير تزييت فائق، ومقاومة للماء، ومقاومة للاهتراء لتحسين قابلية الخياطة، وقوة التمزق، وكفاءة المعالجة في تصنيع المنسوجات ومعالجة الجلود.', '2026-02-06 04:49:17', '2026-02-11 17:08:10'),
(6, 'sec-006', 'مطاط والبلاستيك', 'شمع البارافين المكرر بالكامل، وشموع الميكروكريستالين، وشمع السلاك، وشموع PE المثلى لإنتاج الإطارات، ومعالجة البلاستيك، وخلطات المطاط.\n\nزيوت التزليق الفائقة، والعوامل المفرغة، وأنواع المساعدة في التشتت التي تضمن عملية بكرات سلسة، والحقن بالبلاستيك، والكرناء، وإزالة القوالب مع تشطيب سطحي ممتاز وكفاءة عالية في المعالجة.', '2026-02-06 04:51:11', '2026-02-11 17:08:39'),
(7, 'sec-007', 'التعبئة والتغليف', 'شمع البارافين المكرر بشكل كامل، وشمع الميكروكريستالين، وشمع السلاك، وشموع البوليثيلين (PE)، بالإضافة إلى شمع الكارنيوبا الطبيعي وشمع العسل للتغطية بالورق، وتبطين الصناديق، وإنتاج التغليف المرن.\n\nخصائص ممتازة من حيث مقاومة الماء، ومقاومة الدهون، وسهولة الانزلاق، مما يضمن حواجز فعالة ضد الرطوبة، وتلك المكونة للاستخدام في تغطيات الطعام، وأداء فعال في الختم الحراري عبر الكرافت، والصناديق القابلة للطي، والأغشية المرنة.', '2026-02-06 04:53:08', '2026-02-11 17:09:10'),
(8, 'sec-008', 'لاصقات', 'شمع البرافين المكرر بالكامل، وشموع الميكروكريستالين، وشمع السلاك، وشموع PE، وشمع الكارنوبا، وشمع العسل كمضافات عالية الأداء للطلاءات، والأحبار، واللامينيت، والمستحلبات.\n\nعزز مقاومة الخدش، وحاجز الرطوبة، ومقاومة التآزر، وتقليل معامل الاحتكاك، وخصائص الإطلاق لضمان أداء متفوق لللوح المموج، والورق المقوى، والتغليف المرن.', '2026-02-06 04:54:49', '2026-02-11 17:09:42'),
(9, 'sec-009', 'التلميع والطلاءات', 'شعيرات البرافين المكررة بالكامل، شمع الميكروليني، شمع الكربونوبا، وشمع العسل لطلاءات الأرضيات عالية اللمعان، العناية بالأثاث، الطلاءات السيارات، والحماية الصناعية للأسطح.\n\nمقاومة استثنائية للتآكل، وسهولة التلميع، ولمعان يوفر حماية طويلة الأمد وتشطيب احترافي عبر الأسطح الخشبية والمعادن والجلود والمواد المركبة.', '2026-02-06 04:57:01', '2026-02-11 17:10:12'),
(10, 'sec-010', 'الورق والطباعة', 'شمع البارافين المكرر بالكامل، والشمع البلوري الدقيق، وشمع الكربونة، وشمع العسل، والشمع الصناعي لتغليف الورق، ومقاومة فرك الحبر، وتطبيقات الإفراج.\n\nحاجز رطوبة متفوق، وخصائص مقاومة الالتصاق، وتحسين الطباعة، مما يضمن حماية عالية الجودة للسطح، وارتباط ممتاز للحبر، ومعالجة فعالة لورق التعبئة والطباعة الخاصة.', '2026-02-06 04:59:23', '2026-02-11 17:05:36');

--
-- Dumping data for table `sectors_de`
--

INSERT INTO `sectors_de` (`id`, `master_id`, `name`, `description`, `created_at`, `updated_at`) VALUES
(1, 'sec-001', 'Kerzenherstellung', 'Vollständige Wachslösungen für die Kerzenherstellung\nPremium natürlich/ Pflanzliche Wachse (Soja, Palm, Raps, Kokos, Bienenwachs) und Erdölwachse (vollständig/semi-raffiniertes Paraffin 52-68°C, Mikrokristallin) für alle Kerzenarten.\n\nFertige Wachsformulierungen: Direkt schmelzen—keine Zusätze erforderlich—for perfekte Säulen-, Votiv- oder Glasgefäßenkerzen mit hervorragender Duftverteilung und Brennqualität.', '2026-02-06 04:43:04', '2026-02-11 17:06:11'),
(2, 'sec-002', 'Kosmetik', 'Premium-Gemüsewachse für die Kosmetikherstellung\n\nHochwertige natürliche Gemüsewachse, darunter Sonnenblumenwachs, Rapswachs, Palmenwachs, Bienenwachs, Carnaubawachs, Candelillawachs, Reiskleie-Wachs, Sojawachs, Rizinuswachs, Olivenwachs, Avocado-Wachs, Hanfwachs, Beerwachs (Rhus verniciflua) und Myrtenfruchtwachs für Cremes, Lippenstifte und Hautpflege.\n\nPerfekte Emollients, Verdickungsmittel und Stabilisatoren, die eine geschmeidige Textur und überlegene Leistung gewährleisten.', '2026-02-06 04:44:45', '2026-02-11 17:06:41'),
(3, 'sec-003', 'Nahrung & Getränke', 'Premium Essbare Öle & Fette für die Lebensmittelherstellung\n\nVollständig raffinierte essbare Öle (Palm, Soja, Sonnenblume, Raps, Olivenöl, Kokosnuss), Stearine (Palm, Soja) und Fette für Backwaren, Süßwaren und Frittieren.\n\nHochstabile, neutral schmeckende Lösungen, die eine gleichbleibende Textur, verlängerte Haltbarkeit und überlegene Leistung in der Lebensmittelverarbeitung gewährleisten.', '2026-02-06 04:46:23', '2026-02-11 17:07:12'),
(4, 'sec-004', 'Arzneimittel', 'Premium-Zutaten für die pharmazeutische Herstellung\n\nPharma-Qualitäts-Gemüsewachse, einschließlich Bienenwachs (BP/Ph.Eur), Carnaubawachs, Candelillawachs, Reiskleiewachs, Sonnenblumenwachs, Rapswachs, Palmwachs, Rizinuswachs, Sojawachs, Olivenwachs und hydrierte pflanzliche Öle für Salben, Cremes und Suppositorien.\n\nHochreine, pharmazeutikawissenschaftlich konforme Lösungen, die Stabilität, eine glatte Textur und eine gleichmäßige Wirkstofffreisetzung in topischen und oralen Formulierungen gewährleisten.', '2026-02-06 04:48:01', '2026-02-11 17:07:43'),
(5, 'sec-005', 'Stoffe & Leder', 'Hochleistungs-Gemüsetherwaxen, einschließlich Carnaubawachs, Candelillawachs, Reiskernwachs, Sonnenblumenwachs, Rapswachs, Palmenwachs, Bienenwachs, Sojawachs sowie Paraffinwachs und -emulsionen für Stoffbehandlungen, Lederpflege und Wasserdichtigkeit.\n\nHervorragende Schmierfähigkeit, Wasserabweisung und Abriebfestigkeit für verbesserte Nahtbarkeit, Reißfestigkeit und Verarbeitungseffizienz in der Textilherstellung und Lederverarbeitung.', '2026-02-06 04:49:36', '2026-02-11 17:08:15'),
(6, 'sec-006', 'Gummi & Kunststoffe', 'Vollständig raffinierte Paraffinwachse, Mikrocrystalline-Wachse, Slack-Wachs und PE-Wachse, optimiert für die Reifenherstellung, Kunststoffverarbeitung und Gummi-Compoundierung.\n\nHochwertige Schmierstoffe, Entformmittel und Dispergierhilfsmittel, die eine reibungslose Extrusion, Spritzgießen, Kalanderung und Entformung mit hervorragender Oberflächenqualität und Verarbeitungseffizienz gewährleisten.', '2026-02-06 04:51:33', '2026-02-11 17:08:46'),
(7, 'sec-007', 'Verpackung', 'Vollständig raffinierte Paraffinkwachs, Mikrocrystallines Wachs, Slack Wachs, PE-Wachs sowie natürliches Carnaubawachs und Bienenwachs für die Papierbeschichtung, Wellpapplaminierung und die Produktion flexibler Verpackungen.\n\nHervorragende Wasserdichtigkeit, Fettresistenz und Trenneigenschaften, die langlebige Feuchtigkeitsbarrieren, lebensmittelechte Beschichtungen und eine effiziente Heißversiegelung bei Wellpappe, Faltschachteln und flexiblen Folien gewährleisten.', '2026-02-06 04:53:23', '2026-02-11 17:09:18'),
(8, 'sec-008', 'Klebstoffe', 'Vollständig raffiniertes Paraffinwachs, Mikrokristallwachs, Slack-Wachs, PE-Wachs, Carnaubawachs und Bienenwachs als Hochleistungs-additive für Beschichtungen, Tinten, Laminierungen und Emulsionen.\n\nVerbessern Sie Kratzfestigkeit, Feuchtigkeitsbarriere, Anti-Block, COF-Reduzierung und Freigabeeigenschaften für eine überlegene Leistung bei Wellpappe, Karton und flexiblem Verpackungsmaterial.', '2026-02-06 04:55:09', '2026-02-11 17:09:48'),
(9, 'sec-009', 'Polieren & Beschichtungen', 'Vollständig raffinierte Parafinwachse, Mikrocrystalline Wachse, Carnaubawachs und Bienenwachs für Hochglanz-Fußbodenpolituren, Möbelpflege, Automobillackierungen und industrielle Oberflächenschutzmaßnahmen.\n\nAußergewöhnliche Abriebfestigkeit, Polierbarkeit und Glanz, die langanhaltenden Schutz und professionelles Finish auf Holz-, Metall-, Leder- und Verbundoberflächen bieten.', '2026-02-06 04:57:34', '2026-02-11 17:10:18'),
(10, 'sec-010', 'Papier & Druck', 'Vollständig raffinierte Paraffinwachsarten, Mikrocrystallines Wachs, Carnauba-Wachs, Bienenwachs und synthetische Wachse für Papierbeschichtungen, Tintentransferbeständigkeit und Entlarrvorrichtungen.\n\nHervorragende Feuchtigkeitsbarriere, Antihaft-Eigenschaften und Druckverbesserung, die eine hochwertige Oberflächenschutz, exzellente Tintenhaftung und effiziente Verarbeitung für Verpackungspapiere und Spezialdrucke gewährleisten.', '2026-02-06 04:59:43', '2026-02-11 17:05:42');

--
-- Dumping data for table `sectors_es`
--

INSERT INTO `sectors_es` (`id`, `master_id`, `name`, `description`, `created_at`, `updated_at`) VALUES
(1, 'sec-001', 'Fabricación de velas', 'Soluciones completas de cera para la fabricación de velas\nCeras naturales y vegetales de primera calidad (soja, palma, colza, coco, cera de abeja) y ceras de petróleo (parafinas completamente o semi-refinadas a 52-68°C, microcristalinas) para todo tipo de velas.\n\nMezclas de cera listas para usar: fundir directamente—sin necesidad de aditivos—para velas de pilar, votivas o en contenedores, con una capacidad superior de difusión del aroma y una combustión perfecta.', '2026-02-06 04:42:32', '2026-02-11 17:06:02'),
(2, 'sec-002', 'Cosméticos', 'Ceras vegetales premium para la fabricación de cosméticos\n\nCeras vegetales naturales de alta calidad, incluyendo cera de girasol, cera de colza, cera de palma, cera de abejas, cera de carnauba, cera de candelilla, cera de salvado de arroz, cera de soja, cera de ricino, cera de oliva, cera de aguacate, cera de cáñamo, cera de baya (Rhus verniciflua) y cera de fruta de Myrica para cremas, barras de labios y cuidado de la piel.\n\nEmolientes, espesantes y estabilizadores perfectos que ofrecen una textura suave y un rendimiento superior.', '2026-02-06 04:44:15', '2026-02-11 17:06:32'),
(3, 'sec-003', 'Alimentos y Bebidas', 'Aceites y grasas comestibles premium para la fabricación de alimentos\n\nAceites comestibles totalmente refinados (palma, soja, girasol, colza, oliva, coco), estearinas (palma, soja) y shortenings para aplicaciones en panadería, confitería y frituras.\n\nSoluciones de alta estabilidad y sabor neutral que garantizan una textura consistente, una vida útil prolongada y un rendimiento superior en las necesidades de procesamiento de alimentos.', '2026-02-06 04:45:46', '2026-02-11 17:07:02'),
(4, 'sec-004', 'Farmacéuticos', 'Ingredientes Premium para Fabricación Farmacéutica\n\nCeras vegetales de grado farmacéutico, incluyendo Cera de abejas (BP/Ph.Eur), cera de carnauba, cera de candelilla, cera de salvado de arroz, cera de girasol, cera de colza, cera de palma, cera de ricino, cera de soja, cera de oliva y aceites vegetales hidrogenados para ungüentos, cremas y suppositorios.\n\nSoluciones de alta pureza, en cumplimiento con la farmacopea, que garantizan estabilidad, textura suave y liberación constante del medicamento en formulaciones tópicas y orales.', '2026-02-06 04:47:28', '2026-02-11 17:07:33'),
(5, 'sec-005', 'Textiles y Cuero', 'Ehigh-performance vegetale ceras, incluyendo cera de Carnauba, cera de Candelilla, cera de salvado de arroz, cera de girasol, cera de colza, cera de palma, cera de abejas, cera de soja, además de ceras y emulsiones de parafina para el acabado de tejidos, tratamiento de cuero y impermeabilización.\n\nLubricación superior, repelencia al agua y resistencia a la abrasión para una mejorabilidad, resistencia a roturas y eficiencia en el procesamiento en la fabricación textil y el tratamiento del cuero.', '2026-02-06 04:49:03', '2026-02-11 17:08:06'),
(6, 'sec-006', 'Caucho y Plásticos', 'Ceras de parafina completamente refinadas, ceras microcristalinas, cera de recorte y ceras PE optimizadas para la producción de neumáticos, procesamiento de plásticos y compounding de caucho.\n\nLubricantes superiores, agentes de liberación y auxiliares de dispersión que aseguran una extrusión, moldeo por inyección, calandrado y desmoldeo suaves, con un acabado superficial excelente y eficiencia en el procesamiento.', '2026-02-06 04:50:52', '2026-02-11 17:08:35'),
(7, 'sec-007', 'Embalaje', 'Ceras de parafina totalmente refinadas, ceras microcristalinas, cera de residuo, ceras PE, además de cera de carnauba natural y cera de abeja para recubrimiento de papel, laminación de cartón y producción de envases flexibles.\n\nPropiedades superiores de impermeabilidad, resistencia a grasas y liberación que garantizan barreras contra la humedad duraderas, recubrimientos aptos para alimentos y un rendimiento eficiente en sellado térmico en cartón corrugado, cajas plegables y films flexibles.', '2026-02-06 04:52:57', '2026-02-11 17:09:06'),
(8, 'sec-008', 'Adhesivos', 'Ceras de parafina totalmente refinadas, ceras microcristalinas, cera de desmoldar, ceras PE, cera de carnauba y cera de abejas como aditivos de alto rendimiento para recubrimientos, tintas, laminados y emulsiones.\n\nMejoran la resistencia a los arañazos, la barrera contra la humedad, las propiedades antiadherentes, la reducción del COF y las propiedades de liberación para un rendimiento superior en cartón corrugado, cartón ondulado y envases flexibles.', '2026-02-06 04:54:30', '2026-02-11 17:09:38'),
(9, 'sec-009', 'Pulidos y recubrimientos', 'Ceras de parafina completamente refinadas, ceras microcristalinas, cera de carnauba y cera de abeja para pulimentos de alto brillo, cuidado de muebles, recubrimientos automotrices y protección de superficies industriales.\n\nExcepcional resistencia a la abrasión, capacidad de pulido y brillo que ofrecen protección duradera y acabado profesional en superficies de madera, metal, cuero y compuestos.', '2026-02-06 04:56:41', '2026-02-11 17:10:07'),
(10, 'sec-010', 'Papel y Impresión', 'Parafinas totalmente refinadas, ceras microcristalinas, cera de carnauba, cera de abeja y ceras sintéticas para recubrimiento de papel, resistencia al rozado de tinta y aplicaciones de liberación.\n\nExcelente barrera contra la humedad, propiedades antiadherentes y mejora de impresión que garantizan una protección de superficie de alta calidad, una excelente adhesión de tinta y un procesamiento eficiente para papeles de embalaje e impresión especializada.', '2026-02-06 04:59:08', '2026-02-11 17:05:32');

--
-- Dumping data for table `sectors_fr`
--

INSERT INTO `sectors_fr` (`id`, `master_id`, `name`, `description`, `created_at`, `updated_at`) VALUES
(1, 'sec-001', 'Fabrication de bougies', 'Solutions complètes de cires pour la fabrication de bougies\nCires naturelles/à base de plantes de qualité premium (soja, palme, colza, noix de coco, cire d\'abeille) et cires minérales (paraffine entièrement/semi-refinée à 52-68°C, microcristalline) pour tous types de bougies.\n\nMélanges de cires prêts à l\'emploi : fondre directement — aucun additif nécessaire — pour des bougies en pilier, votives ou en contenant avec une diffusion de parfum et une combustion exceptionnelles.', '2026-02-06 04:42:37', '2026-02-11 17:06:04'),
(2, 'sec-002', 'Cosmétiques', 'Cires végétales premium pour la fabrication de cosmétiques\n\nCires végétales naturelles de haute qualité, notamment cire de tournesol, cire de colza, cire de palme, cire d\'abeille, cire de carnauba, cire de candelilla, cire de son de riz, cire de soja, cire de ricin, cire d\'olive, cire d\'avocat, cire de chanvre, cire de baie (Rhus verniciflua) et cire de fruits de Myrica pour crèmes, rouges à lèvres et soins de la peau.\n\nEmollients parfaits, épaississants et stabilisants offrant une texture lisse et des performances supérieures.', '2026-02-06 04:44:18', '2026-02-11 17:06:34'),
(3, 'sec-003', 'Alimentation & Boissons', 'Huiles et graisses comestibles de qualité premium pour la fabrication alimentaire\n\nHuiles comestibles entièrement raffinées (palm, soja, tournesol, rapeseed, olive, noix de coco), stéarines (palm, soja) et shortenings pour la boulangerie, la confiserie et la friture.\n\nSolutions à haute stabilité et saveur neutre garantissant une texture constante, une durée de conservation prolongée et des performances supérieures dans tous les processus de transformation des aliments.', '2026-02-06 04:45:55', '2026-02-11 17:07:04'),
(4, 'sec-004', 'Produits pharmaceutiques', 'Ingrédients de qualité Premium pour la fabrication pharmaceutique\n\nCires végétales de qualité pharmaceutique, notamment la cire d\'abeille (BP/Ph.Eur), la cire de carnauba, la cire de candelilla, la cire de son de riz, la cire de tournesol, la cire de colza, la cire de palme, la cire de ricin, la cire de soja, la cire d\'olive, ainsi que les huiles végétales hydrogénées pour onguents, crèmes et suppositoires.\n\nSolutions de haute pureté, conformes à la pharmacopée, garantissant stabilité, texture lisse et libération constante du médicament dans les formulations topiques et orales.', '2026-02-06 04:47:33', '2026-02-11 17:07:35'),
(5, 'sec-005', 'Textiles & Cuir', 'Cires végétales haute performance, notamment cire de Carnauba, cire de Candelilla, cire de son de riz, cire de tournesol, cire de colza, cire de palme, cire d\'abeille, cire de soja, ainsi que cires et émulsions paraffiniques pour le traitement des tissus, le traitement du cuir et l\'imperméabilisation.\n\nLubrification supérieure, résistance à l\'eau et à l\'abrasion pour une meilleure sewabilité, une résistance à la déchirure et une efficacité accrue en fabrication textile et traitement du cuir.', '2026-02-06 04:49:11', '2026-02-11 17:08:08'),
(6, 'sec-006', 'Caoutchouc & Plastiques', 'Cires paraffiniques entièrement raffinées, cires microcristallines, cires slack et cires PE optimisées pour la fabrication de pneus, la transformation plastique et leCompound du caoutchouc.\n\nLubrifiants, agents de démoulage et dispersants supérieurs garantissant une extrusion, une injection, un calandrage et un démoulage fluides, avec une finition de surface excellente et une efficacité de traitement optimale.', '2026-02-06 04:51:04', '2026-02-11 17:08:37'),
(7, 'sec-007', 'Emballage', 'Cires paraffines entièrement raffinées, cires microcristallines, cire de blanchiment, cires PE, ainsi que cire de carnauba naturelle et cire d\'abeille pour le revêtement du papier, la laminage de carton, et la production d\'emballages flexibles.\n\nExcellentes propriétés d\'étanchéité à l\'eau, de résistance à la graisse et de libération, garantissant des barrières à l\'humidité durables, des revêtements sûrs pour l\'alimentation, et une performance efficace de thermosoudure pour le carton ondulé, les cartons pliants et les films flexibles.', '2026-02-06 04:53:03', '2026-02-11 17:09:08'),
(8, 'sec-008', 'Adhésifs', 'Cires paraffines entièrement raffinées, cires microcristallines, cire brute, cires PE, cire de carnauba et cire d\'abeille en tant qu\'additifs haute performance pour les revêtements, encres, laminés et émulsions.\n\nAméliorez la résistance aux rayures, la barrière contre l\'humidité, l\'anti-blocage, la réduction du COF et les propriétés de libération pour des performances supérieures des cartonnages ondulés, cartons, et emballages flexibles.', '2026-02-06 04:54:35', '2026-02-11 17:09:41'),
(9, 'sec-009', 'Polishings & Revêtements', 'Cires paraffines entièrement raffinées, cires microcristallines, cire de carnauba et cire d\'abeille pour des polish pour sols haute brillance, lustrage de meubles, revêtements automobiles et protection industrielle des surfaces.\n\nRésistance exceptionnelle à l\'abrasion, capacité de polissage et brillance offrant une protection durable et une finition professionnelle sur surfaces en bois, métal, cuir et composites.', '2026-02-06 04:56:50', '2026-02-11 17:10:10'),
(10, 'sec-010', 'Papier et Impression', 'Cires de paraffine entièrement raffinées, cires microcristallines, cire de carnauba, cire d\'abeille et cires synthétiques pour l\'enduction de papier, la résistance au frottement de l\'encre et les applications de décolletage.\n\nBarrière à l\'humidité supérieure, propriétés anti-adhésives, et amélioration de l\'impression garantissant une protection de surface de haute qualité, une excellente adhérence de l\'encre, et un traitement efficace pour les papiers d\'emballage et l\'impression spécialisée.', '2026-02-06 04:59:16', '2026-02-11 17:05:34');

--
-- Dumping data for table `sectors_it`
--

INSERT INTO `sectors_it` (`id`, `master_id`, `name`, `description`, `created_at`, `updated_at`) VALUES
(1, 'sec-001', 'Creazione di candele', 'Soluzioni complete a base di cera per la produzione di candele\nCerate naturali/vegetali di alta qualità (soia, palma, colza, cocco, cera d\'api) e cere petrolifere (paraffina completamente/semi raffinata a 52-68°C, microcristallina) per tutti i tipi di candele.\n\nMiscele di cere pronte all\'uso: Scaldate direttamente—senza bisogno di additivi—per candele a pilastro, votive o in contenitore perfette, con una diffusione di profumo e una combustione superiori.', '2026-02-06 04:43:59', '2026-02-11 17:06:26'),
(2, 'sec-002', 'Cosmetici', 'Cere Waxes Vegetali Premium per la Produzione di Cosmetici\n\nCere vegetali naturali di alta qualità, tra cui cera di Girasole, cera di Colza, cera di Palmo, Cera d\'Api, Cera di Carnauba, Cera di Candelilla, cera di sansa di Riso, cera di Soia, cera di Ricino, cera di Olive, cera di Avocado, cera di Canapa, cera di Bacca (Rhus verniciflua) e cera di frutta di Myrica, ideali per creme, rossetti e cura della pelle.\n\nPerfetti emollienti, addensanti e stabilizzanti che garantiscono una consistenza liscia e prestazioni superiori.', '2026-02-06 04:45:31', '2026-02-11 17:06:56'),
(3, 'sec-003', 'Alimentazione & Bevande', 'Oli e Grassi Edibili di Qualità Premium per la Produzione Alimentare\n\nOli edibili completamente raffinati (palma, soia, girasole, colza, oliva, cocco), stearine (palma, soia) e shortings per applicazioni di panificazione, confetteria e frittura.\n\nSoluzioni ad alta stabilità e sapore neutro che garantiscono una consistenza uniforme, una durata prolungata e prestazioni superiori in tutte le esigenze di lavorazione alimentare.', '2026-02-06 04:47:10', '2026-02-11 17:07:27'),
(4, 'sec-004', 'Farmaceutici', 'Ingredient premium per la produzione farmaceutica\n\nCere vegetali di qualità farmacopea, tra cui Cera d\'api (BP/Ph.Eur), cera di carnauba, cera di candelilla, cera di germe di riso, cera di girasole, cera di colza, cera di palma, cera di ricino, cera di soia, cera d\'oliva e oli vegetali idrogenati per unguenti, creme e supposte.\n\nSoluzioni ad alta purezza conformi alla farmacopea, garantendo stabilità, texture liscia e rilascio costante del farmaco in formulazioni topiche e orali.', '2026-02-06 04:48:42', '2026-02-11 17:08:00'),
(5, 'sec-005', 'Tessuti & Pelle', 'Cere di derivazione vegetale ad alte prestazioni, tra cui cera di Carnauba, cera di Candelilla, cera di crusca di riso, cera di girasole, cera di colza, cera di palma, cera d\'api, cera di soia, oltre a cere e emulsioni di paraffina per il finissaggio tessile, il trattamento della pelle e la impermeabilizzazione.\n\nLubrificazione superiore, repellenza all\'acqua e resistenza all\'abrasione per una migliore lavorabilità, resistenza alla rottura e efficienza nei processi di produzione tessile e lavorazione della pelle.', '2026-02-06 04:50:29', '2026-02-11 17:08:30'),
(6, 'sec-006', 'Gomma & Plastica', 'Cere a paraffina completamente raffinata, cere microcristalline, cere scoperte e cere PE ottimizzati per la produzione di pneumatici, la lavorazione delle materie plastiche e la modifica del caucciù.\n\nLubrificanti superiori, agenti sbloccanti e ausiliari di dispersione che garantiscono un\'estrusione, uno stampaggio a iniezione, un calandamento e uno smontaggio senza problemi, con un\'eccellente finitura superficiale e efficienza di lavorazione.', '2026-02-06 04:52:39', '2026-02-11 17:09:00'),
(7, 'sec-007', 'Confezionamento', 'Cera di paraffina completamente raffinata, cera microcristallina, cera slack, cere PE, oltre a cera naturale di carnauba e cera d\'api per la rivestitura della carta, laminazione di cartoni e produzione di imballaggi flessibili.\n\nProprietà superiori di impermeabilità, resistenza al grasso e rilascio, garantendo barriere durature contro l\'umidità, rivestimenti sicuri per alimenti e prestazioni efficienti di termosigillatura su cartoni ondulati, cartoni pieghevoli e film flessibili.', '2026-02-06 04:54:12', '2026-02-11 17:09:32'),
(8, 'sec-008', 'Adesivi', 'Ceri di paraffina completamente raffinati, cere microcristalline, cere grezze, cere PE, cera di carnauba e cera d\'api come additivi ad alte prestazioni per rivestimenti, inchiostri, laminati ed emulsioni.\n\nMigliora la resistenza ai graffi, la barriera contro l\'umidità, le proprietà anti-adesione, la riduzione del coefficiente di attrito (COF) e le proprietà di rilascio per prestazioni superiori di cartoni ondulati, cartoni pressati e imballaggi flessibili.', '2026-02-06 04:56:08', '2026-02-11 17:10:02'),
(9, 'sec-009', 'Lucidature e Rivestimenti', 'Cere paraffin completamente raffinata, cere microcristalline, cera di carnauba e cera d\'api per cere per pavimenti ad alto gloss, cura dei mobili, rivestimenti automobilistici e protezione delle superfici industriali.\n\nEccezionale resistenza all\'abrasione, lucidabilità e brillantezza, offrendo una protezione duratura e una finitura professionale su superfici di legno, metallo, pelle e composito.', '2026-02-06 04:58:42', '2026-02-11 17:10:33'),
(10, 'sec-010', 'Carta e Stampa', 'Cere di paraffina completamente raffinati, cere microcristalline, cera di carnauba, cera d\'api e cere sintetiche per rivestimenti di carta, resistenza all\'attrito dell\'inchiostro e applicazioni di rilascio.\n\nBarriera superiore contro l\'umidità, proprietà anti-aderenti e miglioramento della stampa che garantiscono una protezione di alta qualità per la superficie, un\'ottima adesione dell\'inchiostro e un\'elaborazione efficiente per carte da imballaggio e stampa specialistica.', '2026-02-06 05:00:37', '2026-02-11 17:05:57');

--
-- Dumping data for table `sectors_ja`
--

INSERT INTO `sectors_ja` (`id`, `master_id`, `name`, `description`, `created_at`, `updated_at`) VALUES
(1, 'sec-001', 'キャンドル作り', 'キャンドル製造向け完全ワックスソリューション\n高品質な天然・植物性ワックス（大豆、パーム、菜種、ココナッツ、蜜蝋）および石油系ワックス（完全精製/半精製パラフィン 52-68°C、マイクロクリスタル）をすべてのタイプのキャンドルに対応。\n\nすぐに使用できるワックスブレンド：添加剤不要で直接溶かして使用可能。優れた香りの拡散と燃焼を実現し、ピラーキャンドル、ヴィトー、コンテナキャンドルに最適。', '2026-02-06 04:43:11', '2026-02-11 17:06:13'),
(2, 'sec-002', '化粧品', '化粧品製造用高級野菜ワックス\n\nヒマワリワックス、菜種ワックス、パームワックス、ミツロウ、カルナウバワックス、キャンデリラワックス、米ぬかワックス、大豆ワックス、ホワイトココヤシワックス、オリーブワックス、アボカドワックス、ヘンプワックス、ベリー（RhUs verniciflua）ワックス、ミヤマフルーツワックスなど、高品質な天然野菜ワックスを使用し、クリーム、リップスティック、スキンケア製品に最適です。\n\n完璧なエモリエント、増粘剤、安定剤として、滑らかな質感と優れた性能を実現します。', '2026-02-06 04:44:50', '2026-02-11 17:06:43'),
(3, 'sec-003', '飲食業', '食品製造向け高級食用油および脂肪\n\n完全精製された食用油（パーム、ソイ、ヒマワリ、ナタネ、オリーブ、ココナッツ）、ステアリン（パーム、ソイ）、およびベーカリー、製菓、揚げ物用途のショートニング。\n\n高安定性で中立的な風味のソリューションにより、一貫した食感、長期保存性、そして食品処理のあらゆるニーズにおいて優れたパフォーマンスを保証します。', '2026-02-06 04:46:29', '2026-02-11 17:07:14'),
(4, 'sec-004', '医薬品', '医薬品製造用プレミアム成分\n\nビーズワックス（BP/Ph.Eur）、カルナウバワックス、キャンデリラワックス、米糠ワックス、ヒマワリ油ワックス、菜種油ワックス、パームオイルワックス、カスターオイルワックス、大豆ワックス、オリーブワックス、および軟膏、クリーム、座薬用の水素化植物油を含む医薬品グレードの植物性ワックス。\n\n高純度で薬局方適合のソリューションは、安定性、滑らかなテクスチャー、および局所および経口製剤における一貫した薬物放出を保証します。', '2026-02-06 04:48:06', '2026-02-11 17:07:46'),
(5, 'sec-005', '繊維＆レザー', 'カーノゥバワックス、キャンデリラワックス、米ぬかワックス、ひまわりワックス、菜種ワックス、パームワックス、 beeswax（ミツロウ）、大豆ワックスに、パラフィンワックスやエマルジョンを含む高性能植物性ワックスは、織物仕上げ、革の処理、防水処理に使用されます。\n\n優れた潤滑性、防水性、耐摩耗性により、縫いやすさ、引裂強度、および衣料品製造や革加工における処理効率が向上します。', '2026-02-06 04:49:44', '2026-02-11 17:08:17'),
(6, 'sec-006', 'ゴム＆プラスチック', 'タイヤ製造、プラスチック加工、およびゴム混合に最適化された完全精製パラフィンワックス、マイクロクリスタルワックス、スラックワックス、PEワックス。\n\n優れた潤滑剤、離型剤、および分散促進剤で、スムーズな押出、射出成形、カレンダリング、および離型を実現し、優れた表面仕上げと加工効率を確保します。', '2026-02-06 04:51:42', '2026-02-11 17:08:49'),
(7, 'sec-007', 'パッケージング', '完全精製パラフィンワックス、マイクロクリスタリンワックス、スラックワックス、PEワックスに加え、紙のコーティング、ボードのラミネート、柔軟なパッケージング製品向けの天然カルナウバワックスと蜜蝋を提供します。\n\n優れた防水性、耐油性、離型性を備え、耐久性のある湿気バリア、食品安全コーティング、効率的なホットシール性能を実現し、段ボール箱、折りたたみ箱、柔軟性のあるフィルム全体で活用されています。', '2026-02-06 04:53:30', '2026-02-11 17:09:20'),
(8, 'sec-008', '接着剤', '完全精製パラフィンワックス、ミクロクリスタルワックス、スラックワックス、PEワックス、カルナウバワックス、および蜜蝋をコーティング、インク、ラミネート、エマルションの高性能添加剤として使用。\n\n傷防止性、耐湿バリア性、ブロック防止、COF低減、および離素性を向上させ、優れた段ボール、紙箱、および柔軟包装の性能を実現します。', '2026-02-06 04:55:14', '2026-02-11 17:09:50'),
(9, 'sec-009', 'ポリッシュ＆コーティング', '高光沢の床用ポリッシュ、家具ケア、自動車コーティング、産業用表面保護のための完全精製パラフィンワックス、ミクロクリスタリンワックス、カルナウバワックス、蜜蝋。\n\n優れた耐摩耗性、研磨性、光沢を備え、木材、金属、革、複合素材の表面に長持ちする保護とプロフェッショナルな仕上がりを実現します。', '2026-02-06 04:57:46', '2026-02-11 17:10:20'),
(10, 'sec-010', 'ペーパー＆印刷', '完全精製パラフィンワックス、微結晶ワックス、カラナウアワックス、ミツロウ、および紙コーティング、インク擦過抵抗、リリース用途に適した合成ワックス。\n\n優れた防湿性、非粘着性、および印刷向上性により、高品質な表面保護、優れたインク付着性、効率的な加工を実現し、包装紙や特殊印刷に最適です。', '2026-02-06 04:59:49', '2026-02-11 17:05:44');

--
-- Dumping data for table `sectors_ko`
--

INSERT INTO `sectors_ko` (`id`, `master_id`, `name`, `description`, `created_at`, `updated_at`) VALUES
(1, 'sec-001', '양초 제작', '양초 제조를 위한 완전한 왁스 솔루션\n프리미엄 천연/식물성 왁스(소이, 팜, 유채, 코코넛, 밀랍) 및 석유 계 왁스(전면/반정제 파라핀 52-68°C, 미크로크리스탈라인)를 모든 양초 유형에 적합하게 제공합니다.\n\n즉시 사용 가능한 왁스 블렌드: 바로 녹여서 사용하세요—첨가제 필요 없음—우수한 향 전달력과 우수한 연소 특성을 갖춘 피라미드, 보티브, 컨테이너 양초에 이상적입니다.', '2026-02-06 04:43:47', '2026-02-11 17:06:22'),
(2, 'sec-002', '화장품', '화장품 제조용 프리미엄 식물성 왁스\n\n해바라기 왁스, 유채씨 왁스, 야자 왁스, 밀랍, 카르나우바 왁스, 칸델릴라 왁스, 쌀겨 왁스, 대두 왁스, 피마자 왁스, 올리브 왁스, 아보카도 왁스, 햄프 왁스, 베리 왁스 (Rhus verniciflua), 마이르카 과일 왁스 등 고품질 천연 채소성 왁스는 크림, 립스틱, 스킨케어에 적합합니다.\n\n완벽한 피부 연화제, 증점제, 안정제로서 부드러운 질감과 뛰어난 성능을 제공합니다.', '2026-02-06 04:45:22', '2026-02-11 17:06:52'),
(3, 'sec-003', '식품 및 음료', '식품 제조용 프리미엄 식용유 및 유지\n\n정제된 식용유(팜유, 대두유, 해바라기유, 유채유, 올리브유, 코코넛유), 스테아린(팜유, 대두유), 및 제과, 제빵, 튀김용 쇼트닝.\n\n높은 안정성, 중립적인 풍미의 솔루션으로 일관된 식감, 연장된 유통기한, 그리고 식품 가공 전반에 걸친 우수한 성능을 보장합니다.', '2026-02-06 04:46:56', '2026-02-11 17:07:22'),
(4, 'sec-004', '제약 산업', '제약 제조용 프리미엄 원료\n\n제약 등급의 식물성 왁스(벌왁스(BP/Ph.Eur), 카르나우바 왁스, 칸델릴라 왁스, 쌀겨 왁스, 해바라기 왁스, 유채씨 왁스, 야자 왁스, 피마자 왁스, 두유 왁스, 올리브 왁스) 및 연고, 크림, 좌약용 수소화 식물성 오일.\n\n높은 순도와 의약품 규격 적합성을 갖춘 솔루션으로, 안정성, 부드러운 질감, 그리고 일관된 약물 방출을 위한 탑재형 및 경구용 제형을 보장합니다.', '2026-02-06 04:48:30', '2026-02-11 17:07:55'),
(5, 'sec-005', '직물 및 가죽', '카르나우바 왁스, 칸델리라 왁스, 쌀겨 왁스, 해바라기 왁스, 유채 왁스, 야자 왁스, 밀랍, 대두 왁스, 그리고 섬유 마감, 가죽 처리 및 방수용 파라핀 왁스와 유제 등 고성능 채소 왁스.\n\n혁신적인 윤활성, 방수성, 마모 저항으로 직물 제조 및 가죽 가공에서 봉제성 향상, 찢어짐 강도 증가, 처리 효율성 증대.', '2026-02-06 04:50:12', '2026-02-11 17:08:25'),
(6, 'sec-006', '고무 및 플라스틱', '완전 정제된 파라핀 왁스, 마이크로크리스탈라인 왁스, 슬랙 왁스 및 PE 왁스는 타이어 생산, 플라스틱 가공 및 고무 배합에 최적화되어 있습니다.\n\n우수한 윤활제, 이형제 및 분산제는 원활한 압출, 사출 성형, 압연 및 탈형을 보장하며 뛰어난 표면 마감과 가공 효율을 제공합니다.', '2026-02-06 04:52:18', '2026-02-11 17:08:56'),
(7, 'sec-007', '포장', '완전 정제 파라핀 왁스, 미크로크리스탈린 왁스, 슬랙 왁스, PE 왁스, 그리고 종이 코팅, 박스보드 라미네이션, 유연 포장 생산에 사용되는 천연 카르나우바 왁스와 밀랍.\n\n우수한 방수성, 기름 저항성, 방출 특성을 갖추어 내구성 있는 수증기 차단막, 식품 안전 코팅, 그리고 골판지, 접이식 상자, 유연 필름 전반에 걸친 효율적인 열 봉합 성능을 보장합니다.', '2026-02-06 04:53:57', '2026-02-11 17:09:27'),
(8, 'sec-008', '접착제', '고순도 정제 파라핀 왁스, 미크로크리스탈라인 왁스, 슬랙 왁스, PE 왁스, 카르나우바 왁스, 밀랍은 코팅제, 잉크, 라미네이트, 유제의 고성능 첨가제로서 사용됩니다.\n\n긁힘 저항, 수분 차단, 블록 방지, COF 감소, 방출 특성을 향상시켜 우수한 골판지, 종이판, 유연 포장 성능을 제공합니다.', '2026-02-06 04:55:54', '2026-02-11 17:09:58'),
(9, 'sec-009', '폴리시 및 코팅', '완전 정제 파라핀 왁스, 마이크로크리스탈린 왁스, 카나우바 왁스, 밀랍은 고광택 바닥 광택제, 가구 관리, 자동차 코팅, 산업용 표면 보호를 위해 사용됩니다.\n\n탁월한 마모 저항성, 버핑 가능성, 그리고 광택을 제공하여 목재, 금속, 가죽, 복합 재료 표면에 오래 지속되는 보호력과 전문가 수준의 마감 처리를 제공합니다.', '2026-02-06 04:58:23', '2026-02-11 17:10:29'),
(10, 'sec-010', '종이 및 인쇄', '완전히 정제된 파라핀 왁스, 마이크로크리스탈린 왁스, 카나우바 왁스, 밀랍, 그리고 합성 왁스는 종이 코팅, 잉크 마찰 저항, 그리고 방출용으로 사용됩니다.\n\n우수한 수분 차단, 달라붙지 않는 성질, 인쇄 향상 특성으로 고품질 표면 보호와 뛰어난 잉크 접착력, 그리고 포장지 및 특수 인쇄용 효율적인 가공을 보장합니다.', '2026-02-06 05:00:18', '2026-02-11 17:05:52');

--
-- Dumping data for table `sectors_pl`
--

INSERT INTO `sectors_pl` (`id`, `master_id`, `name`, `description`, `created_at`, `updated_at`) VALUES
(1, 'sec-001', 'Robienie świec', 'Kompleksowe rozwiązania w zakresie wosku do produkcji świec\nWoski naturalne/roślinne wysokiej jakości (sojowy, palmowy, rzepakowy, kokosowy, pszczeli) oraz woski mineralne (w pełni odpowiednio lub pół-rafinowane parafiny 52-68°C, mikrokrystaliczne) do wszystkich rodzajów świec.\n\nGotowe do użycia mieszanki wosków: topić od razu—nie wymaga dodatków—dla idealnych świec filarowych, votive lub w pojemnikach z doskonałym rozproszeniem zapachu i długim spalaniem.', '2026-02-06 04:44:06', '2026-02-11 17:06:28'),
(2, 'sec-002', 'Kosmetyki', 'Premiumowe woski roślinne do produkcji kosmetyków\n\nWysokiej jakości naturalne woski roślinne, w tym wosk słonecznikowy, wosk rzepakowy, wosk palmowy, wosk pszczeli, wosk carnauba, wosk candelilla, wosk z otrąb ryżowych, wosk sojowy, wosk rycynowy, wosk oliwny, wosk z awokado, wosk konopny, wosk jagodowy (Rhus verniciflua) oraz wosk z owoców myrty dla kremów, pomadek do ust i produktów do pielęgnacji skóry.\n\nIdealne emolienty, zagęstniki oraz stabilizatory zapewniające gładką teksturę i wysoką wydajność.', '2026-02-06 04:45:37', '2026-02-11 17:06:58'),
(3, 'sec-003', 'Jedzenie i napoje', 'Premiumowe oleje i tłuszcze jadalne do produkcji spożywczej\n\nW pełni rafinowane oleje jadalne (palma, soja, słoneczny, rzepak, oliwa, kokos), stearyny (palma, soja) oraz smary do zastosowań piekarniczych, cukierniczych i smażenia.\n\nRozwiązania o wysokiej stabilności i neutralnym smaku, zapewniające jednolitą teksturę, wydłużoną trwałość produktu oraz doskonałe parametry wydajności w różnych procesach przemysłu spożywczego.', '2026-02-06 04:47:17', '2026-02-11 17:07:29'),
(4, 'sec-004', 'Farmaceutyki', 'Premium składniki do produkcji farmaceutycznej\n\nWoski roślinne wysokiej jakości przeznaczone do przemysłu farmaceutycznego, w tym wosk pszczeli (BP/Ph.Eur), wosk karnauba, wosk candelilla, wosk z otrąb ryżu, wosk słonecznikowy, wosk rzepakowy, wosk palmowy, wosk rycynowy, wosk sojowy, wosk z oliwek oraz utwardzone oleje roślinne do maści, kremów i czopków.\n\nRozwiązania o wysokiej czystości, zgodne z pharmacopoeią, zapewniające stabilność, gładką teksturę oraz równomierne uwalnianie leku w formulacjach miejscowych i doustnych.', '2026-02-06 04:48:49', '2026-02-11 17:08:02'),
(5, 'sec-005', 'Tkaniny i skóra', 'Wysokowydajne woski roślinne, w tym wosk Carnauba, wosk Candelilla, wosk z otrąb ryżowych, wosk słonecznikowy, wosk rzepakowy, wosk palmowy, wosk pszczeli, wosk sojowy, a także woski parafinowe i emulsje do wykańczania tkanin, obróbki skór i impregnacji wodoodpornej.\n\nLepsza smarowność, repelencja wodna i odporność na ścieranie dla poprawionego łatwego szycia, wytrzymałości na rozdzieranie i efektywności przetwarzania w przemyśle tekstylnym i obróbce skór.', '2026-02-06 04:50:37', '2026-02-11 17:08:32'),
(6, 'sec-006', 'Guma i tworzywa sztuczne', 'W pełni rafinowane woski parafinowe, woski mikrokrystaliczne, woski surowe oraz woski PE zoptymalizowane do produkcji opon, obróbki plastiku i mieszania gum.  \n\nWyśmienite środki smarne, środki poślizgowe i środki dyspersyjne zapewniające płynne wytłaczanie, wtrysk, walcowanie i demoulding z doskonałym wykończeniem powierzchni i wydajnością obróbki.', '2026-02-06 04:52:47', '2026-02-11 17:09:03'),
(7, 'sec-007', 'Opakowanie', 'W pełni rafinowane woski parafinowe, woski mikrokrystaliczne, woski slack, woski PE oraz naturalny wosk carnauba i wosk pszczeli do powlekania papieru, laminacji tektur meblowych i produkcji elastycznych opakowań.\n\nDoskonałe właściwości wodoodporne, odporność na tłuszcz oraz właściwości antyadhezyjne zapewniają trwałe bariery chroniące przed wilgocią, powłoki bezpieczne dla żywności oraz efektywne właściwości zgrzewania termicznego na tekturze falistej, opakowaniach składanych i filmach elastycznych.', '2026-02-06 04:54:18', '2026-02-11 17:09:34'),
(8, 'sec-008', 'Kleje', 'W pełni rafinowane woski parafinowe, woski mikrokrystaliczne, woski slack, woski PE, wosk karnauba oraz wosk pszczeli jako wysokowydajne dodatki do powłok, tuszy, laminatów i emulsji.\n\nZwiększają odporność na zarysowania, barierę na wilgoć, właściwości anti-block, redukcję współczynnika tarcia (COF) oraz właściwości poślizgowe, zapewniając lepszą jakość tektury falistej, tektury topograficznej i elastycznych opakowań.', '2026-02-06 04:56:15', '2026-02-11 17:10:04'),
(9, 'sec-009', 'Polishowanie i Powłoki', 'W pełni rafinowane woski parafinowe, woski mikrokrystaliczne, wosk carnauba oraz wosk pszczeli do lakierów podłogowych o wysokim połysku, pielęgnacji mebli, powłok samochodowych i przemysłowej ochrony powierzchni.\n\nWyjątkowa odporność na ścieranie, polerowalność i połysk zapewniająca długotrwałą ochronę i profesjonalne wykończenie na powierzchniach z drewna, metalu, skóry i kompozytowych.', '2026-02-06 04:58:54', '2026-02-11 17:10:35'),
(10, 'sec-010', 'Papier i Druk', 'W pełni rafinowane woski parafinowe, woski mikrokrystaliczne, wosk carnauba, wosk pszczeli oraz woski syntetyczne do powlekania papieru, odporności na rozmazanie tuszem oraz zastosowań ślizgowych.\n\nWyjątkowa bariera na wilgoć, właściwości antyadhezyjne oraz poprawa druku zapewniająca ochronę wysokiej jakości powierzchni, doskonałe przenikanie tuszu oraz efektywną obróbkę papierów pakowych i specjalistycznego druku.', '2026-02-06 05:00:45', '2026-02-11 17:05:59');

--
-- Dumping data for table `sectors_pt`
--

INSERT INTO `sectors_pt` (`id`, `master_id`, `name`, `description`, `created_at`, `updated_at`) VALUES
(1, 'sec-001', 'Fabricação de velas', 'Soluções completas de cera para fabricação de velas\nCeras premium naturais/de origem vegetal (soja, palma, colza, coco, cera de abelha) e ceras de petróleo (parafina totalmente/semi-refinada a 52-68°C, microcristalina) para todos os tipos de velas.\n\nMisturas de cera prontas para uso: Derreta diretamente—sem necessidade de aditivos—para velas de pilar, votivas ou de recipiente com excelente difusão de aroma e queima superior.', '2026-02-06 04:42:53', '2026-02-11 17:06:08'),
(2, 'sec-002', 'Cosméticos', 'Ceras Vegetais Premium para Fabricação de Cosméticos\n\nCeras vegetais naturais de alta qualidade, incluindo cera de girassol, cera de canola, cera de palma, cera de abelha, cera de carnaúba, cera de candelila, cera de farelo de arroz, cera de soja, cera de castor, cera de azeitona, cera de abacate, cera de cânhamo, cera de baga (Rhus verniciflua) e cera de fruta de Mirica para cremes, batons e cuidados com a pele.\n\nEmolientes, espessantes e estabilizantes perfeitos, oferecendo textura suave e desempenho superior.', '2026-02-06 04:44:35', '2026-02-11 17:06:37'),
(3, 'sec-003', 'Alimentos e Bebidas', 'Óleos e gorduras comestíveis premium para fabricação de alimentos\n\nÓleos comestíveis totalmente refinados (palma, soja, girassol, colza, azeitona, coco), stearins (palma, soja) e shortening para aplicações em padaria, confeitaria e frituras.\n\nSoluções de alta estabilidade e sabor neutro que garantem textura consistente, vida útil prolongada e desempenho superior em diversas necessidades de processamento de alimentos.', '2026-02-06 04:46:11', '2026-02-11 17:07:08'),
(4, 'sec-004', 'Farmacêuticos', 'Ingredientes Premium para Fabricação Farmacêutica\n\nCeras vegetais de grau farmacêutico, incluindo cera de abelha (BP/Ph.Eur), cera de carnaúba, cera de candelila, cera de farelo de arroz, cera de girassol, cera de colza, cera de palma, cera de ricino, cera de soja, cera de oliva e óleos vegetais hidrogenados para pomadas, cremes e supositórios.\n\nSoluções de alta pureza, compatíveis com a farmacopéia, garantindo estabilidade, textura suave e liberação consistente de medicamentos em formulações tópicas e orais.', '2026-02-06 04:47:46', '2026-02-11 17:07:39'),
(5, 'sec-005', 'Tecidos & Couro', 'Ceras vegetais de alto desempenho, incluindo cera de Carnaúba, cera de Candelilla, cera de farelo de arroz, cera de girassol, cera de colza, cera de palma, cera de abelha, cera de soja, além de ceras e emulsões de parafina para acabamento de tecidos, tratamento de couro e impermeabilização.\n\nLubrificação superior, repelência à água e resistência à abrasão para melhor sewability, resistência ao rasgo e eficiência no processamento na fabricação de têxteis e no processamento de couro.', '2026-02-06 04:49:23', '2026-02-11 17:08:12'),
(6, 'sec-006', 'Borracha & Plásticos', 'Cera de parafina totalmente refinada, ceras microcristalinas, cera de graxa e ceras PE otimizadas para a produção de pneus, processamento de plásticos e compounded de borracha.\n\nLubrificantes superiores, agentes antiaderentes e agentes dispersantes que garantem uma extrusão suave, moldagem por injeção, calandragem e desmoldagem com acabamento de superfície excelente e eficiência de processamento.', '2026-02-06 04:51:18', '2026-02-11 17:08:42'),
(7, 'sec-007', 'Embalagem', 'Cerados de parafina totalmente refinada, ceras microcristalinas, cera slack, ceras PE, além de cera natural de carnaúba e cera de abelha para revestimento de papel, laminação de papel-cartão e produção de embalagens flexíveis.\n\nPropriedades superiores de impermeabilidade, resistência a gordura e liberação, garantindo barreiras de umidade duráveis, revestimentos seguros para alimentos e desempenho eficiente em selagem a quente em papelão ondulado, caixas dobráveis e filmes flexíveis.', '2026-02-06 04:53:14', '2026-02-11 17:09:13'),
(8, 'sec-008', 'Adesivos', 'Paraafinas totalmente refinadas, ceras microcristalinas, cera de refugo, ceras PE, cera de carnaúba e cera de abelha como aditivos de alto desempenho para revestimentos, tintas, laminados e emulsões.\n\nMelhore a resistência a riscos, barreira contra umidade, antiaderência, redução do COF e propriedades de liberação para um desempenho superior de papel cartão, papelão e embalagens flexíveis.', '2026-02-06 04:54:54', '2026-02-11 17:09:44'),
(9, 'sec-009', 'Polimentos & Revestimentos', 'Parafina totalmente refinada, cera microcristalina, cera de carnaúba e cera de abelha para polidores de piso de alto brilho, cuidados com móveis, revestimentos automotivos e proteção de superfícies industriais.  \n\nResistência excepcional à abrasão, polimento e brilho, proporcionando proteção duradoura e acabamento profissional em superfícies de madeira, metal, couro e compósitos.', '2026-02-06 04:57:14', '2026-02-11 17:10:14'),
(10, 'sec-010', 'Papel e Impressão', 'Ceras de parafina totalmente refinadas, ceras microcristalinas, cera de carnaúba, cera de abelha e ceras sintéticas para revestimento de papel, resistência ao fricção da tinta e aplicações release.\n\nBarreira superior contra umidade, propriedades antiaderentes e aprimoramento da impressão, garantindo proteção de superfície de alta qualidade, excelente aderência da tinta e processamento eficiente para papéis para embalagem e impressão especial.', '2026-02-06 04:59:31', '2026-02-11 17:05:37');

--
-- Dumping data for table `sectors_ru`
--

INSERT INTO `sectors_ru` (`id`, `master_id`, `name`, `description`, `created_at`, `updated_at`) VALUES
(1, 'sec-001', 'Изготовление свечей', 'Полные решения на основе воска для производства свечей\nПремиальные натуральные/растительные воски (соевый, пальмовый, рапсовый, кокосовый, пчелиный) и нефтепродуктовые воски (полностью/частично рафинированный парафин 52-68°C, микрокристаллический) для всех типов свечей.\n\nГотовые к использованию восковые смеси: расплавляйте прямо — добавки не нужны — для идеальных столбчатых, вотовых или контейнерных свечей с превосходным ароматом и качеством горения.', '2026-02-06 04:42:59', '2026-02-11 17:06:09'),
(2, 'sec-002', 'Косметика', 'Премиальные растительные воски для производства косметики\n\nВысококачественные натуральные растительные воски, включая воски подсолнечника, рапса, пальмовые воски, пчелиный воск, карнаубский воск, канделильский воск, рисовые отруби, соевый воск, касторовое воск, оливковый воск, авокадо, конопляный воск, ягодный воск (Rhus verniciflua) и воск из плодов миранги для кремов, помад и ухода за кожей.\n\nОтличные эмоленты, загустители и стабилизаторы, обеспечивающие гладкую текстуру и высокую эффективность.', '2026-02-06 04:44:39', '2026-02-11 17:06:39'),
(3, 'sec-003', 'Еда и напитки', 'Премиальные пищевые масла и жиры для пищевого производства\n\nПолностью рафинированные пищевые масла (пальмовое, соевое, подсолнечное, рапсовое, оливковое, кокосовое), стеарины (пальмовое, соевое) и шортенинги для выпечки, кондитерских изделий и жарки.\n\nВысокостабильные нейтральные по вкусу решения, обеспечивающие однородную текстуру, verlängенный срок хранения и превосходную производительность для различных целей обработки продуктов питания.', '2026-02-06 04:46:16', '2026-02-11 17:07:10'),
(4, 'sec-004', 'Фармацевтика', 'Премиальные ингредиенты для производства фармацевтических препаратов\n\nФармацевтические растительные воски, включая пчелиный воск (BP/Ph.Eur), карнаубский воск, канде́ллиловый воск, воск из рисовых отрубей, подсолнуховый воск, рапсовый воск, пальмовый воск, касторовый воск, соевый воск, оливковый воск, а также гидрогенизированные растительные масла для мазей, кремов и суппозиториев.\n\nВысокочистые, соответствующие фармакопейным требованиям растворы, обеспечивающие стабильность, гладкую текстуру и равномерное высвобождение лекарства в топических и оральных формах.', '2026-02-06 04:47:54', '2026-02-11 17:07:41'),
(5, 'sec-005', 'Ткани и кожа', 'Высокопроизводительные растительные воски, включая карнаубский воск, каннадильский воск, воски из рисовых отрубей, подсолнечное воск, рапсовое воск, пальмовое воск, пчелиный воск, соевый воск, а также парафинистые воски и эмульсии для отделки тканей, обработки кожи и водоотталкивающих покрытий.\n\nОбеспечивают превосходную смазку, водоотталкивающие свойства и устойчивость к истиранию для повышения швейных характеристик, прочности на разрыв и эффективности обработки в текстильной промышленности и при обработке кожи.', '2026-02-06 04:49:30', '2026-02-11 17:08:14'),
(6, 'sec-006', 'Резина и пластики', 'Полностью очищенные парафиновый воск, микрокристаллический воск, слэк-воск и PE-воски, оптимизированные для производства шин, обработки пластмасс и комплектации каучука.\n\nВысококачественные смазочные материалы, разделительные агенты и диспергаторы, обеспечивающие плавное экструзии, литье под давлением, каландрование и высвобождение, с отличной поверхностной отделкой и высокой эффективностью обработки.', '2026-02-06 04:51:27', '2026-02-11 17:08:44'),
(7, 'sec-007', 'Упаковка', 'Полностью рафинированные парафиновые воски, микрокристаллические воски, slack wax, воски PE, а также натуральный карнаубский воск и пчелиный воск для покрытия бумаги, ламинации картонных коробов и производства гибкой упаковки.\n\nВысококачественные водоотталкивающие свойства, сопротивление маслам и антилифтовые характеристики, обеспечивающие надежные барьеры от влаги, безопасные для пищевых продуктов покрытия и эффективное запечатывание при сжатии на гофрированном картоне, складывающихся картонных коробках и гибкой пленке.', '2026-02-06 04:53:19', '2026-02-11 17:09:15'),
(8, 'sec-008', 'Клеящие вещества', 'Полностью рафинированные парафиновые воски, микрокристаллические воски, slack wax, воски PE, карнауба и пчелиный воск в качестве высокоэффективных добавок для покрытий, красок, ламиниров и эмульсий.\n\nУлучшайте устойчивость к царапинам, барьерные свойства против влаги, антиблокирующие свойства, снижение коэффициента трения (COF) и свойства легкого отслаивания для превосходной производительности гофрокартона, картонных и гибких упаковочных материалов.', '2026-02-06 04:55:03', '2026-02-11 17:09:46'),
(9, 'sec-009', 'Полироли и покрытия', 'Полностью рафинированные парафиновые воски, микрокристаллические воски, воск карнауба и пчелиный воск для высокоглянцевых напольных полировок, ухода за мебелью, автомобильных покрытий и промышленной защиты поверхностей.\n\nИсключительная стойкость к истиранию, полируемость и блеск обеспечивают долговременную защиту и профессиональную отделку деревянных, металлических, кожаных и композитных поверхностей.', '2026-02-06 04:57:26', '2026-02-11 17:10:16'),
(10, 'sec-010', 'Бумага и печать', 'Полностью рафинированные парафиновые воски, микрокристаллические воски, воск карнауба, пчелиный воск и синтетические воски для покрытия бумаги, сопротивления трению при нанесении чернил и использования в качестве релиза.\n\nВысокий барьер влагозащиты, антиприлипательные свойства и улучшение печати, обеспечивающие надежную защиту поверхности, отличную адгезию чернил и эффективную обработку для упаковочной бумаги и спецпечати.', '2026-02-06 04:59:38', '2026-02-11 17:05:40');

--
-- Dumping data for table `sectors_sw`
--

INSERT INTO `sectors_sw` (`id`, `master_id`, `name`, `description`, `created_at`, `updated_at`) VALUES
(1, 'sec-001', 'Kutengeneza Mishumaa', 'Suluhisho kamili za Wax kwa ajili ya Utengenezaji wa Mishumaa\nWaxes za Asili/Basisi za Mimea za Ubora wa Juu (Soya, Mafuta ya Mihogo, Mimea ya Rapeseed, Nazi, Asali) na Waxes za Petroli (paraffin iliyokamuliwa kamili/kipimo cha nusu 52-68°C, microcrystalline) kwa aina zote za mishumaa.\n\nMchanganyiko wa Wax unaotumika mara moja: Eyedeke moja kwa moja—hakuna viambato vinahitajika—kwa mishumaa ya safi ya nguzo, votive, au ya chupa yenye harufu nzuri na moto wa juu.', '2026-02-06 04:43:24', '2026-02-11 17:06:16'),
(2, 'sec-002', 'Vipodozi', 'Vitunguu vya Mboga vya Premium kwa Utengenezaji wa Vitu vya Kosmetiki\n\nVitunguu vya mboga vya asili vya ubora wa juu ikiwemo vitunguu vya Sunflower, rapeseed, palm, nta wa nyuki, karnauba, candelilla, bran ya mchele, soya, castor, mzeituni, viazivimba, bangi, berry (Rhus verniciflua), na matunda ya Myrica kwa krimu, rangi za matics, na utunzaji wa ngozi.\n\nVitunguu bora vya kunyonya, viunganishi vya unene, na viambata vya utulivu vinavyotoa muundo laini na utendaji wa kipekee.', '2026-02-06 04:45:04', '2026-02-11 17:06:46'),
(3, 'sec-003', 'Vyakula na Vinywaji', 'Mafuta ya Kula ya Premium na Mafuta kwa Utengenezaji wa Chakula\n\nMafuta ya kula yaliyochapishwa kikamilifu (mikoko, soya, alizeti, rape, mzeituni, nazi), stearins (mikoko, soya), na mafuta mafupi kwa matumizi ya kiwanja cha mkate, pipi, na kukaanga.\n\nSuluhisho za hali ya juu zisizo na harufu inayodumu kwa kipindi kirefu, kuhakikisha muundo wa mara kwa mara, maisha marefu ya rafu, na utendaji bora katika mahitaji ya usindikaji wa vyakula.', '2026-02-06 04:46:36', '2026-02-11 17:07:16'),
(4, 'sec-004', 'Dawa za Kulegeza', 'Viungo vya Ubora wa Juu kwa Utengenezaji wa Madawa\n\nWax za mboga za kiwango cha pharma zikiwemo Beeswax (BP/Ph.Eur), wax ya Carnauba, wax ya Candelilla, wax ya Rice bran, wax ya Sunflower, wax ya Rapeseed, wax ya Palm, wax ya Castor, wax ya Soya, wax ya Mzeituni, na mafuta ya mboga yaliyo hydrogenated kwa ajili ya maanjiki, krimu, na suppositories.\n\nSuluhisho za uchafuzi wa hali ya juu, zinazolingana na yeye ya pharmacopoeia zenye kuhakikisha utulivu, muundo laini, na mchakato wa kujitoa kwa dawa bora katika fomula za topical na za kumeza.', '2026-02-06 04:48:13', '2026-02-11 17:07:48'),
(5, 'sec-005', 'Vitega vya nguo na ngozi', 'Vibali vya mboga vya viwandani vinavyofanya kazi kwa kiwango cha juu ikiwa ni pamoja na wax ya Carnauba, wax ya Candelilla, wax ya pamba, wax ya alizeti, wax ya rapeseed, wax ya mparachichi,Ndepeta, wax ya soya, pamoja na wax za paraffini na emulsions kwa ufinyanzi wa kitambaa, matibabu ya ngozi, na kuzuia maji kuingia.\n\nLubrication bora, upinzani wa maji, na upinzani wa abrasion kwa uboreshaji wa ushonaji, nguvu ya kuvunjika na ufanisi wa usindaji katika utengenezaji wa kitambaa na usindikaji wa ngozi.', '2026-02-06 04:49:53', '2026-02-11 17:08:19'),
(6, 'sec-006', 'Mpira na Plastiki', 'Vibaki vya paraffin vilivyosisitizwa kikamilifu, waxes microcrystalline, waxes slack, na waxes PE zilizoboreshwa kwa ajili ya utengenezaji wa matairi, usindikaji wa plastiki, na mchanganyiko wa mpira.\n\nLubricants bora, wakitoa msaada wa kuachilia, na msaada wa kusambaza kuhakikisha extrusion laini, kutengeneza kwa sindano, calendering, na demolding na kumaliza nzuri kwa uso na ufanisi wa usindikaji.', '2026-02-06 04:51:53', '2026-02-11 17:08:51'),
(7, 'sec-007', 'Ufungaji', 'Paraffin waxes zilizotamkwa kikamilifu, waxes za microcrystalline, slack wax, waxes za PE, pamoja na wax ya karneuba asilia na nta wa nyuki kwa kufunika karatasi, uchoraji wa katoni, na utengenezaji wa ufungaji unaobadilika.\n\nUfungaji wa maji wa juu, upinzani dhidi ya mafuta, na mali za kuachilia, kuhakikisha vizuizi vya unyevu vya kudumu, mikaa safi ya chakula, na utendaji wa sealing wa joto wenye ufanisi kwenye katoni zilizo na corrugation, katoni zinazonyanyaswa, na filamu zinazobadilika.', '2026-02-06 04:53:40', '2026-02-11 17:09:22'),
(8, 'sec-008', 'Gummo', 'Paraffin waxes zilizokamilika, waxes microcrystalline, slack wax, PE waxes, wax ya carnauba, na wax ya asali kama viungio vya ubora wa juu kwa matumizi ya coatings, inks, laminates, na emulsions.\n\nBoresha sugu wa mikato, kingo cha unyevunyevu, kuzuia kuunganishwa, kupunguza COF, na mali za kuachilia kwa margazine bora ya corrugated, paperboard, na vifungashio vinavyobadilika.', '2026-02-06 04:55:36', '2026-02-11 17:09:52'),
(9, 'sec-009', 'Polishi na Mipako', 'Paraafini waliochakatwa kikamilifu, waxi za microcrystalline, waxi ya carnauba, na waxi ya nyuki kwa enamel za sakafu za kumwaga shin na hali ya juu, utunzaji wa samani, mafuta ya magari, na ulinzi wa uso wa viwandani.\n\nUhimili wa mikwaruzo, uwezo wa kupiga msasa na kung\'aa vinavyoleta ulinzi wa muda mrefu na kumaliza kitaaluma kwa nyuso za mbao, chuma, ngozi, na mchanganyiko.', '2026-02-06 04:57:58', '2026-02-11 17:10:23'),
(10, 'sec-010', 'Karatasi & Uchapishaji', 'Paraffin waxes zilizotakaswa kikamilifu, waxes za microcrystalline, waxes za carnauba, waxes za nyuki, na waxes za synthetic kwa ajili ya kubaka karatasi, upinzani dhidi ya mmiminiko wa vibonzo, na matumizi ya kutolewa.\n\nKiraka bora cha unyevu, mali dhidi ya kunata, na kuongeza ubora wa chapisho kuhakikisha ulinzi wa uso wa hali ya juu, shikana nzuri kwa vibonzo, na uendeshaji mizuri kwa karatasi za ufungaji na uchapishaji maalum.', '2026-02-06 04:59:59', '2026-02-11 17:05:45');

--
-- Dumping data for table `sectors_th`
--

INSERT INTO `sectors_th` (`id`, `master_id`, `name`, `description`, `created_at`, `updated_at`) VALUES
(1, 'sec-001', 'การทำเทียน', 'โซลูชันวาสต์สำเร็จรูปสำหรับการผลิตเทียน\nวาสต์ธรรมชาติ/จากพืชเกรดพรีเมียม (ถั่วเหลือง ปาล์ม คำแรคซีด น้ำมันมะพร้าว เทียนผึ้ง) และวาสต์ปิโตรเลียม (พาราฟินที่ผ่านการกลั่นเต็มรูปแบบ/กึ่งกลั่น 52-68°C มายครอคริสตัลไลน์) สำหรับเทียนทุกประเภท\n\nวาสต์ผสมสำเร็จรูปพร้อมใช้: ละลายแล้วใช้ได้เลย—ไม่ต้องผสมสารเติมแต่ง—เพื่อเทียนเสา เทียนบูชาหรือเทียนบรรจุภัณฑ์ที่มีกลิ่นหอมและการเผาที่ยอดเยี่ยม', '2026-02-06 04:43:53', '2026-02-11 17:06:24'),
(2, 'sec-002', 'เครื่องสำอาง', 'เทียนพืชชนิดพรีเมี่ยมสำหรับการผลิตเครื่องสำอาง\n\nเทียนพืชธรรมชาติคุณภาพสูง รวมถึงเทียนดอกทานตะวัน เทียนคาโนลา เทียนปาล์ม เทียนผึ้ง เทียนคาร์นูบา เทียนคาเดนิลลา เทียนรำข้าว เทียนถั่วเหลือง เทียนโกฐหวาน เทียนมะกอก เทียนอะโวคาโด เทียนกัญชา เทียนเบอร์รี (Rhus verniciflua) และเทียนผลไม้เมริกา สำหรับครีม ลิปสติก และการดูแลผิว\n\nเป็นมอยเจอร์ไรเซอร์ เทคเจอร์หนาแน่น และสารทำให้คงสภาพที่มอบเนื้อสัมผัสเรียบเนียนและประสิทธิภาพยอดเยี่ยม', '2026-02-06 04:45:27', '2026-02-11 17:06:54'),
(3, 'sec-003', 'อาหารและเครื่องดื่ม', 'น้ำมันและไขมันรับประทานคุณภาพพรีเมี่ยมสำหรับอุตสาหกรรมอาหาร\n\nน้ำมันรับประทานที่ผ่านการกลั่นอย่างสมบูรณ์ (ปาล์ม ถั่วเหลือง ทานตะวัน คาวิซิล แปะก๊วย มะกอก มะพร้าว), สเตอริน (ปาล์ม ถั่วเหลือง), และพรีครีมสำหรับเบเกอรี่ ขนมหวาน และการทอดอาหาร\n\nโซลูชันที่มีความเสถียรสูง รสชาติเป็นกลาง เพื่อความสม่ำเสมอของเนื้อสัมผัส อายุการเก็บรักษาที่ยาวนานขึ้น และประสิทธิภาพยอดเยี่ยมสำหรับความต้องการในกระบวนการผลิตอาหาร', '2026-02-06 04:47:02', '2026-02-11 17:07:24'),
(4, 'sec-004', 'เภสัชภัณฑ์', 'วัตถุดิบพรีเมียมสำหรับการผลิตเภสัชกรรม\n\nขี้ผึ้งพืชเกรดฟาร์ม่า รวมถึงขี้ผึ้งผึ้ง (BP/Ph.Eur), ขี้ผึ้งคาร์นูบา, ขี้ผึ้งแคนเดิลลา, ขี้ผึ้งรำข้าว, ขี้ผึ้งดอกทานตะวัน, ขี้ผึ้งราพิซีด, ขี้ผึ้งปาล์ม, ขี้ผึ้งอาร์โร, ขี้ผึ้งถั่วเหลือง, ขี้ผึ้งมะกอก, และน้ำมันพืชไฮโดรเจนสำหรับ ointments, ครีม และ suppositories\n\nสารละลายคุณภาพสูงที่มีความบริสุทธิ์สูง สอดคล้องกับเภสัชตำรา เพื่อความเสถียรเนื้อสัมผัสที่เนียนนุ่ม และการปล่อยยาอย่างมีเสถียรภาพในสูตรทาภายนอกและรับประทาน', '2026-02-06 04:48:37', '2026-02-11 17:07:58'),
(5, 'sec-005', 'สิ่งทอและเครื่องหนัง', 'วาส์กผักคุณภาพสูง รวมถึง Carnauba wax, Candelilla wax, Rice bran wax, Sunflower wax, Rapeseed wax, Palm wax, Beeswax, Soy wax และวาส์กพาราฟินและอิมัลชันสำหรับการเคลือบผ้า การบำบัดหนัง และการกันน้ำ\n\nคุณสมบัติการหล่อลื่นที่ยอดเยี่ยม การกันน้ำ และความต้านทานการสึกหรอ เพื่อปรับปรุงความสามารถในการเย็บ การต้านทานการฉีกขาด และประสิทธิภาพในการประมวลผลในอุตสาหกรรมสิ่งทอและการแปรรูปหนัง', '2026-02-06 04:50:19', '2026-02-11 17:08:27'),
(6, 'sec-006', 'ยางและพลาสติก', 'ขี้ผึ้งพาราฟินที่ผ่านการกลั่นอย่างสมบูรณ์ ขี้ผึ้งไมโครคริสตัลไลน์ ขี้ผึ้ง Slack และขี้ผึ้ง PE ที่ได้รับการปรับแต่งเพื่อการผลิตยางรถยนต์ กระบวนการแปรรูปพลาสติก และการผสมยางพารา\n\nจาระบีคุณภาพสูง ตัวหล่อลื่น ตัวช่วยในการปล่อย และสารกระจายตัว ช่วยให้การขึ้นรูป การฉีดขึ้นรูป การรีดด้วยลูกกลิ้ง และการถอดแบบเป็นไปอย่างราบรื่น พร้อมพื้นผิวที่เรียบเนียนและประสิทธิภาพในการแปรรูปที่ยอดเยี่ยม', '2026-02-06 04:52:25', '2026-02-11 17:08:58'),
(7, 'sec-007', 'บรรจุภัณฑ์', 'พาราฟินเวกที่ผ่านการกลั่นสมบูรณ์, ขี้ผึ้งไมโครคริสตัลไลน์, ขี้ผึ้งสแลค, ขี้ผึ้ง PE, รวมทั้งขี้ผึ้งคาร์นูบาและขี้ผึ้งผึ้งธรรมชาติ สำหรับการเคลือบกระดาษ การพันกล่อง และการผลิตบรรจุภัณฑ์ยืดหยุ่น\n\nคุณสมบัติการกันน้ำ, ทนต่อไขมัน, และการปล่อยที่เหนือกว่า ช่วยรับประกันเกราะกันชื้นที่ทนทาน, เคลือบที่ปลอดภัยต่ออาหาร, และประสิทธิภาพการซีลด้วยความร้อนที่มีประสิทธิภาพสูง ทั้งในกล่องลูกฟูก, กล่องพับ, และฟิล์มยืดหยุ่น', '2026-02-06 04:54:04', '2026-02-11 17:09:30'),
(8, 'sec-008', 'กาว', 'เทียนแว็กซ์ paraffin ที่ผ่านการกลั่นอย่างสมบูรณ์, เทียนแว็กซ์ไมครคริสตัลไลน์, เทียนแว็กซ์ slack, เทียนแว็กซ์ PE, เทียนแว็กซ์คาร์นาวาบ, และเทียนแว็กซ์จากผึ้ง เป็นสารเติมแต่งประสิทธิภาพสูงสำหรับการเคลือบ, หมึกพิมพ์, ลามิเนต, และอิมัลชัน\n\nช่วยเพิ่มความทนทานต่อรอยขีดข่วน, เกราะกันความชื้น, ป้องกันการติดกัน, ลด COF และคุณสมบัติการปล่อย สำหรับประสิทธิภาพที่เหนือกว่าของกล่องกระดาษลูกฟูก, แผ่นกระดาษ, และบรรจุภัณฑ์แบบยืดหยุ่น', '2026-02-06 04:56:00', '2026-02-11 17:10:00'),
(9, 'sec-009', 'แว็กซ์และเคลือบเงา', 'เทียนพาราฟินที่ผ่านการกลั่นอย่างสมบูรณ์แบบ, ขี้ผึ้งไมโครคริสตัลไลน์, ขี้ผึ้งคาร์นูบา, และขี้ผึ้งผึ้งสำหรับการเคลือบพื้นผิวให้เงาสูง, การดูแลเฟอร์นิเจอร์, เคลือบรถยนต์, และการป้องกันพื้นผิวในอุตสาหกรรม\n\nมีความทนทานต่อการเสียดสีสูง, สามารถขัดเงาและให้เงางามได้, ให้การปกป้องในระยะยาวและเสร็จสิ้นระดับมืออาชีพบนไม้, โลหะ, หนัง, และพื้นผิวผสม.', '2026-02-06 04:58:31', '2026-02-11 17:10:31'),
(10, 'sec-010', 'กระดาษและการพิมพ์', 'ขี้ผึ้งพาราฟินที่ผ่านการกลั่นอย่างสมบูรณ์, ขี้ผึ้งไมโครคริสตัลไลน์, ขี้ผึ้งคาร์นูบา, ขี้ผึ้งผึ้งและขี้ผึ้งสังเคราะห์สำหรับการเคลือบกระดาษ, การทนต่อละอองหมึก, และการใช้งานที่ปล่อย\n\nคุณสมบัติเป็นแนวกันชื้นที่เหนือกว่า, ป้องกันการติด, และเสริมคุณภาพการพิมพ์เพื่อความมั่นใจในความปลอดภัยของพื้นผิว, การยึดเกาะของหมึกที่ยอดเยี่ยม, และการประมวลผลที่มีประสิทธิภาพสำหรับกระดาษบรรจุภัณฑ์และการพิมพ์เฉพาะทาง', '2026-02-06 05:00:29', '2026-02-11 17:05:54');

--
-- Dumping data for table `sectors_tr`
--

INSERT INTO `sectors_tr` (`id`, `master_id`, `name`, `description`, `created_at`, `updated_at`) VALUES
(1, 'sec-001', 'Şişe Yapımı', 'Şamdan Üretimi İçin Tamamen Çözüm Wax\'lar  \nPremium Doğal / Bitki Temelli Mumlar (Soya, Palmiye, Kanola, Hindistan Cevizi, Bal Mumu) ve Petrol Mumları (tam/yarı rafine paraffin 52-68°C, mikro kristal) tüm mum türleri için.\n\nKullanıma hazır Mum Karışımları: Doğrudan eritin—hiçbir katkı maddesine ihtiyaç olmadan— üstün koku yayılımı ve yanma özellikleriyle mükemmel pillar, votive veya kap içerisi mumlar için.', '2026-02-06 04:43:36', '2026-02-11 17:06:18'),
(2, 'sec-002', 'Kozmetik', 'Kozmetik Üretimi İçin Premium Sebze Mumları\n\nGüneş Çiçeği yağı, Kanola yağı, Palm yağı, Bal mumu, Carnauba mumu, Candelilla mumu, Pirinç kepeği yağı, Soja yağı, Hint yağı, Zeytin yağı, Avokado yağı, Kenevir yağı, Yaban mersini yağı (Rhus verniciflua) ve Myrica meyvesi yağı gibi yüksek kaliteli doğal sebze mumları, krem, ruj ve cilt bakım ürünleri için.\n\nİnce gözenekli yapı ve üstün performans sağlayan mükemmel yumuşatıcılar, kalınlaştırıcılar ve stabilizatörler.', '2026-02-06 04:45:10', '2026-02-11 17:06:47'),
(3, 'sec-003', 'Yiyecek ve İçecek', 'Gıda Üretimi İçin Premium Yenilebilir Yağlar ve Yağlı Maddeler\n\nTamamen rafine edilmiş yenilebilir yağlar (palmiye, soya, ayçiçek, kanola, zeytin, hindistan cevizi), stearinler (palmiye, soya) ve unlu mamuller, şekerleme ve kızartma uygulamaları için shortningler.\n\nYüksek stabiliteye sahip, nötr lezzetli çözümler, tutarlı doku, uzun raf ömrü ve gıda işleme ihtiyaçları boyunca üstün performans sağlar.', '2026-02-06 04:46:42', '2026-02-11 17:07:18'),
(4, 'sec-004', 'İlaç Sanayii', 'İlaç Üretimi İçin Premium Malzemeler\n\nBP/Ph.Eur standartlarında Mumlar (Arı Mumları), Carnauba Mum, Candelilla Mum, Pirinç Branı Mum, Ayçiçeği Mum, Kanola Mumu, Palm Mumu, Hint Yağı Mumu, Soya Mumu, Zeytin Mumu ve Hidrojene Bitkisel Yağlar, merhemler, kremler ve fitiller için.\n\nYüksek saflıkta, farmakope uyumlu çözümler, topikal ve oral formülasyonlarda stabilite, pürüzsüz doku ve tutarlı ilaç salınımı sağlar.', '2026-02-06 04:48:20', '2026-02-11 17:07:50'),
(5, 'sec-005', 'Tekstiller ve Deri', 'Carnauba vazı, Candelilla vazı, PirENîlzya yağı vazı, Ayçiçeği vazı, Kanola vazı, Palmiye vazı, Mum vazı, Soya vazı ve ek olarak kumaş bitirme, deri işlemi ve su geçirmezlik için paraffin vazları ve emülsiyonları yüksek performanslı sebze mumlarıdır.\n\nGelişmiş yağlama, su iticilik ve aşınma direnci ile tekstil üretimi ve deri işleme süreçlerinde dikiş uyumu, yırtılma kuvveti ve işlem verimliliğini artırır.', '2026-02-06 04:50:00', '2026-02-11 17:08:21'),
(6, 'sec-006', 'Kauçuk ve Plastik', 'Tamamen rafine edilmiş paraffin mumları, mikrokristal mumlar, slack mum ve PE mumlar, lastik üretimi, plastik işlemesi ve kauçuk karışımına optimize edilmiştir.\n\nÜstün yağlayıcılar, serbest bırakıcı ajanlar ve dispersiyon yardımcıları, mükemmel yüzey kalitesi ve işleme verimliliğiyle düzgün ekstrüzyon, enjeksiyon kalıplama, rulo işleme ve kalıptan çıkarmayı sağlar.', '2026-02-06 04:52:02', '2026-02-11 17:08:52'),
(7, 'sec-007', 'Ambalaj', 'Tam rafine edilmiş paraffin mumları, mikro kristallin mumlar, slack wax, PE mumlar ile doğal karnauba ve balmumu, kağıt kaplama, kutu laminasyonu ve esnek ambalaj üretimi için.\n\nÜstün su geçirmezlik, yağ direnci ve serbest bırakma özellikleri sayesinde dayanıklı nem bariyerleri, gıda güvenli kaplamalar ve verimli ısı yapışma performansı sağlar; oluklu mukavva, katlanabilir kartonlar ve esnek filmler üzerinde.', '2026-02-06 04:53:45', '2026-02-11 17:09:24'),
(8, 'sec-008', 'Yapışkanlar', 'Tamamen rafine edilmiş paraffin mumları, mikro kristal yapılı mumlar, slack mum, PE mumlar, karnauba mum ve balmumu, kaplamalar, mürekkepler, laminatlar ve emülsiyonlar için yüksek performanslı katkı maddeleri olarak kullanılır.\n\nÇizilme direncini, nem bariyerini, yapışmazlığı, sürtünme katsayısı (COF) azaltmayı ve çıkarma özelliklerini artırarak üstün oluklu mukavva, karton ve esnek ambalaj performansı sağlar.', '2026-02-06 04:55:42', '2026-02-11 17:09:54'),
(9, 'sec-009', 'Parlatıcılar ve Kaplamalar', 'Tamamen rafine edilmiş paraffin mumları, mikro kristalize mumlar, carnauba mumu ve balmumu, yüksek parlaklık sağlayan yer cilaları, mobilya bakımı, otomotiv kaplamaları ve endüstriyel yüzey koruması için.\n\nOlağanüstü aşınma direnci, parlatılabilirlik ve parlaklık sağlayan, uzun ömürlü koruma ve profesyonel bir görünüm sunar; ahşap, metal, deri ve kompozit yüzeylerde mükemmel sonuçlar verir.', '2026-02-06 04:58:06', '2026-02-11 17:10:25'),
(10, 'sec-010', 'Kağıt ve Baskı', 'Tamamen rafine edilmiş parafin balmumu, mikro kristalize balmumu, carnauba balmumu, balmumu ve kağıt kaplama, mürekkep sürtünme direnci ve bırakma uygulamaları için sentetik balmumları.\n\nÜstün nem bariyeri, yapışmazlık özellikleri ve baskı geliştirme sağlayarak yüksek kaliteli yüzey koruması, mürekkep yapışması ve paketleme kağıtları ile özel baskı işlemlerinde verimli işlem imkanı sunar.', '2026-02-06 05:00:04', '2026-02-11 17:05:47');

--
-- Dumping data for table `sectors_vi`
--

INSERT INTO `sectors_vi` (`id`, `master_id`, `name`, `description`, `created_at`, `updated_at`) VALUES
(1, 'sec-001', 'Làm nến', 'Giải pháp wax hoàn chỉnh cho sản xuất nến  \nSáp cao cấp từ thiên nhiên/thực vật (đậu nành, dầu cọ, cải dầu, dừa, sáp ong) và sáp dầu mỏ (paraffin tinh luyện hoàn toàn/bán tinh luyện 52-68°C, vi tinh thể) dành cho tất cả các loại nến.\n\nHỗn hợp sáp ready-to-use: Đun chảy trực tiếp—không cần thêm phụ gia—để tạo ra những cây nến cột, nến votive hoặc nến đựng hoàn hảo với khả năng tỏa hương và cháy vượt trội.', '2026-02-06 04:43:40', '2026-02-11 17:06:20'),
(2, 'sec-002', 'Mỹ phẩm', 'Sáp thực vật cao cấp dùng trong sản xuất mỹ phẩm\n\nCác loại sáp thực vật tự nhiên chất lượng cao bao gồm sáp hướng dương, sáp cải dầu, sáp dầu cọ, sáp ong, sáp carnauba, sáp candelilla, sáp từ cám gạo, sáp đậu nành, sáp castor, sáp ôliu, sáp bơ avokado, sáp hạt mùn rơi, sáp berry (Rhus verniciflua), và sáp trái Myrica dùng cho kem, son môi và chăm sóc da.\n\nNhững chất làm mềm, làm đặc và ổn định hoàn hảo mang lại kết cấu mịn màng và hiệu suất vượt trội.', '2026-02-06 04:45:17', '2026-02-11 17:06:50'),
(3, 'sec-003', 'Thực phẩm & Đồ uống', 'Dầu ăn và chất béo cao cấp dùng trong sản xuất thực phẩm\n\nDầu ăn tinh luyện hoàn toàn (dầu cọ, đậu nành, hướng dương, cải dầu, oliu, dừa), stearins (dầu cọ, đậu nành), và chất làm rắn cho các ứng dụng bánh mì, kẹo và chiên xào.\n\nCác giải pháp ổn định cao, hương vị trung tính, đảm bảo kết cấu đồng nhất, tuổi thọ sản phẩm kéo dài và hiệu suất vượt trội trong các nhu cầu chế biến thực phẩm.', '2026-02-06 04:46:49', '2026-02-11 17:07:20'),
(4, 'sec-004', 'Dược phẩm', 'Nguyên liệu cao cấp dùng trong sản xuất dược phẩm\n\nDầu thực vật đạt tiêu chuẩn dược phẩm gồm sáp ong (BP/Ph.Eur), sáp carnauba, sáp candelilla, sáp vừng, sáp hướng dương, sáp cải dầu, sáp cọ, sáp castor, sáp đậu nành, sáp ô liu và dầu thực vật hydrogen hóa cho thuốc bôi, kem và thuốc đạn.\n\nCác giải pháp tinh khiết, phù hợp với tiêu chuẩn dược điển, đảm bảo độ ổn định, kết cấu mượt mà và phóng thích thuốc đều đặn trong các dạng bào chế dạng bôi ngoài và dạng uống.', '2026-02-06 04:48:25', '2026-02-11 17:07:52'),
(5, 'sec-005', 'Vải và Da', 'Sáp thực vật hiệu suất cao bao gồm sáp Carnauba, sáp Candelilla, sáp cám gạo, sáp hướng dương, sáp cải dầu, sáp cọ, sáp ong, sáp đậu nành cùng với sáp paraffin và nhũ tương để hoàn thiện vải, xử lý da và chống thấm.\n\nĐộ bôi trơn vượt trội, khả năng chống nước và kháng mài mòn giúp cải thiện khả năng may, độ chịu rách và hiệu quả xử lý trong sản xuất dệt may và xử lý da.', '2026-02-06 04:50:06', '2026-02-11 17:08:23'),
(6, 'sec-006', 'Cao su & Nhựa', 'Sáp parafin tinh luyện hoàn toàn, sáp microcrystalline, sáp slack và sáp PE tối ưu hóa cho sản xuất lốp xe, gia công nhựa, và phối trộn cao su.\n\nChất bôi trơn, chất giảm dính, và dung môi phân tán hàng đầu đảm bảo quá trình ép đùn, đúc nhấn, cán màng và tháo khuôn trơn tru, cho bề mặt hoàn thiện xuất sắc và hiệu quả gia công cao.', '2026-02-06 04:52:11', '2026-02-11 17:08:54'),
(7, 'sec-007', 'Bao bì', 'Sáp parafin tinh luyện hoàn toàn, sáp vi tinh thể, sáp slack, sáp PE, cùng với sáp carnauba tự nhiên và sáp ong dùng cho phủ giấy, dán giấy carton, và sản xuất bao bì mềm.\n\nChất lượng chống thấm nước vượt trội, kháng dầu và khả năng chống dính đảm bảo các lớp chống ẩm bền chắc, lớp phủ an toàn thực phẩm, và hiệu suất hàn nhiệt hiệu quả trên các bìa carton, hộp có thể gập, và màng phim mềm.', '2026-02-06 04:53:52', '2026-02-11 17:09:26'),
(8, 'sec-008', 'Chất dính', 'Paraffin wax tinh luyện hoàn toàn, sáp microcrystalline, sáp slack, sáp PE, sáp carnauba và sáp ong như các phụ gia có hiệu suất cao cho lớp phủ, mực in, laminate và nhũ tương.\n\nTăng cường khả năng chống trầy xước, hàng rào chống độ ẩm, chống dính, giảm hệ số ma sát (COF) và tính dễ tách lớp để nâng cao hiệu suất cho bìa các tông, giấy carton và bao bì mềm.', '2026-02-06 04:55:48', '2026-02-11 17:09:56'),
(9, 'sec-009', 'Sơn và Lớp phủ', 'Sáp paraffin tinh chế hoàn toàn, sáp microcrystalline, sáp carnauba và sáp ong cho chất đánh bóng sàn bóng sáng cao, bảo dưỡng nội thất, lớp phủ ô tô và bảo vệ bề mặt công nghiệp.\n\nKhả năng chống mài mòn xuất sắc, dễ đánh bóng và tạo độ sáng, mang lại sự bảo vệ lâu dài và lớp hoàn thiện chuyên nghiệp trên các bề mặt gỗ, kim loại, da và composite.', '2026-02-06 04:58:15', '2026-02-11 17:10:27'),
(10, 'sec-010', 'Giấy & In ấn', 'Sáp paraffin tinh luyện hoàn toàn, sáp vi cấu trúc, sáp carnauba, sáp ong, và các loại sáp tổng hợp dùng để phủ giấy, chống mài mòn mực, và giải pháp tách tĩnh điện.\n\nChịu độ ẩm vượt trội, tính chống dính, và tăng cường khả năng in ấn, đảm bảo lớp bảo vệ bề mặt chất lượng cao, độ bám mực tuyệt vời, và quy trình xử lý hiệu quả cho giấy đóng gói và in đặc biệt.', '2026-02-06 05:00:11', '2026-02-11 17:05:49');

--
-- Dumping data for table `sectors_zh`
--

INSERT INTO `sectors_zh` (`id`, `master_id`, `name`, `description`, `created_at`, `updated_at`) VALUES
(1, 'sec-001', '蜡烛制作', '烛制造的完整蜡料解决方案  \n优质天然/植物基蜡（大豆蜡、棕榈蜡、菜籽蜡、椰子蜡、蜂蜡）和石油蜡（全精制/半精制石蜡52-68°C，微晶蜡），适用于所有类型的蜡烛。\n\n即用型蜡混合料：直接融化，无需添加剂，打造出具有优越扩散性和燃烧性能的完美柱蜡、灯芯蜡或容器蜡。', '2026-02-06 04:42:20', '2026-02-11 17:06:01'),
(2, 'sec-002', '化妆品', '用于化妆品制造的优质植物蜡\n\n高品质天然植物蜡，包括向日葵蜡、油菜籽蜡、棕榈蜡、蜂蜡、巴西棕榈蜡、角棕榈蜡、米糠蜡、大豆蜡、蓖麻蜡、橄榄蜡、牛油果蜡、工业大麻蜡、浆果蜡（Rhus verniciflua）以及米格果蜡，用于面霜、口红和护肤产品。\n\n理想的润肤剂、增稠剂和稳定剂，带来顺滑的质地和卓越的性能。', '2026-02-06 04:44:11', '2026-02-11 17:06:30'),
(3, 'sec-003', '食品与饮料', '食品制造的优质食用油与脂肪\n\n全精炼食用油（棕榈油、大豆油、向日葵油、油菜籽油、橄榄油、椰子油）、硬脂（棕榈硬脂、大豆硬脂）及焙烤、糖果和炸制应用的起酥油。\n\n高稳定性、中性风味解决方案，确保口感一致、延长保质期，并在食品加工需求中展现卓越性能。', '2026-02-06 04:45:40', '2026-02-11 17:07:00'),
(4, 'sec-004', '制药行业', '用于药品制造的优质原料\n\n药用级植物蜡，包括蜂蜡（BP/Ph.Eur）、卡纳巴蜡、康德利拉蜡、米糠蜡、葵花蜡、油菜籽蜡、棕榈蜡、蓖麻蜡、大豆蜡、橄榄蜡，以及用于软膏、霜剂和栓剂的氢化植物油。\n\n高纯度、符合药典标准的解决方案，确保稳定性、光滑的质感以及在局部和口服制剂中的药物释放的一致性。', '2026-02-06 04:47:23', '2026-02-11 17:07:31'),
(5, 'sec-005', '纺织品与皮革', '高性能植物蜡，包括巴西棕榈蜡、蜡质果蜡、米糠蜡、向日葵蜡、油菜籽蜡、棕榈蜡、蜂蜡、大豆蜡，以及用于织物整理、皮革处理和防水的石蜡及乳化剂。\n\n卓越的润滑性、防水性和耐磨性，提升纺织品和皮革加工中的缝纫性、抗撕裂强度和生产效率。', '2026-02-06 04:48:55', '2026-02-11 17:08:04'),
(6, 'sec-006', '橡胶与塑料', '全精炼石蜡、微晶蜡、松脂蜡和PE蜡，经过优化，适用于轮胎生产、塑料加工和橡胶配方。\n\n优质润滑剂、脱模剂和分散剂，确保挤出、注塑、压延和脱模过程顺利进行，表面光洁度优秀，加工效率高。', '2026-02-06 04:50:43', '2026-02-11 17:08:33'),
(7, 'sec-007', '包装', '全精炼石蜡、微晶蜡、废蜡、PE蜡，以及用于纸张涂覆、纸板层压和柔性包装生产的天然巴西棕榈蜡和蜂蜡。\n\n优异的防水性、抗油脂性和离型性，确保耐用的阻湿层、食品安全涂层，以及在瓦楞纸箱、折叠纸箱和柔性薄膜中的高效热封性能。', '2026-02-06 04:52:51', '2026-02-11 17:09:04'),
(8, 'sec-008', '粘合剂', '全精炼石蜡、微晶蜡、松香蜡、PE蜡、巴西棕榈蜡和蜂蜡，作为涂料、油墨、层压材料和乳液的高性能添加剂。\n\n提升刮擦抗性、抗湿气屏障、抗粘连、降低COF以及释放性能，确保瓦楞纸板、纸板和柔性包装的卓越性能。', '2026-02-06 04:54:25', '2026-02-11 17:09:36'),
(9, 'sec-009', '抛光与涂层', '完全精炼的石蜡蜡、超细晶体蜡、巴西棕榈蜡和蜂蜡，用于高光地板抛光、家具护理、汽车涂层及工业表面保护。\n\n具有卓越的耐磨性、抛光性和光泽，能提供持久的保护和专业的光洁度，适用于木材、金属、皮革和复合材料表面。', '2026-02-06 04:56:23', '2026-02-11 17:10:06'),
(10, 'sec-010', '纸张与印刷', '完全精制石蜡、云母晶蜡、巴西棕榈蜡、蜂蜡以及合成蜡，用于纸张涂层、抗墨擦拭性以及离型应用。\n\n优异的防潮屏障、抗粘性能和印刷增强，确保高品质的表面保护、出色的墨水附着力以及高效的包装纸和特色印刷加工。', '2026-02-06 04:59:01', '2026-02-11 17:05:30');

--
-- Dumping data for table `seo_keywords`
--

INSERT INTO `seo_keywords` (`id`, `keyword`, `description`, `target_page`, `priority`, `search_volume`, `is_active`, `created_at`, `updated_at`) VALUES
('seo-001', 'palm wax UK', 'Target keyword for palm wax buyers in the UK market', '/products', 9, '1,000-5,000', 1, '2026-02-05 21:03:49', '2026-02-05 21:03:49'),
('seo-002', 'natural candle wax', 'Organic search for natural alternatives to paraffin', '/products', 8, '5,000-10,000', 1, '2026-02-05 21:03:49', '2026-02-05 21:03:49'),
('seo-003', 'wholesale wax supplier', 'B2B searches for bulk wax suppliers', '/', 10, '2,000-5,000', 1, '2026-02-05 21:03:49', '2026-02-05 21:03:49'),
('seo-004', 'RSPO certified palm wax', 'Sustainability-focused buyers', '/products', 7, '500-1,000', 1, '2026-02-05 21:03:49', '2026-02-05 21:03:49'),
('seo-005', 'edible oils UK', 'Food industry oil buyers', '/products', 6, '1,000-2,000', 1, '2026-02-05 21:03:49', '2026-02-05 21:03:49'),
('seo-006', 'carnauba wax supplier', 'Specialty wax searches', '/products', 5, '500-1,000', 1, '2026-02-05 21:03:49', '2026-02-05 21:03:49'),
('seo-007', 'beeswax wholesale', 'Natural beeswax bulk buyers', '/products', 7, '2,000-5,000', 1, '2026-02-05 21:03:49', '2026-02-05 21:03:49'),
('seo-008', 'candle making supplies UK', 'Hobbyist and professional candle makers', '/', 8, '10,000-20,000', 1, '2026-02-05 21:03:49', '2026-02-05 21:03:49'),
('seo-1413d6dc-b799-4291-b607-7909f5ad24bb', 'RSPO SG', '', '/products', 10, '5000', 1, '2026-02-15 19:28:43', '2026-02-15 19:29:02'),
('seo-ab-01', 'sustainable oils and waxes company', 'About page sustainability positioning', '/about', 7, '500-1,000', 1, '2026-02-11 17:25:55', '2026-02-11 17:25:55'),
('seo-ab-02', 'RSPO segregated palm oil supplier', 'RSPO SG certification differentiator', '/about', 8, '500-1,500', 1, '2026-02-11 17:25:55', '2026-02-11 17:25:55'),
('seo-cn-01', 'request quote oils and waxes', 'Contact/conversion keyword', '/contact', 8, '1,000-2,000', 1, '2026-02-11 17:25:55', '2026-02-11 17:25:55'),
('seo-cn-02', 'oil and wax samples request', 'Sample request conversion keyword', '/contact', 7, '500-1,000', 1, '2026-02-11 17:25:55', '2026-02-11 17:25:55'),
('seo-ct-01', 'ISO 9001 certified oil supplier', 'Quality certification keyword', '/certifications', 7, '500-1,000', 1, '2026-02-11 17:25:55', '2026-02-11 17:25:55'),
('seo-ct-02', 'FSSC 22000 food safety certified', 'Food safety certification keyword', '/certifications', 7, '500-1,000', 1, '2026-02-11 17:25:55', '2026-02-11 17:25:55'),
('seo-ct-03', 'ISCC PLUS certified supplier', 'ISCC PLUS sustainability certification', '/certifications', 7, '500-1,000', 1, '2026-02-11 17:25:55', '2026-02-11 17:25:55'),
('seo-eo-01', 'sunflower oil wholesale UK', 'Top edible oil product - sunflower oil wholesale', '/products/sunflower-oil', 10, '5,000-10,000', 1, '2026-02-11 17:25:55', '2026-02-11 17:25:55'),
('seo-eo-02', 'coconut oil bulk buy UK', 'Coconut oil for wholesale buyers', '/products/coconut-oil', 9, '3,000-8,000', 1, '2026-02-11 17:25:55', '2026-02-11 17:25:55'),
('seo-eo-03', 'palm oil supplier UK', 'Palm oil wholesale supply keyword', '/products/palm-oil', 9, '2,000-5,000', 1, '2026-02-11 17:25:55', '2026-02-11 17:25:55'),
('seo-eo-04', 'soybean oil wholesale', 'Soybean/soya bean oil wholesale', '/products/soybean-oil', 8, '2,000-4,000', 1, '2026-02-11 17:25:55', '2026-02-11 17:25:55'),
('seo-eo-05', 'rapeseed oil bulk supplier', 'Rapeseed oil wholesale keyword', '/products/rapeseed-oil', 8, '2,000-4,000', 1, '2026-02-11 17:25:55', '2026-02-11 17:25:55'),
('seo-eo-06', 'olive oil wholesale UK', 'Olive oil for commercial buyers', '/products/olive-oil', 8, '3,000-6,000', 1, '2026-02-11 17:25:55', '2026-02-11 17:25:55'),
('seo-eo-07', 'palm olein supplier', 'Palm olein for food manufacturing', '/products/palm-olein', 7, '1,000-2,000', 1, '2026-02-11 17:25:55', '2026-02-11 17:25:55'),
('seo-eo-08', 'palm kernel olein wholesale', 'Palm kernel olein for food industry', '/products/palm-kernel-olein', 7, '500-1,000', 1, '2026-02-11 17:25:55', '2026-02-11 17:25:55'),
('seo-eo-09', 'edible oils for food manufacturing', 'Category keyword for edible oils', '/products', 9, '3,000-5,000', 1, '2026-02-11 17:25:55', '2026-02-11 17:25:55'),
('seo-eo-10', 'cooking oil supplier wholesale', 'General cooking oil wholesale keyword', '/products', 8, '5,000-10,000', 1, '2026-02-11 17:25:55', '2026-02-11 17:25:55'),
('seo-hp-01', 'oils and waxes supplier UK', 'Primary keyword for Bio Green Wax as a UK supplier of oils and waxes', '/', 10, '2,000-5,000', 1, '2026-02-11 17:25:55', '2026-02-11 17:25:55'),
('seo-hp-02', 'bulk wax supplier UK', 'Target businesses looking for wholesale wax', '/', 9, '1,000-3,000', 1, '2026-02-11 17:25:55', '2026-02-11 17:25:55'),
('seo-hp-03', 'natural oils wholesaler', 'Wholesale natural oils supplier positioning', '/', 9, '1,000-2,000', 1, '2026-02-11 17:25:55', '2026-02-11 17:25:55'),
('seo-hp-04', 'RSPO certified supplier UK', 'Sustainability certification keyword', '/', 8, '500-1,000', 1, '2026-02-11 17:25:55', '2026-02-11 17:25:55'),
('seo-hp-05', 'EUDR compliant oils supplier', 'EU Deforestation Regulation compliance keyword', '/', 8, '500-1,500', 1, '2026-02-11 17:25:55', '2026-02-11 17:25:55'),
('seo-iw-01', 'paraffin wax wholesale UK', 'Fully refined paraffin wax wholesale', '/products/paraffin-wax', 9, '3,000-6,000', 1, '2026-02-11 17:25:55', '2026-02-11 17:25:55'),
('seo-iw-02', 'microcrystalline wax supplier', 'Microcrystalline wax for industrial use', '/products/microcrystalline-wax', 8, '1,000-3,000', 1, '2026-02-11 17:25:55', '2026-02-11 17:25:55'),
('seo-iw-03', 'polyethylene wax supplier UK', 'PE wax for plastics and coatings', '/products/polyethylene-wax', 7, '500-1,500', 1, '2026-02-11 17:25:55', '2026-02-11 17:25:55'),
('seo-iw-04', 'semi refined paraffin wax', 'Semi refined paraffin wax wholesale', '/products/sr-paraffin-wax', 7, '1,000-2,000', 1, '2026-02-11 17:25:55', '2026-02-11 17:25:55'),
('seo-iw-05', 'Fischer-Tropsch wax supplier', 'FT wax for coatings and plastics', '/products/fischer-tropsch-ft-wax', 7, '500-1,000', 1, '2026-02-11 17:25:55', '2026-02-11 17:25:55'),
('seo-iw-06', 'industrial wax supplier UK', 'Category keyword for industrial waxes', '/products', 8, '2,000-4,000', 1, '2026-02-11 17:25:55', '2026-02-11 17:25:55'),
('seo-oc-01', 'palm kernel oil wholesale', 'Palm kernel oil for industrial use', '/products/palm-kernel-oil', 8, '1,000-3,000', 1, '2026-02-11 17:25:55', '2026-02-11 17:25:55'),
('seo-oc-02', 'castor oil bulk supplier UK', 'Castor oil wholesale keyword', '/products/castor-oil', 8, '2,000-4,000', 1, '2026-02-11 17:25:55', '2026-02-11 17:25:55'),
('seo-oc-03', 'glycerine wholesale UK', 'Glycerine for manufacturing', '/products/glycerine', 8, '3,000-5,000', 1, '2026-02-11 17:25:55', '2026-02-11 17:25:55'),
('seo-oc-04', 'soap noodles supplier UK', 'Soap noodles for soap manufacturers', '/products/soap-noodles', 8, '1,000-3,000', 1, '2026-02-11 17:25:55', '2026-02-11 17:25:55'),
('seo-oc-05', 'palm stearic acid wholesale', 'Stearic acid for industrial use', '/products/palm-stearic-acid', 7, '1,000-2,000', 1, '2026-02-11 17:25:55', '2026-02-11 17:25:55'),
('seo-oc-06', 'PFAD palm fatty acid distillate', 'PFAD for biofuels and animal feed', '/products/palm-fatty-acid-distillate-pfad', 7, '500-1,500', 1, '2026-02-11 17:25:55', '2026-02-11 17:25:55'),
('seo-oc-07', 'palm stearin supplier', 'Palm stearin for food and industrial use', '/products/palm-stearin', 7, '1,000-2,000', 1, '2026-02-11 17:25:55', '2026-02-11 17:25:55'),
('seo-oc-08', 'palm kernel stearin wholesale', 'Palm kernel stearin for confectionery', '/products/palm-kernel-stearin', 7, '500-1,000', 1, '2026-02-11 17:25:55', '2026-02-11 17:25:55'),
('seo-oc-09', 'hydrogenated castor oil supplier', 'Castor wax / hydrogenated castor oil', '/products/hydrogenated-castor-oil', 7, '500-1,500', 1, '2026-02-11 17:25:55', '2026-02-11 17:25:55'),
('seo-oc-10', 'palm shortenings supplier UK', 'Palm shortenings for baking industry', '/products/palm-shortenings', 7, '1,000-2,000', 1, '2026-02-11 17:25:55', '2026-02-11 17:25:55'),
('seo-oc-11', 'oleochemicals supplier UK', 'Category keyword for oleochemicals', '/products', 7, '500-1,500', 1, '2026-02-11 17:25:55', '2026-02-11 17:25:55'),
('seo-oc-12', 'ISCC EU certified biofuel feedstock', 'ISCC certification for biofuel feedstock', '/products/palm-fatty-acid-distillate-pfad', 7, '500-1,000', 1, '2026-02-11 17:25:55', '2026-02-11 17:25:55'),
('seo-oc-13', 'PKFAD palm kernel fatty acid distillate', 'PKFAD for animal feed and biofuels', '/products/palm-kernel-fatty-acid-distillate-pkfad', 7, '500-1,000', 1, '2026-02-11 17:28:17', '2026-02-11 17:28:17'),
('seo-pw-01', 'palm wax for candle making', 'Palm wax for candle manufacturers', '/products/bw101-palm-wax', 10, '5,000-10,000', 1, '2026-02-11 17:25:55', '2026-02-11 17:25:55'),
('seo-pw-02', 'beeswax wholesale UK', 'Beeswax wholesale keyword', '/products/beeswax', 9, '3,000-6,000', 1, '2026-02-11 17:25:55', '2026-02-11 17:25:55'),
('seo-pw-03', 'carnauba wax wholesale UK', 'Carnauba wax for commercial use', '/products/carnauba-wax', 8, '2,000-4,000', 1, '2026-02-11 17:25:55', '2026-02-11 17:25:55'),
('seo-pw-04', 'coconut wax candle making', 'Coconut wax for candle industry', '/products/coconut-wax', 9, '3,000-5,000', 1, '2026-02-11 17:25:55', '2026-02-11 17:25:55'),
('seo-pw-05', 'soy wax bulk UK', 'Soy wax for candle manufacturers UK', '/products/soy-wax', 9, '5,000-8,000', 1, '2026-02-11 17:25:55', '2026-02-11 17:25:55'),
('seo-pw-06', 'rapeseed wax for candles', 'Rapeseed wax candle making keyword', '/products/rapeseed-wax', 8, '1,000-3,000', 1, '2026-02-11 17:25:55', '2026-02-11 17:25:55'),
('seo-pw-07', 'plant-based wax supplier', 'Category keyword for plant waxes', '/products', 8, '2,000-4,000', 1, '2026-02-11 17:25:55', '2026-02-11 17:25:55'),
('seo-pw-08', 'vegan candle wax wholesale', 'Vegan-friendly candle wax keyword', '/products', 8, '2,000-5,000', 1, '2026-02-11 17:25:55', '2026-02-11 17:25:55'),
('seo-pw-09', 'palm shortenings low melting point', 'Low melting point palm shortenings for baking', '/products/palm-shortenings-lmp', 7, '500-1,000', 1, '2026-02-11 17:28:17', '2026-02-11 17:28:17'),
('seo-wb-01', 'palm paraffin blended wax', 'Blended wax for jar candles', '/products/palm-paraffin-blended-wax-jarcandles', 8, '1,000-2,000', 1, '2026-02-11 17:25:55', '2026-02-11 17:25:55'),
('seo-wb-02', 'soy wax blend for candles', 'Soy-based vegan wax blend', '/products/soy-blend-vegan-wax', 8, '2,000-4,000', 1, '2026-02-11 17:25:55', '2026-02-11 17:25:55'),
('seo-wb-03', 'coconut rapeseed wax blend', 'Coconut-rapeseed blend for candle making', '/products/coconut-rapeseed-blend', 7, '1,000-2,000', 1, '2026-02-11 17:25:55', '2026-02-11 17:25:55'),
('seo-wb-04', 'pillar candle wax wholesale', 'Wax for pillar candle manufacturing', '/products/palm-paraffin-blended-wax-pillar', 8, '2,000-4,000', 1, '2026-02-11 17:25:55', '2026-02-11 17:25:55'),
('seo-wb-05', 'soy beeswax paraffin blend', 'Premium blended candle wax', '/products/soy-beeswax-blend', 7, '500-1,500', 1, '2026-02-11 17:25:55', '2026-02-11 17:25:55'),
('seo-wb-06', 'candle wax blends wholesale UK', 'Category keyword for wax blends', '/products', 8, '2,000-5,000', 1, '2026-02-11 17:25:55', '2026-02-11 17:25:55');

--
-- Dumping data for table `seo_keyword_products`
--

INSERT INTO `seo_keyword_products` (`id`, `keyword_id`, `product_id`, `relevance_score`, `created_at`) VALUES
('skp-001', 'seo-001', 'prod-bw101-palm-wax', 100, '2026-02-05 21:03:49'),
('skp-002', 'seo-001', 'prod-bw105-palm-wax', 95, '2026-02-05 21:03:49'),
('skp-004', 'seo-002', 'prod-beeswax', 100, '2026-02-05 21:03:49'),
('skp-005', 'seo-002', 'prod-bw101-palm-wax', 85, '2026-02-05 21:03:49'),
('skp-008', 'seo-006', 'prod-carnauba-wax', 100, '2026-02-05 21:03:49'),
('skp-009', 'seo-007', 'prod-beeswax', 100, '2026-02-05 21:03:49');

--
-- Dumping data for table `seo_page_meta`
--

INSERT INTO `seo_page_meta` (`id`, `page_path`, `title`, `description`, `keywords`, `og_title`, `og_description`, `og_image`, `canonical_url`, `no_index`, `is_active`, `created_at`, `updated_at`) VALUES
('spm-001', '/', 'Bio Green Wax Ltd for Edible Oils, fats & Industrial Waxes', 'Suppliers of RSPO MB/SG and EUDR-certified palm oil, olein, stearin, and custom soy, rapeseed, coconut, paraffin, micro & slack wax blends for industries.', 'oils and waxes supplier UK, edible oils wholesale, candle wax supplier, plant-based wax, soy wax, palm wax, paraffin wax, beeswax wholesale, oleochemicals, RSPO certified, bulk wax UK, sunflower oil wholesale', 'Bio Green Wax Ltd - Premium Oils, Waxes & Oleochemicals', 'Your trusted UK supplier for edible oils, candle waxes, industrial waxes, and oleochemicals. 30+ products, RSPO SG certified, EUDR compliant.', NULL, NULL, 0, 1, '2026-02-05 21:03:49', '2026-02-05 21:03:49'),
('spm-002', '/products', 'Products | Edible Oils, Candle Waxes, Industrial Waxes & Oleochemicals', 'Browse 36+ premium products: sunflower oil, coconut oil, palm oil, soy wax, palm wax, beeswax, paraffin wax, wax blends, glycerine, soap noodles, and more. Wholesale supply from Bio Green Wax Ltd.', 'edible oils wholesale, sunflower oil bulk UK, coconut oil wholesale, palm oil supplier, soy wax bulk, palm wax candle making, beeswax wholesale, paraffin wax UK, wax blends, oleochemicals, glycerine wholesale, soap noodles UK, castor oil bulk', 'Bio Green Wax Products - Oils, Waxes & Oleochemicals', 'Explore our full range of edible oils, plant-based waxes, industrial waxes, wax blends, and oleochemicals. Wholesale supply with RSPO certification.', NULL, NULL, 0, 1, '2026-02-05 21:03:49', '2026-02-05 21:03:49'),
('spm-003', '/about', 'About Bio Green Wax Ltd | RSPO SG Certified Oils & Waxes Supplier', 'Bio Green Wax Ltd is a UK-based supplier of premium edible oils, waxes, and oleochemicals. RSPO Segregated certified, EUDR compliant, and ISCC EU certified for biofuels feedstock. Committed to sustainability and quality.', 'about bio green wax, UK oils supplier, RSPO segregated certified, EUDR compliant supplier, sustainable oils company, ISCC EU certified, quality oils and waxes', 'About Bio Green Wax Ltd', 'Learn about Bio Green Wax Ltd - your trusted UK partner for sustainable, certified oils and waxes.', NULL, NULL, 0, 1, '2026-02-05 21:03:49', '2026-02-05 21:03:49'),
('spm-004', '/contact', 'Contact Bio Green Wax Ltd | Request Quotes & Samples', 'Get in touch with Bio Green Wax Ltd for wholesale enquiries, product quotes, and sample requests. Edible oils, candle waxes, industrial waxes, and oleochemicals available for bulk supply.', 'contact bio green wax, request quote oils waxes, wholesale enquiry, oil samples UK, wax supplier contact, bulk order enquiry', 'Contact Bio Green Wax Ltd', 'Request quotes, samples, or make enquiries about our range of oils, waxes, and oleochemicals.', NULL, NULL, 0, 1, '2026-02-05 21:03:49', '2026-02-05 21:03:49'),
('spm-005', '/news', 'News & Industry Updates | Bio Green Wax Ltd', 'Stay informed with the latest news from Bio Green Wax Ltd. Industry insights on edible oils, candle waxes, oleochemicals, sustainability regulations, and market trends.', 'oils and waxes news, candle wax industry updates, edible oil market trends, RSPO news, EUDR updates, UK oils supplier news', 'Bio Green Wax News & Updates', 'Latest industry news, product updates, and sustainability insights from Bio Green Wax Ltd.', NULL, NULL, 0, 1, '2026-02-11 17:26:18', '2026-02-11 17:26:18'),
('spm-006', '/careers', 'Careers at Bio Green Wax Ltd | Join Our Team', 'Explore career opportunities at Bio Green Wax Ltd. Join a growing UK company in the oils, waxes, and oleochemicals industry committed to sustainability and quality.', 'bio green wax careers, oils and waxes industry jobs, UK commodities jobs, sustainability careers', 'Careers at Bio Green Wax', 'Join Bio Green Wax Ltd and build your career in the oils and waxes industry.', NULL, NULL, 0, 1, '2026-02-11 17:26:18', '2026-02-11 17:26:18'),
('spm-007', '/certifications', 'Certifications & Quality Standards | Bio Green Wax Ltd', 'Bio Green Wax Ltd holds ISO 9001, ISO 14001, RSPO Segregated, FSSC 22000, ISCC EU, and ISCC PLUS certifications. Committed to quality, food safety, and sustainability.', 'ISO 9001, ISO 14001, RSPO SG certified, FSSC 22000, ISCC EU, ISCC PLUS, quality certifications, food safety, sustainable supply chain', 'Bio Green Wax Certifications', 'View our quality and sustainability certifications including RSPO, ISCC, and ISO standards.', NULL, NULL, 0, 1, '2026-02-11 17:26:18', '2026-02-11 17:26:18');

--
-- Dumping data for table `site_content`
--

INSERT INTO `site_content` (`id`, `page`, `section`, `content_key`, `content_value`, `content_type`, `display_order`, `synchronized_data`, `created_at`) VALUES
('sc-001', 'about', 'hero', 'title', 'About Bio Green Wax', 'text', 1, 0, '2026-02-05 21:03:49'),
('sc-002', 'about', 'hero', 'subtitle', 'Your trusted partner for premium oils and waxes since 1985', 'text', 2, 0, '2026-02-05 21:03:49'),
('sc-003', 'about', 'story', 'title', 'Our Story', 'text', 3, 0, '2026-02-05 21:03:49'),
('sc-004', 'about', 'story', 'content', 'Founded in 1985, Bio Green Wax Ltd has grown from a small family business to one of the UK\'s leading suppliers of natural oils and industrial waxes. Our commitment to quality, sustainability, and customer service has been the cornerstone of our success for nearly four decades.', 'text', 4, 0, '2026-02-05 21:03:49'),
('sc-005', 'about', 'mission', 'title', 'Our Mission', 'text', 5, 0, '2026-02-05 21:03:49'),
('sc-006', 'about', 'mission', 'content', 'To provide the highest quality natural oils and waxes while maintaining our commitment to sustainability and ethical sourcing. We believe in building long-term partnerships with our customers and suppliers based on trust and mutual success.', 'text', 6, 0, '2026-02-05 21:03:49'),
('sc-007', 'about', 'values', 'title', 'Our Values', 'text', 7, 0, '2026-02-05 21:03:49'),
('sc-008', 'about', 'values', 'quality', 'Quality Excellence - We never compromise on the quality of our products', 'text', 8, 0, '2026-02-05 21:03:49'),
('sc-009', 'about', 'values', 'sustainability', 'Sustainability - Committed to environmentally responsible practices', 'text', 9, 0, '2026-02-05 21:03:49'),
('sc-010', 'about', 'values', 'integrity', 'Integrity - Honest and transparent in all our business dealings', 'text', 10, 0, '2026-02-05 21:03:49'),
('sc-011', 'about', 'team', 'title', 'Our Team', 'text', 11, 0, '2026-02-05 21:03:49'),
('sc-012', 'about', 'team', 'content', 'Our experienced team brings together expertise in chemistry, logistics, and customer service to deliver exceptional results for our clients.', 'text', 12, 0, '2026-02-05 21:03:49');

--
-- Dumping data for table `supported_languages`
--

INSERT INTO `supported_languages` (`code`, `name`, `native_name`, `direction`, `is_active`, `display_order`) VALUES
('ar', 'Arabic', 'العربية', 'rtl', 1, 5),
('de', 'German', 'Deutsch', 'ltr', 1, 8),
('en', 'English', 'English', 'ltr', 1, 1),
('es', 'Spanish', 'Español', 'ltr', 1, 3),
('fr', 'French', 'Français', 'ltr', 1, 4),
('it', 'Italian', 'Italiano', 'ltr', 1, 15),
('ja', 'Japanese', '日本語', 'ltr', 1, 9),
('ko', 'Korean', '한국어', 'ltr', 1, 13),
('pl', 'Polish', 'Polski', 'ltr', 1, 16),
('pt', 'Portuguese', 'Português', 'ltr', 1, 6),
('ru', 'Russian', 'Русский', 'ltr', 1, 7),
('sw', 'Swahili', 'Kiswahili', 'ltr', 1, 10),
('th', 'Thai', 'ไทย', 'ltr', 1, 14),
('tr', 'Turkish', 'Türkçe', 'ltr', 1, 11),
('vi', 'Vietnamese', 'Tiếng Việt', 'ltr', 1, 12),
('zh', 'Chinese', '中文', 'ltr', 1, 2);

--
-- Dumping data for table `users`
--

INSERT INTO `users` (`id`, `email`, `password_hash`, `full_name`, `created_at`, `updated_at`, `email_confirmed_at`, `last_sign_in_at`) VALUES
('11111111-1111-1111-1111-111111111111', 'admin@biogreenwax.com', '$2y$12$tvJWYa3rb5sjdtSIZxq91ulPHcOiLz4gwKmSlziPCy7Yq65HO3/PW', NULL, '2026-02-05 21:03:49', '2026-02-27 05:33:53', '2026-02-05 21:03:49', '2026-02-27 05:33:53'),
('user-0cfe5860b09e7da8', 'umesh.gowda@biogreenwax.com', '$2y$10$/Snm2btxmaGCvySSKcEp.u0TVUaSxpybDuUdcRZWV6VKU.wlQ6/RW', NULL, '2026-02-11 18:00:57', '2026-02-11 18:00:57', NULL, NULL),
('user-0fbd2a50cb5311ac', 'admin@biogreenwax.com', '$2y$10$NaI/zuE2108rkT35tjuXAeNc4U9qyG7d0olLGFuzZHPCT6HWptEWi', NULL, '2026-02-11 18:01:28', '2026-02-11 18:01:28', NULL, NULL),
('user-fac24943af40fd50', 'hantash@biogreenwax.com', '$2y$10$pJiPMgpqXcIgp.J7SJrMT.B8NGcZMzN1BT87H/heYV2eOR8Ovzp6a', NULL, '2026-02-11 18:02:00', '2026-02-11 18:02:00', NULL, NULL);

--
-- Dumping data for table `user_roles`
--

INSERT INTO `user_roles` (`id`, `user_id`, `role`, `created_at`) VALUES
(1, '11111111-1111-1111-1111-111111111111', 'admin', '2026-02-05 21:03:49'),
(2, 'user-0cfe5860b09e7da8', 'admin', '2026-02-11 18:00:58'),
(3, 'user-0fbd2a50cb5311ac', 'admin', '2026-02-11 18:01:28'),
(4, 'user-fac24943af40fd50', 'admin', '2026-02-11 18:02:00');

--
-- Dumping data for table `visitor_sessions`
--

INSERT INTO `visitor_sessions` (`id`, `visitor_id`, `ip_address`, `country`, `city`, `region`, `country_code`, `browser`, `browser_version`, `operating_system`, `device_type`, `screen_width`, `screen_height`, `language`, `referrer`, `referrer_domain`, `utm_source`, `utm_medium`, `utm_campaign`, `started_at`, `last_activity_at`, `is_new_visitor`) VALUES
('04a905b2-ce14-4a6c-bc0b-45463830d011', '7cabf663-5dff-4cc6-9ff2-8e67f23c504e', '127.0.0.1', '', '', '', '', 'Chrome', '140.0', 'Linux', 'desktop', 1280, 720, 'en-US', '', '', '', '', '', '2026-02-11 03:26:23', '2026-02-11 03:26:24', 1),
('0a2a0ef0-1627-48e9-91b9-67c95558879f', '9a305a23-95a2-4f00-85c6-774cc13a5bf9', '127.0.0.1', '', '', '', '', 'Chrome', '140.0', 'Linux', 'desktop', 1280, 720, 'en-US', '', '', '', '', '', '2026-02-10 15:47:11', '2026-02-10 15:47:12', 1),
('0b9823be-a3db-49d6-8e08-002e941a4e34', '5b2ca573-f624-41cb-a9f8-238515cd4c79', '4.155.4.251', 'United States', 'Quincy', 'Washington', 'US', 'Chrome', '142.0', 'Linux', 'desktop', 1367, 878, 'en-GB', '', '', '', '', '', '2026-02-22 17:02:28', '2026-02-22 17:02:28', 1),
('0c0495ea-5dc5-42be-896f-1cd35fca652b', 'e6c98f66-acab-48da-b4ea-12e04b99c481', '127.0.0.1', '', '', '', '', 'Chrome', '140.0', 'Linux', 'desktop', 1280, 720, 'en-US', '', '', '', '', '', '2026-02-09 02:22:48', '2026-02-09 02:22:50', 0),
('0c620a6c-e34e-477a-b034-985fce2d2f31', '07ca949a-0412-42e6-8828-3fde63dba5d5', '127.0.0.1', '', '', '', '', 'Chrome', '140.0', 'Linux', 'desktop', 1280, 720, 'en-US', '', '', '', '', '', '2026-02-10 10:04:29', '2026-02-10 10:04:31', 0),
('0ccae9c5-7c1b-4911-88e5-9612577067c7', '7f372b04-34ca-4955-874a-b7ad99f60333', '127.0.0.1', '', '', '', '', 'Chrome', '140.0', 'Linux', 'desktop', 1280, 720, 'en-US', '', '', '', '', '', '2026-02-09 02:02:04', '2026-02-09 02:02:05', 0),
('0f561143-4164-4599-93d1-fc6221293755', 'd2b508c7-54f9-4eed-889a-48bd73e0c60c', '49.37.250.131', 'India', 'Bengaluru', 'Karnataka', 'IN', 'Chrome', '144.0', 'Windows 10', 'desktop', 2560, 1080, 'en-US', 'https://169d72a7-1fcd-4403-9708-430aa1fd6869-00-1iljf8nlo4i0z.picard.replit.dev/__replco/workspace_iframe.html?initialPath=%2F&id=%3Arc1%3A', '', '', '', '', '2026-02-10 07:53:57', '2026-02-11 18:31:13', 0),
('0f8ee837-10cd-45d8-93d4-b41a67c921ee', 'be2c28ec-9932-4038-8486-e5478726d437', '23.27.145.31', 'United States', 'San Jose', 'California', 'US', 'Chrome', '119.0', 'Linux', 'desktop', 1600, 1200, 'en-US@posix', '', '', '', '', '', '2026-02-14 10:03:29', '2026-02-14 10:03:29', 1),
('0fdbc9b1-3a54-4258-9988-e1f1118054dd', 'f4d2d37b-4ad7-47d2-aa27-eb5658ef2807', '2405:201:d040:d144:74a9:27a5:5e2a:e4fa', 'India', 'Bengaluru', 'Karnataka', 'IN', 'Chrome', '145.0', 'Windows 10', 'desktop', 2560, 1080, 'en-US', '', '', '', '', '', '2026-02-24 19:42:24', '2026-02-24 19:42:47', 1),
('1429ff85-faa5-45d0-aa24-ff27399f9fbb', '7d507488-5328-4e07-bc0c-bb64865d9e95', '127.0.0.1', '', '', '', '', 'Chrome', '140.0', 'Linux', 'desktop', 1280, 720, 'en-US', '', '', '', '', '', '2026-02-09 01:36:52', '2026-02-09 01:36:54', 1),
('1437ae3f-b552-4ef4-adad-8414daa410f5', 'cec90979-84e3-41ba-a2fd-0b6bd6273674', '2a09:bac2:37bc:26a0::3d9:34', 'United Kingdom', 'Luton', 'England', 'GB', 'Safari', '26.2', 'macOS', 'mobile', 430, 932, 'en-GB', '', '', '', '', '', '2026-02-16 07:26:07', '2026-02-16 10:04:45', 0),
('17435ffc-3a64-4a72-95b8-c819a555f61c', 'b46bd256-b169-4a64-ab61-09785400caa0', '2001:bc8:50c0:316:da5e:d3ff:feea:e769', 'Netherlands', 'Amsterdam', 'North Holland', 'NL', 'Chrome', '134.0', 'Linux', 'desktop', 800, 600, 'en-US', '', '', '', '', '', '2026-02-19 11:34:31', '2026-02-19 11:34:31', 1),
('183f5107-4900-4010-919d-7214a91929e4', '88bca194-661a-4e9a-9f88-a239be618861', '2001:bc8:1201:729:da5e:d3ff:fe43:faba', 'France', 'Paris', 'Île-de-France', 'FR', 'Chrome', '134.0', 'Linux', 'desktop', 800, 600, 'en-US', '', '', '', '', '', '2026-02-26 12:48:23', '2026-02-26 12:48:23', 1),
('1f815ed9-56e3-4f34-b40c-eb0289c3ade0', 'bef66de5-f501-4d9c-8b8d-abd02933ce42', '127.0.0.1', '', '', '', '', 'Chrome', '140.0', 'Linux', 'desktop', 1280, 720, 'en-US', '', '', '', '', '', '2026-02-06 02:24:18', '2026-02-06 02:24:19', 1),
('1fb896f3-4541-4939-a9f4-6809ecac379d', '51e82cc1-e0d3-43a1-9c64-74559b9c0de6', '127.0.0.1', '', '', '', '', 'Chrome', '140.0', 'Linux', 'desktop', 1280, 720, 'en-US', '', '', '', '', '', '2026-02-08 16:25:51', '2026-02-08 16:25:51', 1),
('1fe34681-b3a8-4213-90aa-e3812aa14d43', 'e6c98f66-acab-48da-b4ea-12e04b99c481', '127.0.0.1', '', '', '', '', 'Chrome', '140.0', 'Linux', 'desktop', 1280, 720, 'en-US', '', '', '', '', '', '2026-02-09 02:17:07', '2026-02-09 02:17:09', 0),
('227a1a3f-f37d-4eb4-bd23-577be2be4bd0', '42144ee7-b98e-4084-819f-4cdce19f73e8', '76.120.199.125', 'United States', 'Charlottesville', 'Virginia', 'US', 'Chrome', '145.0', 'macOS', 'desktop', 800, 600, 'en-US', '', '', '', '', '', '2026-02-22 18:35:28', '2026-02-22 18:35:28', 1),
('227fce80-bfeb-4bf9-81ec-65c6a851c21a', 'bc23415e-20a4-42f2-87be-6e3b003b5fef', '35.94.224.250', 'United States', 'Portland', 'Oregon', 'US', 'Chrome', '145.0', 'macOS', 'desktop', 800, 600, 'en-US', '', '', '', '', '', '2026-02-14 11:11:40', '2026-02-14 11:11:40', 1),
('22a3a45d-a0c2-4936-b057-cdf8bc21f933', '0cd44192-880e-41ac-a87b-8eeb1f01256a', '17.241.227.221', 'United States', 'Cupertino', 'California', 'US', 'Safari', '17.4', 'macOS', 'desktop', 1920, 1080, 'en-US', '', '', '', '', '', '2026-02-15 12:24:20', '2026-02-15 12:24:20', 1),
('24a1fd94-5fc9-4d9f-8025-33bc6974cadd', '7d507488-5328-4e07-bc0c-bb64865d9e95', '127.0.0.1', '', '', '', '', 'Chrome', '140.0', 'Linux', 'desktop', 1280, 720, 'en-US', '', '', '', '', '', '2026-02-09 01:36:59', '2026-02-09 01:37:01', 0),
('24cdedb1-1f28-4eea-8ff3-66132dd56ef8', '65f039ca-b585-484f-889a-bdc421c01e29', '35.94.224.250', 'United States', 'Portland', 'Oregon', 'US', 'Safari', '14.0', 'macOS', 'mobile', 390, 844, 'en-US', '', '', '', '', '', '2026-02-14 11:11:49', '2026-02-14 11:11:49', 1),
('254df22e-a5b7-4ae1-9ab4-3c32368447f7', '7f372b04-34ca-4955-874a-b7ad99f60333', '127.0.0.1', '', '', '', '', 'Chrome', '140.0', 'Linux', 'desktop', 1280, 720, 'en-US', '', '', '', '', '', '2026-02-09 01:51:15', '2026-02-09 01:51:17', 0),
('271f9b7c-2be2-49a0-8603-bd078046660d', '0f4632c1-1b28-4793-942c-6e4900461c06', '17.241.219.6', 'United States', 'Cupertino', 'California', 'US', 'Safari', '17.4', 'macOS', 'desktop', 1920, 1080, 'en-US', '', '', '', '', '', '2026-02-15 12:06:50', '2026-02-15 12:06:50', 1),
('274f527c-30b6-4ac2-a3c0-711834dd0457', 'd2b508c7-54f9-4eed-889a-48bd73e0c60c', '49.37.250.131', 'India', 'Bengaluru', 'Karnataka', 'IN', 'Chrome', '144.0', 'Windows 10', 'desktop', 2560, 1080, 'en-US', 'https://169d72a7-1fcd-4403-9708-430aa1fd6869-00-1iljf8nlo4i0z.picard.replit.dev/__replco/workspace_iframe.html?initialPath=%2F&id=%3Ar66%3A', '', '', '', '', '2026-02-08 15:01:46', '2026-02-10 06:15:47', 1),
('2751e2d3-31cf-4709-805d-c5778ad0f325', '7d507488-5328-4e07-bc0c-bb64865d9e95', '127.0.0.1', '', '', '', '', 'Chrome', '140.0', 'Linux', 'desktop', 1280, 720, 'en-US', '', '', '', '', '', '2026-02-09 01:37:17', '2026-02-09 01:37:19', 0),
('2768c85e-9274-4eb9-b595-03efaa32091c', 'ba0f307d-1dff-4cff-a5b7-44502d95e618', '2405:201:d040:d144:5992:19b6:2d88:21de', 'India', 'Bengaluru', 'Karnataka', 'IN', 'Chrome', '144.0', 'Windows 10', 'desktop', 2560, 1080, 'en-US', '', '', '', '', '', '2026-02-15 13:50:20', '2026-02-15 13:56:59', 0),
('28b6cb07-653b-45c7-82cd-c37993cfc64b', 'a074b52a-9b55-435b-af75-a7c2fee53ed1', '2001:bc8:701:51:da5e:d3ff:fe49:a570', 'France', 'Paris', 'Île-de-France', 'FR', 'Chrome', '134.0', 'Linux', 'desktop', 800, 600, 'en-US', '', '', '', '', '', '2026-02-17 10:58:45', '2026-02-17 10:58:45', 1),
('29153502-1d7e-4cc7-a996-73a67c956f2d', '164ab4ea-3c85-48af-b7fa-0b1ee079b36d', '127.0.0.1', '', '', '', '', 'Chrome', '140.0', 'Linux', 'desktop', 1280, 720, 'en-US', '', '', '', '', '', '2026-02-09 02:53:45', '2026-02-09 02:53:46', 0),
('293a4a4a-e56e-44e2-8690-0d6e987f8953', 'cec90979-84e3-41ba-a2fd-0b6bd6273674', '2a09:bac3:3819:d2::15:3ce', 'United Kingdom', 'Swindon', 'England', 'GB', 'Safari', '26.2', 'macOS', 'mobile', 430, 932, 'en-GB', '', '', '', '', '', '2026-02-16 06:56:54', '2026-02-16 07:01:36', 1),
('29ab6f2a-dea0-4048-b4fb-3d2da65b0e3c', '5e7573db-5301-4125-9bf3-6f6c9bb7e159', '127.0.0.1', '', '', '', '', 'Chrome', '140.0', 'Linux', 'desktop', 1280, 720, 'en-US', '', '', '', '', '', '2026-02-09 04:40:56', '2026-02-09 04:40:58', 0),
('2f2044d8-806f-43ce-94c0-5e07507800a1', '93e01111-8e58-4a7b-aaad-d4bceb9ca880', '116.179.37.94', 'China', 'Jinrongjie', 'Beijing', 'CN', 'Unknown', '', 'Unknown', 'desktop', 1600, 1600, 'zh-CN', '', '', '', '', '', '2026-02-14 08:26:35', '2026-02-14 08:26:35', 1),
('30e2254c-0634-4658-9414-b360ef31c804', 'cb741a4f-c484-4dab-aab9-8d2ea1aa5d20', '35.90.207.33', 'United States', 'Portland', 'Oregon', 'US', 'Safari', '14.0', 'macOS', 'mobile', 390, 844, 'en-US', '', '', '', '', '', '2026-02-14 11:05:35', '2026-02-14 11:05:35', 1),
('31d2c943-6e0f-492b-830e-5d3190c111c0', '164ab4ea-3c85-48af-b7fa-0b1ee079b36d', '127.0.0.1', '', '', '', '', 'Chrome', '140.0', 'Linux', 'desktop', 1280, 720, 'en-US', '', '', '', '', '', '2026-02-09 02:54:57', '2026-02-09 02:54:59', 0),
('33f55bb5-7636-4a97-8df6-7403984c82b6', '85b77666-f9a5-4393-813a-b5849fd11dee', '2a00:23c8:9199:5901:6871:9ce1:f964:fba1', 'United Kingdom', 'Erith', 'England', 'GB', 'Safari', '26.2', 'macOS', 'mobile', 430, 932, 'en-GB', 'https://www.google.com/', 'www.google.com', '', '', '', '2026-02-14 17:08:31', '2026-02-14 17:08:44', 1),
('34a6452d-d9e8-49b9-92b4-4a5ef9b871f5', '7b1d538d-9a43-4b33-b38e-747d0206c126', '103.135.61.99', 'India', 'Mumbai', 'Maharashtra', 'IN', '', '', '', 'desktop', 0, 0, '', '', '', '', '', '', '2026-02-15 08:50:43', '2026-02-15 08:51:05', 1),
('37bd1628-d359-4fbb-84b2-bc4b8ebc0566', '0f860f08-7af3-49b0-aa95-1c2b1fafbaa1', '2405:201:d040:d144:5992:19b6:2d88:21de', 'India', 'Bengaluru', 'Karnataka', 'IN', '', '', '', 'desktop', 0, 0, '', '', '', '', '', '', '2026-02-15 06:03:01', '2026-02-16 10:05:45', 1),
('385903fc-9d36-43af-a7c1-b8edc812af9b', 'e6c98f66-acab-48da-b4ea-12e04b99c481', '127.0.0.1', '', '', '', '', 'Chrome', '140.0', 'Linux', 'desktop', 1280, 720, 'en-US', '', '', '', '', '', '2026-02-09 02:26:08', '2026-02-09 02:26:10', 0),
('3bb87e38-fb8b-453a-8ac0-7324ef6922c8', '3ef57d4c-039b-4a18-8013-708586dab390', '103.135.61.99', 'India', 'Mumbai', 'Maharashtra', 'IN', 'Chrome', '144.0', 'Linux', 'desktop', 1680, 1050, 'en-US', 'https://www.biogreenwax.com/admin', '', '', '', '', '2026-02-15 05:38:47', '2026-02-15 05:40:03', 0),
('3c4946bb-68a9-4d40-9858-3fef77299aba', '4e0dd8b0-d54e-47b7-81c0-e9980b0988b6', '23.27.145.203', 'United States', 'San Jose', 'California', 'US', 'Chrome', '119.0', 'Linux', 'desktop', 1600, 1200, 'en-US@posix', '', '', '', '', '', '2026-02-24 10:08:46', '2026-02-24 10:08:46', 1),
('3c5d9ce3-b441-41a0-b767-4b74047759b8', '22d5a594-6548-4bc7-baff-98996f4ce179', '2a02:4780:11:1234::14e', 'India', 'Mumbai', 'Maharashtra', 'IN', 'Chrome', '144.0', 'macOS', 'desktop', 800, 600, 'en-US', '', '', '', '', '', '2026-02-15 18:39:34', '2026-02-15 18:39:34', 1),
('3ce29de7-57bf-4bac-911d-c83557a4bad9', '4a8d70a6-a6ea-4369-b579-291d391f739c', '127.0.0.1', '', '', '', '', 'Chrome', '140.0', 'Linux', 'desktop', 1280, 720, 'en-US', '', '', '', '', '', '2026-02-09 17:08:41', '2026-02-09 17:08:42', 1),
('3ee58733-4428-4ee4-841f-a040d9cf1f93', 'a212452e-9317-48c6-916d-5a6494604b52', '127.0.0.1', '', '', '', '', 'Chrome', '140.0', 'Linux', 'desktop', 1280, 720, 'en-US', '', '', '', '', '', '2026-02-11 09:12:57', '2026-02-11 09:12:59', 1),
('40b991e8-25cc-4e74-9cc1-b063bb313bf1', 'b9b9a5d4-8b94-42b8-af8b-423c02a6b622', '127.0.0.1', '', '', '', '', 'Chrome', '140.0', 'Linux', 'desktop', 1280, 720, 'en-US', '', '', '', '', '', '2026-02-10 14:31:22', '2026-02-10 14:31:24', 0),
('41db5ccf-dcff-4616-a008-71f04f9a22c6', 'b9b9a5d4-8b94-42b8-af8b-423c02a6b622', '127.0.0.1', '', '', '', '', 'Chrome', '140.0', 'Linux', 'desktop', 1280, 720, 'en-US', '', '', '', '', '', '2026-02-10 14:28:44', '2026-02-10 14:28:46', 0),
('42805e3e-af68-44ea-8c2d-0f36fc38c9de', '2df7a6cf-4268-4f3c-b851-80885d1b4644', '54.174.58.254', 'United States', 'Ashburn', 'Virginia', 'US', 'Chrome', '94.0', 'Android', 'mobile', 360, 640, 'en-US', '', '', '', '', '', '2026-02-22 16:31:17', '2026-02-22 16:31:30', 1),
('42b1cd56-133b-46ce-99f8-4a5042995a2d', '6cd59921-caed-4dc9-93a6-2ccf14713237', '2405:201:d040:d144:5992:19b6:2d88:21de', 'India', 'Bengaluru', 'Karnataka', 'IN', 'Chrome', '144.0', 'Windows 10', 'desktop', 2560, 1080, 'en-US', '', '', '', '', '', '2026-02-14 16:09:04', '2026-02-14 16:30:01', 0),
('43ddf0bc-4b07-41c0-879b-6c967e525786', '46db963d-2dff-419e-bcfb-0473b4805b4d', '127.0.0.1', '', '', '', '', 'Chrome', '140.0', 'Linux', 'desktop', 1280, 720, 'en-US', '', '', '', '', '', '2026-02-05 21:41:01', '2026-02-05 21:41:03', 1),
('44f36b28-10ec-4631-9690-34795115fe9a', '7d507488-5328-4e07-bc0c-bb64865d9e95', '127.0.0.1', '', '', '', '', 'Chrome', '140.0', 'Linux', 'desktop', 1280, 720, 'en-US', '', '', '', '', '', '2026-02-09 01:37:07', '2026-02-09 01:37:09', 0),
('4693321a-410a-4b0f-b9ad-940cbf124277', 'e4bcac6e-a199-4ea6-a792-5d4196790942', '49.37.248.61', 'India', 'Bengaluru', 'Karnataka', 'IN', 'Chrome', '144.0', 'Windows 10', 'desktop', 2560, 1080, 'en-GB', 'https://169d72a7-1fcd-4403-9708-430aa1fd6869-00-1iljf8nlo4i0z.picard.replit.dev/__replco/workspace_iframe.html?initialPath=%2F&id=%3Ar1dp%3A', '', '', '', '', '2026-02-05 21:36:30', '2026-02-06 03:13:06', 0),
('486936b0-75d0-4d00-a308-bc6ccaaee45c', '68b486bd-5c33-4328-b36e-2d0be0ec4655', '103.135.61.99', 'India', 'Mumbai', 'Maharashtra', 'IN', 'Chrome', '145.0', 'Linux', 'desktop', 1680, 1050, 'en-US', '', '', '', '', '', '2026-02-22 14:04:59', '2026-02-22 14:05:10', 0),
('4ac4c5f5-0976-4980-8895-368dd8714ed7', '726dde39-2361-46b6-a213-66e8fa2f157e', '103.135.61.99', 'India', 'Mumbai', 'Maharashtra', 'IN', 'Chrome', '145.0', 'Linux', 'desktop', 2560, 1440, 'en-US', '', '', '', '', '', '2026-02-17 14:53:04', '2026-02-17 16:00:04', 1),
('4d59aba7-dc65-4150-a3b5-a17330db36e7', '0a309d6f-871c-48c1-912e-2d710bd64f7f', '2401:4900:c8f7:1c07:b5e8:54f6:8458:e2c8', 'India', 'Bengaluru', 'Karnataka', 'IN', 'Edge', '145.0', 'Windows 10', 'desktop', 1280, 720, 'en-US', '', '', '', '', '', '2026-02-16 07:05:40', '2026-02-16 08:35:45', 1),
('4f851f7d-aad8-4630-80b3-b64a1f463718', 'e6c98f66-acab-48da-b4ea-12e04b99c481', '127.0.0.1', '', '', '', '', 'Chrome', '140.0', 'Linux', 'desktop', 1280, 720, 'en-US', '', '', '', '', '', '2026-02-09 02:18:18', '2026-02-09 02:18:19', 0),
('53cb8af2-ede9-46b3-9e5f-f93b6ccc872e', 'd1b81e54-5cf7-4167-a102-a5dcf0da7274', '127.0.0.1', '', '', '', '', 'Chrome', '140.0', 'Linux', 'desktop', 1280, 720, 'en-US', '', '', '', '', '', '2026-02-09 16:46:35', '2026-02-09 16:46:37', 1),
('541ab0d3-d76d-4d8f-921c-f8522d74366d', 'b52d48f7-6fde-4f7a-a99a-74b8c3d6a96a', '49.37.250.131', 'India', 'Bengaluru', 'Karnataka', 'IN', 'Safari', '', 'macOS', 'mobile', 440, 956, 'en-GB', 'https://www.google.com/', 'www.google.com', '', '', '', '2026-02-18 03:27:20', '2026-02-18 04:02:14', 0),
('56b7f794-07dc-43cf-a010-6f8a55e11612', 'ba0f307d-1dff-4cff-a5b7-44502d95e618', '2405:201:d040:d144:5992:19b6:2d88:21de', 'India', 'Bengaluru', 'Karnataka', 'IN', 'Chrome', '144.0', 'Windows 10', 'desktop', 2560, 1080, 'en-US', 'https://www.biogreenwax.com/admin', '', '', '', '', '2026-02-15 14:01:15', '2026-02-16 13:02:16', 0),
('586fc04c-08d6-47ae-89d7-a4fee241d2bf', 'b277eede-c2e4-4be9-88e2-912bdc3c167c', '94.176.55.220', 'United States', 'New York', 'New York', 'US', 'Safari', '', 'macOS', 'mobile', 390, 844, 'en-US', '', '', '', '', '', '2026-02-14 15:50:36', '2026-02-14 15:50:42', 1),
('58d1caa1-0b81-4134-8e16-fbd72b151b70', 'e6c98f66-acab-48da-b4ea-12e04b99c481', '127.0.0.1', '', '', '', '', 'Chrome', '140.0', 'Linux', 'desktop', 1280, 720, 'en-US', '', '', '', '', '', '2026-02-09 02:12:08', '2026-02-09 02:12:10', 1),
('5955265c-bcfd-45fc-8684-919963faa0dd', 'd3343039-2887-4078-86a7-2cadca2889ca', '45.42.189.35', 'United States', 'Ashburn', 'Virginia', 'US', 'Chrome', '53.0', 'Linux', 'desktop', 1920, 1200, 'en-US', '', '', '', '', '', '2026-02-27 14:15:02', '2026-02-27 14:15:02', 1),
('5c1f34fc-a34c-445e-a4fb-f70345e14314', '3f716036-6d18-46e4-92cb-ba45efa23c2d', '2405:201:d040:d144:74a9:27a5:5e2a:e4fa', 'India', 'Bengaluru', 'Karnataka', 'IN', 'Chrome', '145.0', 'Windows 10', 'desktop', 2560, 1080, 'en-US', '', '', '', '', '', '2026-02-24 23:17:18', '2026-02-25 05:57:59', 1),
('5c4f335c-d1fe-402d-9315-4f184b16f08f', '7d507488-5328-4e07-bc0c-bb64865d9e95', '127.0.0.1', '', '', '', '', 'Chrome', '140.0', 'Linux', 'desktop', 1280, 720, 'en-US', '', '', '', '', '', '2026-02-09 01:40:01', '2026-02-09 01:40:03', 0),
('5d949511-58ff-44cf-bcc2-53e8e230770a', '89656fd8-660b-4229-811a-a68644a8a381', '103.135.61.99', 'India', 'Mumbai', 'Maharashtra', 'IN', 'Chrome', '144.0', 'Linux', 'desktop', 2560, 1440, 'en-US', '', '', '', '', '', '2026-02-15 06:45:49', '2026-02-15 06:46:07', 1),
('6042893a-a2c1-472b-9b77-a2602d9932b0', '54773c48-e4cc-4e10-8dcc-9a8fa0ed6f2f', '49.44.84.69', 'India', 'Chennai', 'Tamil Nadu', 'IN', 'Chrome', '145.0', 'Windows 10', 'desktop', 1920, 1080, 'en-US', 'https://www.google.com/', 'www.google.com', '', '', '', '2026-02-24 19:42:34', '2026-02-24 19:42:34', 1),
('60b448ac-71a2-46e1-a9e0-935958f37f9f', '3322a740-b172-4f85-b0fc-491c9e14687c', '103.135.61.99', 'India', 'Mumbai', 'Maharashtra', 'IN', 'Chrome', '144.0', 'Linux', 'desktop', 1680, 1050, 'en-US', '', '', '', '', '', '2026-02-14 05:07:50', '2026-02-14 05:07:56', 0),
('62871837-010c-49dd-addd-db333bc93aae', '3de9be4c-f29a-47ad-ad09-64775519d8a9', '2001:bc8:17c0:422:da5e:d3ff:fe49:a450', 'Netherlands', 'Haarlem', 'North Holland', 'NL', 'Chrome', '134.0', 'Linux', 'desktop', 800, 600, 'en-US', '', '', '', '', '', '2026-02-27 12:53:19', '2026-02-27 12:53:19', 1),
('64bf724a-bd6d-4d6a-8de8-a0b6821ebb8e', '29d48fb9-5c7e-4f40-b78a-5935c4216f47', '138.207.132.48', 'United States', 'Uniontown', 'Pennsylvania', 'US', 'Chrome', '145.0', 'macOS', 'desktop', 800, 600, 'en-US', '', '', '', '', '', '2026-02-23 06:13:46', '2026-02-23 06:13:46', 1),
('6777fe1d-e788-4439-9d3c-bb3021486a07', 'bf5a4a1b-66c4-48c1-86d9-3df903a9c746', '127.0.0.1', '', '', '', '', 'Chrome', '140.0', 'Linux', 'desktop', 1280, 720, 'en-US', '', '', '', '', '', '2026-02-10 09:56:51', '2026-02-10 09:56:51', 0),
('68ee49c9-1ede-493c-8779-e2cab59e119f', '7f372b04-34ca-4955-874a-b7ad99f60333', '127.0.0.1', '', '', '', '', 'Chrome', '140.0', 'Linux', 'desktop', 1280, 720, 'en-US', '', '', '', '', '', '2026-02-09 01:57:30', '2026-02-09 01:57:31', 0),
('6a3dd21e-c04e-4da8-9c15-16491afd8f48', '07ca949a-0412-42e6-8828-3fde63dba5d5', '127.0.0.1', '', '', '', '', 'Chrome', '140.0', 'Linux', 'desktop', 1280, 720, 'en-US', '', '', '', '', '', '2026-02-10 10:04:21', '2026-02-10 10:04:24', 1),
('6b368bc8-51b1-4022-8504-23463cbe7dd2', 'baa44dee-65f0-4a37-af2b-2d3990c33c77', '2405:201:d040:d144:9f9:a59e:b944:25e2', 'India', 'Bengaluru', 'Karnataka', 'IN', 'Safari', '26.2', 'macOS', 'desktop', 440, 956, 'en-GB', '', '', '', '', '', '2026-02-15 05:21:14', '2026-02-15 05:23:17', 0),
('6c482a83-3c87-4865-9fec-0c364c32ee79', 'e1145296-e991-4378-8901-a99a130e8753', '134.209.81.124', 'Netherlands', 'Amsterdam', 'North Holland', 'NL', 'Safari', '', 'macOS', 'mobile', 440, 956, 'en-GB', 'https://www.google.com/', 'www.google.com', '', '', '', '2026-02-20 15:41:44', '2026-02-20 15:41:44', 0),
('6c52a283-a9d5-4b11-9711-48ea144ee2b8', '7ae98b92-f2cc-4507-9d4d-68a3bfdf479d', '127.0.0.1', '', '', '', '', 'Chrome', '140.0', 'Linux', 'desktop', 1280, 720, 'en-US', '', '', '', '', '', '2026-02-11 18:15:42', '2026-02-11 18:15:44', 0),
('6c61eb5d-480e-40f6-84cc-6e779d0ce750', '5cada005-fd75-4960-bb5b-f00f196bf364', '205.169.39.214', 'United States', 'Santa Clara', 'California', 'US', 'Chrome', '79.0', 'Windows 10', 'desktop', 1024, 1024, 'en-US', '', '', '', '', '', '2026-02-23 10:17:35', '2026-02-23 10:17:35', 1),
('6d2687b2-865c-4b30-bc1a-ed690219ca2f', 'bc70d44a-babb-4680-be30-bb0d3b84920a', '2405:201:d040:d144:7006:dd48:9c03:7b60', 'India', 'Bengaluru', 'Karnataka', 'IN', 'Chrome', '144.0', 'Windows 10', 'desktop', 2560, 1080, 'en-US', '', '', '', '', '', '2026-02-23 11:37:00', '2026-02-23 11:37:01', 1),
('6d813eac-75ec-45a2-b8ef-ff133a189a98', '7d507488-5328-4e07-bc0c-bb64865d9e95', '127.0.0.1', '', '', '', '', 'Chrome', '140.0', 'Linux', 'desktop', 1280, 720, 'en-US', '', '', '', '', '', '2026-02-09 01:41:34', '2026-02-09 01:41:36', 0),
('6d8fdcec-d0e6-40a3-b4d7-91782fb31799', '0f860f08-7af3-49b0-aa95-1c2b1fafbaa1', '2405:201:d040:d144:7006:dd48:9c03:7b60', 'India', 'Bengaluru', 'Karnataka', 'IN', 'Chrome', '145.0', 'Windows 10', 'desktop', 2560, 1080, 'en-US', '', '', '', '', '', '2026-02-23 06:50:38', '2026-02-24 19:24:46', 0),
('6dfb105f-422f-4a6f-b4ba-7f8d542337ff', '0c0ab9a2-3bbb-4651-9a16-3005ad430ab9', '17.246.15.229', 'United States', 'Cupertino', 'California', 'US', 'Safari', '17.4', 'macOS', 'desktop', 1920, 1080, 'en-US', '', '', '', '', '', '2026-02-15 11:34:39', '2026-02-15 11:34:39', 1),
('6e2a2bdb-7fc1-4b37-b837-19aea87506cc', '83d44595-85ea-48f4-8ae4-63a02fda6444', '127.0.0.1', '', '', '', '', 'Chrome', '140.0', 'Linux', 'desktop', 1280, 720, 'en-US', '', '', '', '', '', '2026-02-11 18:28:03', '2026-02-11 18:28:03', 0),
('6e597bca-34eb-462b-97f6-79a055d2aab6', 'e9c7f6be-e488-4636-8465-57c3f5ad8fea', '127.0.0.1', '', '', '', '', 'Chrome', '140.0', 'Linux', 'desktop', 1280, 720, 'en-US', '', '', '', '', '', '2026-02-11 17:17:41', '2026-02-11 17:17:42', 1),
('6eaf7fd8-b4ae-4bc7-a0dc-be059339ae99', '16f6f81c-d61f-475e-b1d8-7620d9ab0df5', '74.125.151.35', 'United States', 'Mountain View', 'California', 'US', 'Chrome', '144.0', 'Android', 'mobile', 360, 600, 'en-US', '', '', '', '', '', '2026-02-14 22:53:21', '2026-02-14 22:53:21', 1),
('6edeb1c9-c42b-41fc-b881-9234a2a825d1', '68b486bd-5c33-4328-b36e-2d0be0ec4655', '103.135.61.99', 'India', 'Mumbai', 'Maharashtra', 'IN', 'Chrome', '145.0', 'Linux', 'desktop', 2560, 1440, 'en-US', '', '', '', '', '', '2026-02-18 03:00:16', '2026-02-18 03:02:19', 0),
('7185ea24-e600-41ac-b196-17fa16602bb6', '7ae98b92-f2cc-4507-9d4d-68a3bfdf479d', '127.0.0.1', '', '', '', '', 'Chrome', '140.0', 'Linux', 'desktop', 1280, 720, 'en-US', '', '', '', '', '', '2026-02-11 18:13:17', '2026-02-11 18:13:18', 0),
('71cffe40-70e9-4f7b-b598-5b67ec2f50a5', 'b52d48f7-6fde-4f7a-a99a-74b8c3d6a96a', '2405:201:d040:d144:8cc1:98dc:a1a7:d632', 'India', 'Bengaluru', 'Karnataka', 'IN', 'Safari', '', 'macOS', 'mobile', 440, 956, 'en-GB', '', '', '', '', '', '2026-02-18 02:33:05', '2026-02-18 03:27:01', 1),
('72c65921-0e68-4265-80e5-3a08475c0c49', '8bd36340-e7a5-4ef5-8334-694b8deca5ac', '127.0.0.1', '', '', '', '', 'Chrome', '140.0', 'Linux', 'desktop', 1280, 720, 'en-US', '', '', '', '', '', '2026-02-10 08:51:25', '2026-02-10 08:51:27', 0),
('76ea0d15-2c78-4631-aa06-48c81f43f052', '7ee53722-6b35-475c-aae7-793638289896', '127.0.0.1', '', '', '', '', 'Chrome', '140.0', 'Linux', 'desktop', 1280, 720, 'en-US', '', '', '', '', '', '2026-02-06 02:56:47', '2026-02-06 02:56:47', 1),
('78ff4f6e-6871-4d38-af55-c32e5a941563', 'e56ed8fd-b4a9-42ad-9bff-f6f0aeaec664', '66.249.82.100', 'Taiwan', 'Chang-hua', 'Taiwan', 'TW', 'Chrome', '144.0', 'Android', 'mobile', 412, 823, 'en-US', '', '', '', '', '', '2026-02-22 17:10:43', '2026-02-22 17:10:43', 1),
('79a3af34-6dd6-443b-b18b-21a05a0a74c7', '4761f9f4-6aef-4653-a708-e8de38c8206f', '116.179.37.205', 'China', 'Jinrongjie', 'Beijing', 'CN', 'Unknown', '', 'Unknown', 'desktop', 1600, 1600, 'zh-CN', '', '', '', '', '', '2026-02-18 04:56:52', '2026-02-18 04:56:52', 1),
('7abb6062-14bf-416c-bd11-dcbf17eb7992', '47826634-6dc3-453e-ad06-3dbfb28481c1', '127.0.0.1', '', '', '', '', 'Chrome', '140.0', 'Linux', 'desktop', 1280, 720, 'en-US', '', '', '', '', '', '2026-02-09 15:45:09', '2026-02-09 15:45:11', 1),
('7ae52c99-e1dd-4d74-90d5-16f45e2d04ff', '68b486bd-5c33-4328-b36e-2d0be0ec4655', '103.135.61.99', 'India', 'Mumbai', 'Maharashtra', 'IN', 'Chrome', '145.0', 'Linux', 'desktop', 2560, 1440, 'en-US', '', '', '', '', '', '2026-02-17 13:56:05', '2026-02-17 14:49:13', 0),
('7b6db11c-eca8-48d4-97d9-ddd8ec9207d3', '0f860f08-7af3-49b0-aa95-1c2b1fafbaa1', '2405:201:d040:d144:111:e86d:e178:872c', 'India', 'Bengaluru', 'Karnataka', 'IN', 'Chrome', '145.0', 'Windows 10', 'desktop', 2560, 1080, 'en-US', 'https://www.google.com/', 'www.google.com', '', '', '', '2026-02-21 18:30:38', '2026-02-24 19:24:06', 0),
('7bbda712-6cb1-459c-8852-0279f46e3501', '7f372b04-34ca-4955-874a-b7ad99f60333', '127.0.0.1', '', '', '', '', 'Chrome', '140.0', 'Linux', 'desktop', 1280, 720, 'en-US', '', '', '', '', '', '2026-02-09 01:50:43', '2026-02-09 01:50:45', 1),
('7ecbf06d-f622-4c9e-b2c8-03919aa491d8', '68b486bd-5c33-4328-b36e-2d0be0ec4655', '103.135.61.99', 'India', 'Mumbai', 'Maharashtra', 'IN', 'Chrome', '145.0', 'Linux', 'desktop', 2560, 1440, 'en-US', '', '', '', '', '', '2026-02-22 14:10:29', '2026-02-22 14:10:33', 0),
('7fbe9f34-069c-470e-9ef6-7054329ca48d', '54fa34e1-0716-459b-abfb-98637940e94c', '54.147.169.217', 'United States', 'Ashburn', 'Virginia', 'US', 'Chrome', '144.0', 'Android', 'mobile', 412, 823, 'en-US', '', '', '', '', '', '2026-02-19 05:12:02', '2026-02-19 05:12:02', 1),
('80966c48-2a69-4f23-843d-2000b595b022', 'b9b9a5d4-8b94-42b8-af8b-423c02a6b622', '127.0.0.1', '', '', '', '', 'Chrome', '140.0', 'Linux', 'desktop', 1280, 720, 'en-US', '', '', '', '', '', '2026-02-10 14:29:46', '2026-02-10 14:29:47', 0),
('81a9334d-69a0-4f32-9479-e871d584b179', 'bf5a4a1b-66c4-48c1-86d9-3df903a9c746', '127.0.0.1', '', '', '', '', 'Chrome', '140.0', 'Linux', 'desktop', 1280, 720, 'en-US', '', '', '', '', '', '2026-02-10 09:55:37', '2026-02-10 09:55:37', 0),
('825130be-f7e1-4363-b306-23500f7a4a46', '83d44595-85ea-48f4-8ae4-63a02fda6444', '127.0.0.1', '', '', '', '', 'Chrome', '140.0', 'Linux', 'desktop', 1280, 720, 'en-US', '', '', '', '', '', '2026-02-11 18:27:56', '2026-02-11 18:27:58', 0),
('826e19be-838b-49d6-87a9-73e4ec8ca070', '68b486bd-5c33-4328-b36e-2d0be0ec4655', '103.135.61.99', 'India', 'Mumbai', 'Maharashtra', 'IN', 'Chrome', '145.0', 'Linux', 'desktop', 2560, 1440, 'en-US', '', '', '', '', '', '2026-02-17 12:57:34', '2026-02-17 12:58:12', 1),
('82bb8029-39a2-411d-98a8-82fa5b7102fb', 'e1145296-e991-4378-8901-a99a130e8753', '171.76.217.206', 'India', 'Bengaluru', 'Karnataka', 'IN', 'Safari', '', 'macOS', 'mobile', 440, 956, 'en-GB', 'https://www.google.com/', 'www.google.com', '', '', '', '2026-02-23 05:17:44', '2026-02-23 05:17:44', 0),
('84fa2362-05f3-4b47-a044-d561a9933a9b', '7f372b04-34ca-4955-874a-b7ad99f60333', '127.0.0.1', '', '', '', '', 'Chrome', '140.0', 'Linux', 'desktop', 1280, 720, 'en-US', '', '', '', '', '', '2026-02-09 01:58:04', '2026-02-09 01:58:06', 0),
('86fd60e4-5085-4329-81a2-894fd5f36204', '0f860f08-7af3-49b0-aa95-1c2b1fafbaa1', '2405:201:d040:d144:74a9:27a5:5e2a:e4fa', 'India', 'Bengaluru', 'Karnataka', 'IN', 'Chrome', '145.0', 'Windows 10', 'desktop', 2560, 1080, 'en-US', '', '', '', '', '', '2026-02-24 19:42:05', '2026-02-25 17:20:46', 0),
('8797cd17-c7ed-4ec1-8395-710830182c0a', 'd0f2af60-7fa3-402b-acdc-454e8c855fa0', '127.0.0.1', '', '', '', '', 'Chrome', '140.0', 'Linux', 'desktop', 1280, 720, 'en-US', '', '', '', '', '', '2026-02-08 16:39:37', '2026-02-08 16:39:37', 1),
('89ee82d8-6cc9-4784-8e3c-fd7f27778d51', '22013f0b-fa25-49af-a639-d58834caa834', '94.74.127.150', 'Hong Kong', 'Hong Kong', 'Central and Western District', 'HK', 'Firefox', '142.0', 'Linux', 'desktop', 800, 1200, 'zh-CN', '', '', '', '', '', '2026-02-15 18:12:20', '2026-02-15 18:12:20', 1),
('8b504263-a751-4045-be19-1c41dd1f3dbc', '7f372b04-34ca-4955-874a-b7ad99f60333', '127.0.0.1', '', '', '', '', 'Chrome', '140.0', 'Linux', 'desktop', 1280, 720, 'en-US', '', '', '', '', '', '2026-02-09 02:03:28', '2026-02-09 02:03:30', 0),
('8b702425-ac57-4407-a382-966f1ff54e96', '8e458560-7d1a-4cf8-b4df-7676e44ec64e', '40.77.179.85', 'United States', 'Quincy', 'Washington', 'US', 'Chrome', '136.0', 'Unknown', 'desktop', 800, 600, 'en-US', '', '', '', '', '', '2026-02-17 18:48:23', '2026-02-17 18:48:23', 1),
('8d302d87-bfb7-4fae-91bb-5d0a92b9040b', 'd6ddc11a-d11a-4c80-87fe-42aa1680ef82', '103.196.9.103', 'United States', 'New York', 'New York', 'US', 'Safari', '', 'macOS', 'mobile', 390, 844, 'en-US', '', '', '', '', '', '2026-02-14 15:52:13', '2026-02-14 15:52:20', 1),
('8dc5ed8d-d5cb-4368-bb8f-cd5c513dea70', '7f372b04-34ca-4955-874a-b7ad99f60333', '127.0.0.1', '', '', '', '', 'Chrome', '140.0', 'Linux', 'desktop', 1280, 720, 'en-US', '', '', '', '', '', '2026-02-09 01:52:32', '2026-02-09 01:52:35', 0),
('8dfa8bd3-8a5d-4d78-b7f9-41f87612e624', '0f860f08-7af3-49b0-aa95-1c2b1fafbaa1', '2405:201:d040:d144:6993:88c5:2715:1975', 'India', 'Bengaluru', 'Karnataka', 'IN', 'Chrome', '145.0', 'Windows 10', 'desktop', 2560, 1080, 'en-US', 'https://www.google.com/', 'www.google.com', '', '', '', '2026-02-24 13:01:11', '2026-02-24 13:01:19', 0),
('956bd40d-4d1d-4d90-b12d-f7173c24b494', '114e95f2-7c3c-4814-8c56-08b8aa37e8ab', '94.74.107.54', 'Hong Kong', 'Hong Kong', 'Central and Western District', 'HK', 'Firefox', '142.0', 'Linux', 'desktop', 800, 1200, 'zh-CN', '', '', '', '', '', '2026-02-23 11:37:00', '2026-02-23 11:37:00', 1),
('962b4e30-6356-48b7-80fe-9d452b346e11', '510445e4-4147-4494-8762-761dfeea9c92', '127.0.0.1', '', '', '', '', 'Chrome', '140.0', 'Linux', 'desktop', 1280, 720, 'en-US', '', '', '', '', '', '2026-02-09 18:05:05', '2026-02-09 18:05:07', 1),
('966ed6e2-b068-41ad-81a2-97c8451fd1dd', 'e1145296-e991-4378-8901-a99a130e8753', '49.37.250.131', 'India', 'Bengaluru', 'Karnataka', 'IN', 'Safari', '', 'macOS', 'mobile', 440, 956, 'en-GB', 'https://www.google.com/', 'www.google.com', '', '', '', '2026-02-21 14:59:17', '2026-02-21 14:59:57', 0),
('967453d5-14ce-42b9-8e28-132346b9ce90', '837b371b-9953-4e28-8f21-5d98f111646e', '94.74.120.180', 'Hong Kong', 'Hong Kong', 'Central and Western District', 'HK', 'Firefox', '142.0', 'Linux', 'desktop', 800, 1200, 'zh-CN', '', '', '', '', '', '2026-02-22 16:24:44', '2026-02-22 16:24:44', 1),
('97a53251-2677-46be-8911-46be8d2443c6', 'b9b9a5d4-8b94-42b8-af8b-423c02a6b622', '127.0.0.1', '', '', '', '', 'Chrome', '140.0', 'Linux', 'desktop', 1280, 720, 'en-US', '', '', '', '', '', '2026-02-10 14:26:11', '2026-02-10 14:26:13', 1),
('984cd6d8-a2a2-4d8a-a86a-d8c68ae91c23', '85a3573b-01b3-489e-8671-e528ed286f86', '127.0.0.1', '', '', '', '', 'Chrome', '140.0', 'Linux', 'desktop', 1280, 720, 'en-US', '', '', '', '', '', '2026-02-09 17:56:06', '2026-02-09 17:56:08', 0),
('994df74a-55db-45da-816c-aea40d61d42d', '2878b977-0920-412c-98c8-1a8d7303f98f', '127.0.0.1', '', '', '', '', 'Chrome', '140.0', 'Linux', 'desktop', 1280, 720, 'en-US', '', '', '', '', '', '2026-02-05 21:06:01', '2026-02-05 21:06:03', 0),
('99c52c5f-22a2-41c8-9f13-07539d07ee88', 'bf5a4a1b-66c4-48c1-86d9-3df903a9c746', '127.0.0.1', '', '', '', '', 'Chrome', '140.0', 'Linux', 'desktop', 1280, 720, 'en-US', '', '', '', '', '', '2026-02-10 09:55:29', '2026-02-10 09:55:31', 0),
('9b00d865-5f71-496e-97c0-a34d49b26302', '198617b8-505a-4291-b660-fb6f57cd3631', '149.57.180.190', 'United States', 'New York', 'New York', 'US', 'Chrome', '119.0', 'Linux', 'desktop', 1600, 1200, 'en-US@posix', '', '', '', '', '', '2026-02-19 15:53:01', '2026-02-19 15:53:04', 1),
('9ce997fd-612c-4e51-8502-6433eb77719e', '7ae98b92-f2cc-4507-9d4d-68a3bfdf479d', '127.0.0.1', '', '', '', '', 'Chrome', '140.0', 'Linux', 'desktop', 1280, 720, 'en-US', '', '', '', '', '', '2026-02-11 18:10:10', '2026-02-11 18:10:11', 1),
('9d99ec46-9f5e-40f6-a4b4-8d1561ee13e0', 'efa8fc50-90b1-4fc8-a5f1-ec092c42c2a9', '2405:201:d040:d144:2426:8adf:c5cb:c433', 'India', 'Bengaluru', 'Karnataka', 'IN', 'Safari', '26.2', 'macOS', 'desktop', 440, 956, 'en-GB', '', '', '', '', '', '2026-02-16 01:09:48', '2026-02-16 01:09:59', 1),
('9e7fc91c-e57d-4ee4-ad07-261ef7c7bbef', 'e6c98f66-acab-48da-b4ea-12e04b99c481', '127.0.0.1', '', '', '', '', 'Chrome', '140.0', 'Linux', 'desktop', 1280, 720, 'en-US', '', '', '', '', '', '2026-02-09 02:12:16', '2026-02-09 02:12:18', 0),
('9f0f9f34-4409-4211-89f2-edc73c95eb20', '7d507488-5328-4e07-bc0c-bb64865d9e95', '127.0.0.1', '', '', '', '', 'Chrome', '140.0', 'Linux', 'desktop', 1280, 720, 'en-US', '', '', '', '', '', '2026-02-09 01:37:10', '2026-02-09 01:37:12', 0),
('a0b29e7c-4cfa-4e7c-a769-8ab600c42949', '68b486bd-5c33-4328-b36e-2d0be0ec4655', '103.135.61.99', 'India', 'Mumbai', 'Maharashtra', 'IN', 'Chrome', '145.0', 'Linux', 'desktop', 2560, 1440, 'en-US', '', '', '', '', '', '2026-02-17 14:11:19', '2026-02-17 14:47:05', 0),
('a120d7dd-5b8c-4b6c-bc5d-32265eb50aa5', '7f372b04-34ca-4955-874a-b7ad99f60333', '127.0.0.1', '', '', '', '', 'Chrome', '140.0', 'Linux', 'desktop', 1280, 720, 'en-US', '', '', '', '', '', '2026-02-09 01:55:39', '2026-02-09 01:55:42', 0),
('a133f076-00f3-4900-8f1c-3e089f7169dc', '7978e592-6730-4a86-8540-31b7a6e3d8f9', '2001:bc8:50c0:316:da5e:d3ff:fe43:fb96', 'Netherlands', 'Amsterdam', 'North Holland', 'NL', 'Chrome', '134.0', 'Linux', 'desktop', 800, 600, 'en-US', '', '', '', '', '', '2026-02-25 11:57:11', '2026-02-25 11:57:11', 1),
('a144b9a3-b30d-4544-adac-7850db8831e7', '2878b977-0920-412c-98c8-1a8d7303f98f', '127.0.0.1', '', '', '', '', 'Chrome', '140.0', 'Linux', 'desktop', 1280, 720, 'en-US', '', '', '', '', '', '2026-02-05 21:04:57', '2026-02-05 21:04:59', 0),
('a17f0973-5a6d-4848-9bed-b342af10d7d4', 'dd04344a-c981-42ca-b9cf-a51d688a5ce5', '97.88.190.206', 'United States', 'Cape Girardeau', 'Missouri', 'US', 'Chrome', '145.0', 'macOS', 'desktop', 800, 600, 'en-US', '', '', '', '', '', '2026-02-24 21:03:37', '2026-02-24 21:03:37', 1),
('a6421420-7c45-4b6b-8f28-980449958304', 'baa44dee-65f0-4a37-af2b-2d3990c33c77', '49.37.250.131', 'India', 'Bengaluru', 'Karnataka', 'IN', '', '', '', 'desktop', 0, 0, '', '', '', '', '', '', '2026-02-15 05:17:43', '2026-02-15 05:17:43', 1),
('a6e27064-3bbd-4f85-b710-d9b50ae57ebe', '1b2a6b02-f80d-4cfd-a72c-32fa212d6b45', '35.90.207.33', 'United States', 'Portland', 'Oregon', 'US', 'Chrome', '145.0', 'Windows 10', 'desktop', 800, 600, 'en-US', '', '', '', '', '', '2026-02-14 11:05:17', '2026-02-14 11:05:17', 1),
('a9a63c4e-d33a-4a5a-b032-70860ae38c7e', 'bf5a4a1b-66c4-48c1-86d9-3df903a9c746', '127.0.0.1', '', '', '', '', 'Chrome', '140.0', 'Linux', 'desktop', 1280, 720, 'en-US', '', '', '', '', '', '2026-02-10 09:55:00', '2026-02-10 09:55:00', 1),
('aad26fb7-7729-4d3a-920e-e237066cddec', 'e1145296-e991-4378-8901-a99a130e8753', '2405:201:d040:d144:edb7:dd38:b316:4829', 'India', 'Bengaluru', 'Karnataka', 'IN', 'Safari', '', 'macOS', 'mobile', 440, 956, 'en-GB', 'https://www.google.com/', 'www.google.com', '', '', '', '2026-02-20 05:34:51', '2026-02-20 06:03:16', 0),
('ab24e62f-1786-4e75-9833-c7a19a7baccc', '4b3cbcac-82f2-428f-a16b-dcf3fd25aa64', '2001:bc8:701:51:da5e:d3ff:fe44:a4', 'France', 'Paris', 'Île-de-France', 'FR', 'Chrome', '134.0', 'Linux', 'desktop', 800, 600, 'en-US', '', '', '', '', '', '2026-02-16 11:23:49', '2026-02-16 11:23:49', 1),
('af95d315-6142-4e6a-a5b6-a9877832f2e8', '67bd8ed1-9d4a-44d4-8542-34eab22ee974', '2001:bc8:1da0:1f:da5e:d3ff:fe6f:cfc3', 'Poland', 'Warsaw', 'Mazovia', 'PL', 'Chrome', '134.0', 'Linux', 'desktop', 800, 600, 'en-US', '', '', '', '', '', '2026-02-20 11:04:59', '2026-02-20 11:04:59', 1),
('afd826ba-4c5c-4566-a2e9-18de5208a477', '241e89e7-e487-4c13-938a-f09cc8b21357', '2603:6080:aaf0:a5b0:7e97:e1b3:5b1c:c39a', 'United States', 'Henderson', 'North Carolina', 'US', 'Chrome', '103.0', 'Windows 10', 'desktop', 800, 600, 'en-US', '', '', '', '', '', '2026-02-21 09:47:19', '2026-02-21 09:47:19', 1),
('b03db21b-c26f-47b3-a0cd-ba75c73fdad8', '83d44595-85ea-48f4-8ae4-63a02fda6444', '127.0.0.1', '', '', '', '', 'Chrome', '140.0', 'Linux', 'desktop', 1280, 720, 'en-US', '', '', '', '', '', '2026-02-11 18:27:03', '2026-02-11 18:27:05', 1),
('b16956c1-1279-49a0-b043-b491f2697f13', '02154d3a-e1ec-4ef5-b85d-567aa96a0363', '35.237.37.232', 'United States', 'North Charleston', 'South Carolina', 'US', 'Chrome', '137.0', 'Android', 'mobile', 412, 660, 'en-US', '', '', '', '', '', '2026-02-22 16:48:07', '2026-02-22 16:48:27', 1),
('b188f353-6b92-44a3-9764-bf524796a2f7', 'baa44dee-65f0-4a37-af2b-2d3990c33c77', '2405:201:d040:d144:85d6:9ab9:5b55:7a2f', 'India', 'Bengaluru', 'Karnataka', 'IN', 'Safari', '26.2', 'macOS', 'desktop', 440, 956, 'en-GB', '', '', '', '', '', '2026-02-15 09:30:16', '2026-02-15 09:30:16', 0),
('b22c0101-e3c0-4e3c-9890-b1d3b944ce1e', '68b486bd-5c33-4328-b36e-2d0be0ec4655', '103.135.61.99', 'India', 'Mumbai', 'Maharashtra', 'IN', 'Chrome', '145.0', 'Linux', 'desktop', 2560, 1440, 'en-US', 'https://www.biogreenwax.com/admin', '', '', '', '', '2026-02-18 03:02:31', '2026-02-18 03:16:47', 0),
('b481bb91-8a3b-48f1-b833-1d6e7044f04d', '85a3573b-01b3-489e-8671-e528ed286f86', '127.0.0.1', '', '', '', '', 'Chrome', '140.0', 'Linux', 'desktop', 1280, 720, 'en-US', '', '', '', '', '', '2026-02-09 17:55:50', '2026-02-09 17:55:52', 1),
('b6b2f61b-dc2f-4c6b-b38d-5a7916ec370b', '7f372b04-34ca-4955-874a-b7ad99f60333', '127.0.0.1', '', '', '', '', 'Chrome', '140.0', 'Linux', 'desktop', 1280, 720, 'en-US', '', '', '', '', '', '2026-02-09 01:51:11', '2026-02-09 01:51:13', 0),
('b88283ae-97aa-4529-b4bd-156d9634f7b5', '590988df-91d4-43fd-a41f-b7ae36f3fc64', '2405:201:d040:d144:74a9:27a5:5e2a:e4fa', 'India', 'Bengaluru', 'Karnataka', 'IN', 'Chrome', '145.0', 'Windows 10', 'desktop', 2560, 1080, 'en-GB', '', '', '', '', '', '2026-02-24 20:03:25', '2026-02-24 21:33:13', 0),
('b8c94f8e-a4d0-4980-86cd-0c773bef8a66', 'baa44dee-65f0-4a37-af2b-2d3990c33c77', '106.216.224.232', 'India', 'Bengaluru', 'Karnataka', 'IN', 'Safari', '26.2', 'macOS', 'desktop', 440, 956, 'en-GB', '', '', '', '', '', '2026-02-15 06:47:57', '2026-02-15 09:02:35', 0),
('b935ffca-a8a9-4feb-8e2c-9d6ecefde4a3', '83d44595-85ea-48f4-8ae4-63a02fda6444', '127.0.0.1', '', '', '', '', 'Chrome', '140.0', 'Linux', 'desktop', 1280, 720, 'en-US', '', '', '', '', '', '2026-02-11 18:29:17', '2026-02-11 18:29:19', 0),
('b9ac0f03-8e0c-4287-9cbe-ac8e6e1462c2', 'e1145296-e991-4378-8901-a99a130e8753', '2405:201:d040:d144:2426:8adf:c5cb:c433', 'India', 'Bengaluru', 'Karnataka', 'IN', 'Safari', '', 'macOS', 'mobile', 440, 956, 'en-GB', 'https://www.google.com/', 'www.google.com', '', '', '', '2026-02-16 12:38:34', '2026-02-16 12:38:34', 0),
('bad6e087-056a-4421-9a18-b1ae38201b8c', '4d7edb99-a5b6-44c0-840e-e620a9a8838d', '104.252.110.54', 'United States', 'Santa Clara', 'California', 'US', 'Safari', '', 'macOS', 'mobile', 390, 844, 'en-US', '', '', '', '', '', '2026-02-14 15:51:59', '2026-02-14 15:52:05', 1),
('bbae5132-1ccb-474c-9c1c-c04e174cb992', 'e9b6435f-17dd-4e76-aef1-ca25840a5443', '127.0.0.1', '', '', '', '', 'Chrome', '140.0', 'Linux', 'desktop', 1280, 720, 'en-US', '', '', '', '', '', '2026-02-11 03:47:36', '2026-02-11 03:47:38', 1),
('bbe26bb0-579d-4c89-905f-293fc4020abf', 'e1145296-e991-4378-8901-a99a130e8753', '2405:201:d040:d144:4871:15d1:f32c:c055', 'India', 'Bengaluru', 'Karnataka', 'IN', '', '', '', 'desktop', 0, 0, '', '', '', '', '', '', '2026-02-22 14:10:50', '2026-02-22 14:10:50', 1),
('bc1d930c-4005-41de-babb-ad77d203e4f1', '0f860f08-7af3-49b0-aa95-1c2b1fafbaa1', '2405:201:d040:d144:7456:e84:b31d:4af6', 'India', 'Bengaluru', 'Karnataka', 'IN', 'Chrome', '144.0', 'Windows 10', 'desktop', 2560, 1080, 'en-US', '', '', '', '', '', '2026-02-15 19:29:39', '2026-02-16 13:02:57', 0),
('bcb2d53b-6b15-46f1-a6f1-00ecd79266dd', '6cd59921-caed-4dc9-93a6-2ccf14713237', '2405:201:d040:d144:5992:19b6:2d88:21de', 'India', 'Bengaluru', 'Karnataka', 'IN', 'Chrome', '144.0', 'Windows 10', 'desktop', 2560, 1080, 'en-US', '', '', '', '', '', '2026-02-14 16:15:02', '2026-02-14 16:59:15', 0),
('bcc9a82d-c239-4fb2-a9a8-a5fd3e5af896', '0f860f08-7af3-49b0-aa95-1c2b1fafbaa1', '2405:201:d040:d144:7456:e84:b31d:4af6', 'India', 'Bengaluru', 'Karnataka', 'IN', 'Chrome', '144.0', 'Windows 10', 'desktop', 2560, 1080, 'en-US', 'https://www.google.com/', 'www.google.com', '', '', '', '2026-02-15 18:16:45', '2026-02-15 23:46:01', 0),
('bdc338a8-a45f-47db-a86f-e7f1cbbc9895', '5e054c66-da60-4983-a934-d64f752832ac', '2001:bc8:1201:731:da5e:d3ff:feea:fded', 'France', 'Paris', 'Île-de-France', 'FR', 'Chrome', '134.0', 'Linux', 'desktop', 800, 600, 'en-US', '', '', '', '', '', '2026-02-21 11:03:27', '2026-02-21 11:03:27', 1),
('bdd04013-8d11-4440-b566-1bd866626081', '69b69a6a-0d12-46ce-b485-969d4b135bd2', '66.249.82.100', 'Taiwan', 'Chang-hua', 'Taiwan', 'TW', 'Chrome', '144.0', 'macOS', 'desktop', 800, 600, 'en-US', '', '', '', '', '', '2026-02-22 17:10:43', '2026-02-22 17:10:43', 1),
('bde4b4b9-23bb-430c-bd68-4496d80ef837', '6dac07a3-8d51-499e-a578-c2b124b8c15c', '205.169.39.167', 'United States', 'Santa Clara', 'California', 'US', 'Chrome', '79.0', 'Windows 10', 'desktop', 1024, 1024, 'en-US', '', '', '', '', '', '2026-02-28 16:22:50', '2026-02-28 16:22:50', 1),
('be77428f-75be-4162-8fac-9034e0133c83', '7f372b04-34ca-4955-874a-b7ad99f60333', '127.0.0.1', '', '', '', '', 'Chrome', '140.0', 'Linux', 'desktop', 1280, 720, 'en-US', '', '', '', '', '', '2026-02-09 02:02:33', '2026-02-09 02:02:35', 0),
('bf79c3be-21a5-4cd2-9dc5-e7d3c7b0ef00', 'a74a4960-ccf9-4521-87a7-be1d094836fd', '5.183.91.121', 'Turkey', 'Balıkesir', 'Balıkesir', 'TR', 'Chrome', '142.0', 'Linux', 'desktop', 1920, 1080, 'en-US', 'https://www.google.com/', 'www.google.com', '', '', '', '2026-02-22 04:58:39', '2026-02-22 04:58:39', 1),
('bfbb09cd-8642-432d-9f60-cde91f4eebc4', '0f860f08-7af3-49b0-aa95-1c2b1fafbaa1', '2405:201:d040:d144:a068:2695:40bc:41cd', 'India', 'Bengaluru', 'Karnataka', 'IN', 'Chrome', '144.0', 'Windows 10', 'desktop', 2560, 1080, 'en-US', 'https://www.google.com/', 'www.google.com', '', '', '', '2026-02-17 06:56:41', '2026-02-21 15:25:08', 0),
('c1410d21-9746-472b-be52-f2c1a4dff287', 'df52e65d-226a-4d1c-8c6d-f483db2a11fd', '104.252.110.2', 'United States', 'Santa Clara', 'California', 'US', 'Safari', '', 'macOS', 'mobile', 390, 844, 'en-US', '', '', '', '', '', '2026-02-14 15:50:46', '2026-02-14 15:50:52', 1),
('c254b2a4-2409-48af-8695-1c9a00dfc8de', '68b486bd-5c33-4328-b36e-2d0be0ec4655', '103.135.61.99', 'India', 'Mumbai', 'Maharashtra', 'IN', 'Chrome', '145.0', 'Linux', 'desktop', 2560, 1440, 'en-US', '', '', '', '', '', '2026-02-17 13:56:20', '2026-02-17 13:56:25', 0),
('c36f72bb-0c67-4588-a244-f322c09aa93c', '164ab4ea-3c85-48af-b7fa-0b1ee079b36d', '127.0.0.1', '', '', '', '', 'Chrome', '140.0', 'Linux', 'desktop', 1280, 720, 'en-US', '', '', '', '', '', '2026-02-09 02:50:52', '2026-02-09 02:50:54', 1),
('c493f5b1-ec42-4f7c-bd46-6d327a202da3', '2878b977-0920-412c-98c8-1a8d7303f98f', '127.0.0.1', '', '', '', '', 'Chrome', '140.0', 'Linux', 'desktop', 1280, 720, 'en-US', '', '', '', '', '', '2026-02-05 21:07:28', '2026-02-05 21:07:29', 0),
('c5b78193-2222-48cd-857e-c12fbfc0af42', '68b486bd-5c33-4328-b36e-2d0be0ec4655', '103.135.61.99', 'India', 'Mumbai', 'Maharashtra', 'IN', 'Chrome', '145.0', 'Linux', 'desktop', 2560, 1440, 'en-US', '', '', '', '', '', '2026-02-22 14:29:03', '2026-02-22 14:29:07', 0),
('c7d79687-0293-44cd-a467-e7955be6b1d5', '590988df-91d4-43fd-a41f-b7ae36f3fc64', '2405:201:d040:d144:552c:62d6:cb12:ca9b', 'India', 'Bengaluru', 'Karnataka', 'IN', 'Chrome', '144.0', 'Windows 10', 'desktop', 2560, 1080, 'en-GB', '', '', '', '', '', '2026-02-18 05:26:30', '2026-02-21 15:25:46', 1),
('ca3d0646-552b-4187-bd34-c57ba13e4a11', '8e6bbef5-db7c-42fd-8676-d41048186954', '205.169.39.111', 'United States', 'Santa Clara', 'California', 'US', 'Chrome', '79.0', 'Windows 10', 'desktop', 1024, 1024, 'en-US', '', '', '', '', '', '2026-02-20 14:09:30', '2026-02-20 14:09:30', 1),
('ca717378-c641-43fe-9daa-7c47b70a488a', '0f860f08-7af3-49b0-aa95-1c2b1fafbaa1', '2405:201:d040:d144:5992:19b6:2d88:21de', 'India', 'Bengaluru', 'Karnataka', 'IN', 'Chrome', '144.0', 'Windows 10', 'desktop', 2560, 1080, 'en-US', '', '', '', '', '', '2026-02-15 08:03:39', '2026-02-15 08:05:35', 1),
('cbca5b02-92b7-43f9-a7dd-5341eb032ab4', '7655ec4a-9df9-49bc-8721-2a0d5147e4e4', '147.182.255.73', 'United States', 'Santa Clara', 'California', 'US', 'Chrome', '145.0', 'Linux', 'desktop', 800, 600, 'en-US', '', '', '', '', '', '2026-02-21 15:44:46', '2026-02-21 15:44:46', 1),
('cda96c46-8c89-4319-afcc-ca492f1a9451', 'ba0f307d-1dff-4cff-a5b7-44502d95e618', '2405:201:d040:d144:5992:19b6:2d88:21de', 'India', 'Bengaluru', 'Karnataka', 'IN', 'Chrome', '144.0', 'Windows 10', 'desktop', 2560, 1080, 'en-US', '', '', '', '', '', '2026-02-15 05:57:11', '2026-02-16 10:06:02', 1),
('d3664ef7-7f7e-4260-9c9a-1590aefc2e75', '5e7573db-5301-4125-9bf3-6f6c9bb7e159', '127.0.0.1', '', '', '', '', 'Chrome', '140.0', 'Linux', 'desktop', 1280, 720, 'en-US', '', '', '', '', '', '2026-02-09 04:41:05', '2026-02-09 04:41:06', 0),
('d3c5b168-9f92-48f9-81bd-e9586f6f760d', '07ca949a-0412-42e6-8828-3fde63dba5d5', '127.0.0.1', '', '', '', '', 'Chrome', '140.0', 'Linux', 'desktop', 1280, 720, 'en-US', '', '', '', '', '', '2026-02-10 10:07:16', '2026-02-10 10:07:18', 0),
('d3d0d140-5e82-480c-b3f6-509314072e7b', '85a3573b-01b3-489e-8671-e528ed286f86', '127.0.0.1', '', '', '', '', 'Chrome', '140.0', 'Linux', 'desktop', 1280, 720, 'en-US', '', '', '', '', '', '2026-02-09 17:56:03', '2026-02-09 17:56:03', 0),
('d8bbb413-00bf-439a-abdd-d7cc33c105e1', '6cd59921-caed-4dc9-93a6-2ccf14713237', '2405:201:d040:d144:5992:19b6:2d88:21de', 'India', 'Bengaluru', 'Karnataka', 'IN', 'Chrome', '144.0', 'Windows 10', 'desktop', 2560, 1080, 'en-US', 'https://www.google.com/', 'www.google.com', '', '', '', '2026-02-14 16:06:36', '2026-02-14 16:06:42', 1),
('d933cb9e-2e16-42ba-b46f-f55fbda39e53', '5e7573db-5301-4125-9bf3-6f6c9bb7e159', '127.0.0.1', '', '', '', '', 'Chrome', '140.0', 'Linux', 'desktop', 1280, 720, 'en-US', '', '', '', '', '', '2026-02-09 04:40:41', '2026-02-09 04:40:43', 1),
('dc445a83-607d-4092-8d76-2844f2de4a27', 'b9b9a5d4-8b94-42b8-af8b-423c02a6b622', '127.0.0.1', '', '', '', '', 'Chrome', '140.0', 'Linux', 'desktop', 1280, 720, 'en-US', '', '', '', '', '', '2026-02-10 14:32:39', '2026-02-10 14:32:40', 0),
('dda434f2-1449-4853-b542-269cd7df60dc', 'bf5a4a1b-66c4-48c1-86d9-3df903a9c746', '127.0.0.1', '', '', '', '', 'Chrome', '140.0', 'Linux', 'desktop', 1280, 720, 'en-US', '', '', '', '', '', '2026-02-10 09:57:05', '2026-02-10 09:57:07', 0),
('de83f759-eba6-47e2-aa88-897dd353031e', '0f860f08-7af3-49b0-aa95-1c2b1fafbaa1', '2405:201:d040:d144:5992:19b6:2d88:21de', 'India', 'Bengaluru', 'Karnataka', 'IN', '', '', '', 'desktop', 0, 0, '', '', '', '', '', '', '2026-02-14 17:43:49', '2026-02-15 21:16:00', 1),
('df72f900-4716-4bcd-a9f7-fd42aa253cd6', '88d188fa-d50c-4a0d-a6a4-d439834b4905', '149.57.180.35', 'United States', 'New York', 'New York', 'US', 'Chrome', '119.0', 'Linux', 'desktop', 1600, 1200, 'en-US@posix', '', '', '', '', '', '2026-02-17 15:48:26', '2026-02-17 15:48:31', 1),
('dfbac7d3-5798-4e33-8313-31fd7fe74227', '47826634-6dc3-453e-ad06-3dbfb28481c1', '127.0.0.1', '', '', '', '', 'Chrome', '140.0', 'Linux', 'desktop', 1280, 720, 'en-US', '', '', '', '', '', '2026-02-09 15:45:52', '2026-02-09 15:45:54', 0),
('e0303e65-88d4-49b8-a90d-15f0b851964b', 'e1145296-e991-4378-8901-a99a130e8753', '49.37.250.131', 'India', 'Bengaluru', 'Karnataka', 'IN', 'Safari', '', 'macOS', 'mobile', 440, 956, 'en-GB', 'https://www.google.com/', 'www.google.com', '', '', '', '2026-02-22 02:17:41', '2026-02-22 02:17:41', 0),
('e0a775c3-83fe-471d-a59e-3225874d32f6', '8bd36340-e7a5-4ef5-8334-694b8deca5ac', '127.0.0.1', '', '', '', '', 'Chrome', '140.0', 'Linux', 'desktop', 1280, 720, 'en-US', '', '', '', '', '', '2026-02-10 08:51:18', '2026-02-10 08:51:19', 1),
('e0cb2e5f-cc53-4f28-8886-7c6ee3e3a3d8', '510445e4-4147-4494-8762-761dfeea9c92', '127.0.0.1', '', '', '', '', 'Chrome', '140.0', 'Linux', 'desktop', 1280, 720, 'en-US', '', '', '', '', '', '2026-02-09 18:07:25', '2026-02-09 18:07:27', 0),
('e342bf3e-e6f5-4dd8-b86c-f6da0ddcaa2a', '164ab4ea-3c85-48af-b7fa-0b1ee079b36d', '127.0.0.1', '', '', '', '', 'Chrome', '140.0', 'Linux', 'desktop', 1280, 720, 'en-US', '', '', '', '', '', '2026-02-09 02:53:38', '2026-02-09 02:53:40', 0),
('e344b4bb-8b79-4ac1-8fb9-94e2eb50387f', 'c4af480f-b62c-4976-a308-ba671b16220d', '103.135.61.99', 'India', 'Mumbai', 'Maharashtra', 'IN', 'Chrome', '144.0', 'Linux', 'desktop', 1920, 1080, 'en-US', '', '', '', '', '', '2026-02-15 06:47:18', '2026-02-15 06:47:57', 1),
('e6ecb404-28be-43ab-b989-10a87429bd8a', 'b321b3f9-c028-415a-8f79-961572075d6f', '44.228.80.90', 'United States', 'Portland', 'Oregon', 'US', 'Chrome', '120.0', 'Windows 10', 'desktop', 800, 600, 'en-US', '', '', '', '', '', '2026-02-24 19:12:22', '2026-02-24 19:12:22', 1),
('e8582a03-6485-41ef-b8d6-ffdbf3d4f6e5', '7a00438f-75ed-41ac-9d1a-3437964a77fd', '127.0.0.1', '', '', '', '', 'Chrome', '140.0', 'Linux', 'desktop', 1280, 720, 'en-US', '', '', '', '', '', '2026-02-11 17:27:23', '2026-02-11 17:27:25', 1),
('e8b9f036-f43c-4131-b908-c3d03c46fe90', '68b486bd-5c33-4328-b36e-2d0be0ec4655', '103.135.61.99', 'India', 'Mumbai', 'Maharashtra', 'IN', 'Chrome', '145.0', 'Linux', 'desktop', 2560, 1440, 'en-US', '', '', '', '', '', '2026-02-17 14:14:01', '2026-02-17 14:18:54', 0),
('e8cfc247-c22d-4ccf-894a-b2ce4e2616d9', 'e68664b3-8089-4ec1-b7e5-9a8f953bc4a2', '2405:201:d040:d144:5992:19b6:2d88:21de', 'India', 'Bengaluru', 'Karnataka', 'IN', 'Chrome', '144.0', 'Windows 10', 'desktop', 2560, 1080, 'en-GB', '', '', '', '', '', '2026-02-15 05:58:24', '2026-02-15 22:49:07', 1),
('e9b4a247-a675-4e31-8a6e-e18c60e76825', '47826634-6dc3-453e-ad06-3dbfb28481c1', '127.0.0.1', '', '', '', '', 'Chrome', '140.0', 'Linux', 'desktop', 1280, 720, 'en-US', '', '', '', '', '', '2026-02-09 15:45:45', '2026-02-09 15:45:47', 0),
('eb858c4a-021c-4d70-8228-8e9f67bf10d5', '0f860f08-7af3-49b0-aa95-1c2b1fafbaa1', '2405:201:d040:d144:552c:62d6:cb12:ca9b', 'India', 'Bengaluru', 'Karnataka', 'IN', '', '', '', 'desktop', 0, 0, '', '', '', '', '', '', '2026-02-17 13:54:48', '2026-02-21 15:25:08', 1);
INSERT INTO `visitor_sessions` (`id`, `visitor_id`, `ip_address`, `country`, `city`, `region`, `country_code`, `browser`, `browser_version`, `operating_system`, `device_type`, `screen_width`, `screen_height`, `language`, `referrer`, `referrer_domain`, `utm_source`, `utm_medium`, `utm_campaign`, `started_at`, `last_activity_at`, `is_new_visitor`) VALUES
('ebede98f-d47c-4f03-aca1-043a4e981808', 'e6c98f66-acab-48da-b4ea-12e04b99c481', '127.0.0.1', '', '', '', '', 'Chrome', '140.0', 'Linux', 'desktop', 1280, 720, 'en-US', '', '', '', '', '', '2026-02-09 02:27:09', '2026-02-09 02:27:10', 0),
('ec853b41-6551-4427-8812-c22be1317f1f', 'e3f7627a-4f1b-4bdf-9239-5ef35d636870', '103.135.61.99', 'India', 'Mumbai', 'Maharashtra', 'IN', 'Chrome', '145.0', 'Linux', 'desktop', 2560, 1440, 'en-US', '', '', '', '', '', '2026-02-17 14:11:31', '2026-02-17 14:26:29', 1),
('eeb23ce6-9a84-4a23-9545-d5c581376b34', 'b3feffd2-d1e0-4dbb-a330-d662e71926d7', '103.135.61.99', 'India', 'Mumbai', 'Maharashtra', 'IN', 'Chrome', '144.0', 'Linux', 'desktop', 2560, 1440, 'en-US', '', '', '', '', '', '2026-02-14 09:07:22', '2026-02-14 09:07:36', 0),
('eed2c2cc-7cbb-4f3f-bd94-dffc765b10fd', '23191f4c-6b70-4b9f-ba8a-659b1d3f31d3', '2405:201:d040:d144:5992:19b6:2d88:21de', 'India', 'Bengaluru', 'Karnataka', 'IN', 'Chrome', '144.0', 'Windows 10', 'desktop', 2560, 1080, 'en-GB', 'https://www.google.com/', 'www.google.com', '', '', '', '2026-02-14 16:05:11', '2026-02-14 16:05:20', 1),
('efe7bcaf-9715-4625-97b1-c9bd7098c355', '510445e4-4147-4494-8762-761dfeea9c92', '127.0.0.1', '', '', '', '', 'Chrome', '140.0', 'Linux', 'desktop', 1280, 720, 'en-US', '', '', '', '', '', '2026-02-09 18:07:32', '2026-02-09 18:07:34', 0),
('f1e07afc-ed84-4e72-a7e6-b45203f16916', '892fb8f5-12e4-427d-a88f-0bd9cb8db764', '44.228.80.90', 'United States', 'Portland', 'Oregon', 'US', 'Chrome', '120.0', 'Windows 10', 'desktop', 800, 600, 'en-US', '', '', '', '', '', '2026-02-22 04:57:05', '2026-02-22 04:57:05', 1),
('f41ea5c8-5a5c-4b1c-ad79-069ef9a0ac7a', 'baa44dee-65f0-4a37-af2b-2d3990c33c77', '49.37.250.131', 'India', 'Bengaluru', 'Karnataka', 'IN', 'Safari', '26.2', 'macOS', 'desktop', 440, 956, 'en-GB', '', '', '', '', '', '2026-02-15 05:17:43', '2026-02-15 05:18:01', 1),
('f57541b5-cc8e-4857-a763-90c6adafeeed', 'fec092de-a161-46a8-9c54-74ddc80ad2b5', '180.76.30.56', 'China', 'Beijing', 'Beijing', 'CN', 'Chrome', '49.0', 'Android', 'mobile', 900, 600, 'en-US', '', '', '', '', '', '2026-02-15 00:02:15', '2026-02-15 00:02:31', 1),
('f5ca7c4d-2c31-425a-8a1c-7fc1d41d9ed4', '3ef57d4c-039b-4a18-8013-708586dab390', '103.135.61.99', 'India', 'Mumbai', 'Maharashtra', 'IN', 'Chrome', '144.0', 'Linux', 'desktop', 2560, 1440, 'en-US', '', '', '', '', '', '2026-02-15 04:42:50', '2026-02-15 05:13:35', 1),
('f60379cd-7ea9-4fd7-8817-b098b423a1c5', 'e1145296-e991-4378-8901-a99a130e8753', '2405:201:d040:d144:9896:95e7:9fa3:8b7', 'India', 'Bengaluru', 'Karnataka', 'IN', 'Safari', '', 'macOS', 'mobile', 440, 956, 'en-GB', 'https://www.google.com/', 'www.google.com', '', '', '', '2026-02-14 14:52:39', '2026-02-14 14:57:20', 1),
('f81f19c5-3be9-498d-9dde-02b9746c87fc', 'bf5a4a1b-66c4-48c1-86d9-3df903a9c746', '127.0.0.1', '', '', '', '', 'Chrome', '140.0', 'Linux', 'desktop', 1280, 720, 'en-US', '', '', '', '', '', '2026-02-10 09:59:00', '2026-02-10 09:59:02', 0),
('fe2edf2b-af51-4c46-b4f5-c6ea6a12e112', 'f600f293-a841-4b19-be41-09c996e85d43', '23.27.145.119', 'United States', 'San Jose', 'California', 'US', 'Chrome', '119.0', 'macOS', 'desktop', 1600, 1200, 'en-US@posix', '', '', '', '', '', '2026-02-16 10:06:36', '2026-02-16 10:06:36', 1),
('fead1bd8-54c7-455c-ba18-904092bd2438', '4fe87be1-2bae-45f8-9474-9ad8cb1ea35d', '205.169.39.16', 'United States', 'Santa Clara', 'California', 'US', 'Chrome', '117.0', 'Windows 10', 'desktop', 800, 600, 'en-US', '', '', '', '', '', '2026-02-16 10:35:43', '2026-02-16 10:35:43', 1),
('ff0da7cc-a4d5-4086-9011-d4e4bc5f2a77', 'c448bf89-c735-4c3f-aefd-be02b56b69b5', '127.0.0.1', '', '', '', '', 'Chrome', '140.0', 'Linux', 'desktop', 1280, 720, 'en-US', '', '', '', '', '', '2026-02-09 03:57:21', '2026-02-09 03:57:23', 1),
('ffdfdc01-bf1a-42bd-becc-4ea6bdbd13c8', 'baa44dee-65f0-4a37-af2b-2d3990c33c77', '2405:201:d040:d144:85d6:9ab9:5b55:7a2f', 'India', 'Bengaluru', 'Karnataka', 'IN', 'Safari', '26.2', 'macOS', 'desktop', 440, 956, 'en-GB', '', '', '', '', '', '2026-02-15 09:02:03', '2026-02-15 09:02:35', 0);
COMMIT;

/*!40101 SET CHARACTER_SET_CLIENT=@OLD_CHARACTER_SET_CLIENT */;
/*!40101 SET CHARACTER_SET_RESULTS=@OLD_CHARACTER_SET_RESULTS */;
/*!40101 SET COLLATION_CONNECTION=@OLD_COLLATION_CONNECTION */;
